Order_ID,Order_Date,Customer_ID,Customer_Name,Product,Category,Quantity,Unit_Price,Sales,Cost,Profit,Region,State,City,Payment_Mode
ORD100001,2025-03-29,CUST1331,Pooja Deshmukh,Smartphone,Electronics,3,32000.0,96000.0,81000,15000.0,South,Tamil Nadu,Chennai,Cash on Delivery
ORD100002,2025-07-11,CUST1806,Rohan Reddy,Mouse,Accessories,1,1260.0,1260.0,700,560.0,West,Maharashtra,Nashik,Net Banking
ORD100003,2025-06-19,CUST1059,Karan Shah,Headphones,Accessories,2,3500.0,7000.0,4400,2600.0,South,Telangana,Hyderabad,Net Banking
ORD100004,2025-05-15,CUST1819,Ananya Joshi,External SSD,Storage,1,8925.0,8925.0,6200,2725.0,North,Punjab,Ludhiana,Cash on Delivery
ORD100005,2025-12-06,CUST1565,Neha Mehta,Printer,Office Equipment,4,12500.0,50000.0,39200,10800.0,West,Gujarat,Ahmedabad,Net Banking
ORD100006,2025-12-26,CUST1562,Karan Gupta,External SSD,Storage,3,8500.0,25500.0,18600,6900.0,West,Gujarat,Surat,Net Banking
ORD100007,2025-06-11,CUST1556,Nisha Mehta,Monitor,Electronics,2,17100.0,34200.0,27000,7200.0,North,Haryana,Gurugram,Credit Card
ORD100008,2025-02-22,CUST1338,Priya Nair,Mouse,Accessories,1,1200.0,1200.0,700,500.0,North,Uttar Pradesh,Noida,Credit Card
ORD100009,2025-11-23,CUST1857,Sneha Sharma,Printer,Office Equipment,1,12500.0,12500.0,9800,2700.0,West,Gujarat,Ahmedabad,UPI
ORD100010,2025-09-18,CUST1379,Ananya Sharma,Tablet,Electronics,1,24000.0,24000.0,19500,4500.0,North,Punjab,Ludhiana,Credit Card
ORD100011,2025-03-03,CUST1048,Aditya Sharma,Smartphone,Electronics,3,32000.0,96000.0,81000,15000.0,South,Kerala,Kochi,Cash on Delivery
ORD100012,2025-09-14,CUST1643,Vikram Reddy,Keyboard,Accessories,2,2200.0,4400.0,2800,1600.0,North,Punjab,Ludhiana,Cash on Delivery
ORD100013,2025-06-28,CUST1554,Vikram Mehta,Office Chair,Furniture,2,9500.0,19000.0,14000,5000.0,West,Goa,Panaji,UPI
ORD100014,2025-01-29,CUST1171,Sneha Iyer,Mouse,Accessories,4,1200.0,4800.0,2800,2000.0,North,Uttar Pradesh,Noida,Net Banking
ORD100015,2025-04-18,CUST1028,Ishaan Yadav,Smartphone,Electronics,3,32000.0,96000.0,81000,15000.0,West,Goa,Panaji,Net Banking
ORD100016,2025-10-10,CUST1225,Kavya Reddy,Mouse,Accessories,1,1200.0,1200.0,700,500.0,East,Bihar,Patna,UPI
ORD100017,2025-08-13,CUST1677,Neha Reddy,Mouse,Accessories,1,1200.0,1200.0,700,500.0,North,Punjab,Ludhiana,Debit Card
ORD100018,2025-11-14,CUST1113,Neha Gupta,Office Chair,Furniture,1,9500.0,9500.0,7000,2500.0,West,Maharashtra,Nashik,UPI
ORD100019,2025-01-02,CUST1113,Karan Shah,Office Chair,Furniture,2,9500.0,19000.0,14000,5000.0,East,Odisha,Bhubaneswar,Credit Card
ORD100020,2025-08-06,CUST1684,Aditya Joshi,External SSD,Storage,1,8500.0,8500.0,6200,2300.0,West,Gujarat,Surat,Net Banking
ORD100021,2025-07-17,CUST1610,Diya Gupta,Smartphone,Electronics,1,32000.0,32000.0,27000,5000.0,South,Tamil Nadu,Chennai,Debit Card
ORD100022,2025-12-12,CUST1955,Sahil Yadav,Laptop,Electronics,1,61750.0,61750.0,52000,9750.0,West,Maharashtra,Nashik,Debit Card
ORD100023,2025-05-09,CUST1872,Kavya Patil,Keyboard,Accessories,4,2200.0,8800.0,5600,3200.0,West,Gujarat,Ahmedabad,Debit Card
ORD100024,2025-05-24,CUST1764,Ananya Deshmukh,External SSD,Storage,4,8500.0,34000.0,24800,9200.0,South,Telangana,Hyderabad,Credit Card
ORD100025,2025-06-09,CUST1037,Rohan Joshi,Printer,Office Equipment,1,11875.0,11875.0,9800,2075.0,North,Delhi,New Delhi,Debit Card
ORD100026,2025-04-30,CUST1054,Sahil Kulkarni,Smartphone,Electronics,2,32000.0,64000.0,54000,10000.0,West,Maharashtra,Nashik,UPI
ORD100027,2025-04-22,CUST1227,Sahil Reddy,Tablet,Electronics,1,24000.0,24000.0,19500,4500.0,East,West Bengal,Kolkata,UPI
ORD100028,2025-06-10,CUST1681,Ananya Nair,Keyboard,Accessories,1,2200.0,2200.0,1400,800.0,East,Odisha,Bhubaneswar,Net Banking
ORD100029,2025-02-02,CUST1640,Ananya Sharma,Laptop,Electronics,1,65000.0,65000.0,52000,13000.0,North,Uttar Pradesh,Noida,Net Banking
ORD100030,2025-04-07,CUST1798,Aditya Joshi,Desk,Furniture,2,12600.0,25200.0,18000,7200.0,North,Rajasthan,Jaipur,Net Banking
ORD100031,2025-08-08,CUST1172,Karan Sharma,Laptop,Electronics,2,65000.0,130000.0,104000,26000.0,West,Gujarat,Surat,Cash on Delivery
ORD100032,2025-04-05,CUST1181,Karan Reddy,Headphones,Accessories,1,3675.0,3675.0,2200,1475.0,East,Jharkhand,Ranchi,Debit Card
ORD100033,2025-08-11,CUST1793,Ananya Patil,External SSD,Storage,1,8500.0,8500.0,6200,2300.0,East,Assam,Guwahati,Credit Card
ORD100034,2025-09-30,CUST1155,Aditya Iyer,Keyboard,Accessories,2,2310.0,4620.0,2800,1820.0,North,Haryana,Gurugram,UPI
ORD100035,2025-01-13,CUST1408,Nisha Singh,Printer,Office Equipment,1,12500.0,12500.0,9800,2700.0,South,Andhra Pradesh,Vijayawada,Net Banking
ORD100036,2025-05-23,CUST1972,Tanvi Reddy,Office Chair,Furniture,3,9500.0,28500.0,21000,7500.0,West,Gujarat,Ahmedabad,Net Banking
ORD100037,2025-11-22,CUST1682,Karan Gupta,Monitor,Electronics,1,18000.0,18000.0,13500,4500.0,West,Goa,Panaji,Debit Card
ORD100038,2025-12-31,CUST1774,Kavya Gupta,External SSD,Storage,1,8925.0,8925.0,6200,2725.0,West,Gujarat,Surat,Net Banking
ORD100039,2025-05-25,CUST1659,Rahul Reddy,Keyboard,Accessories,1,2310.0,2310.0,1400,910.0,South,Kerala,Kochi,Debit Card
ORD100040,2025-02-27,CUST1641,Neha Yadav,External SSD,Storage,1,8925.0,8925.0,6200,2725.0,South,Telangana,Hyderabad,Credit Card
ORD100041,2025-07-11,CUST1999,Priya Nair,Laptop,Electronics,2,65000.0,130000.0,104000,26000.0,North,Delhi,New Delhi,Cash on Delivery
ORD100042,2025-10-12,CUST1697,Diya Chaudhary,Webcam,Accessories,1,2800.0,2800.0,1700,1100.0,South,Tamil Nadu,Chennai,Net Banking
ORD100043,2025-12-07,CUST1474,Rohan Mehta,Headphones,Accessories,3,3500.0,10500.0,6600,3900.0,West,Goa,Panaji,Net Banking
ORD100044,2025-06-29,CUST1802,Diya Gupta,Laptop,Electronics,1,65000.0,65000.0,52000,13000.0,North,Rajasthan,Jaipur,Credit Card
ORD100045,2025-09-04,CUST1336,Priya Kulkarni,Office Chair,Furniture,2,9500.0,19000.0,14000,5000.0,East,West Bengal,Kolkata,Credit Card
ORD100046,2025-06-28,CUST1545,Ananya Yadav,Laptop,Electronics,3,65000.0,195000.0,156000,39000.0,East,Bihar,Patna,Debit Card
ORD100047,2025-01-12,CUST1397,Rohan Nair,Headphones,Accessories,4,3675.0,14700.0,8800,5900.0,South,Karnataka,Bengaluru,Credit Card
ORD100048,2025-04-25,CUST1418,Rahul Mehta,Keyboard,Accessories,2,2200.0,4400.0,2800,1600.0,South,Karnataka,Bengaluru,UPI
ORD100049,2025-09-06,CUST1277,Arjun Singh,Smartphone,Electronics,1,33600.0,33600.0,27000,6600.0,West,Gujarat,Surat,Net Banking
ORD100050,2025-04-06,CUST1999,Nisha Sharma,Office Chair,Furniture,5,9500.0,47500.0,35000,12500.0,North,Punjab,Ludhiana,Cash on Delivery
ORD100051,2025-03-25,CUST1062,Karan Sharma,External SSD,Storage,2,8500.0,17000.0,12400,4600.0,North,Rajasthan,Jaipur,UPI
ORD100052,2025-09-22,CUST1076,Neha Verma,Webcam,Accessories,1,2660.0,2660.0,1700,960.0,West,Maharashtra,Nashik,Net Banking
ORD100053,2025-02-22,CUST1469,Sahil Shah,Mouse,Accessories,1,1200.0,1200.0,700,500.0,North,Rajasthan,Jaipur,UPI
ORD100054,2025-08-09,CUST1215,Diya Verma,Smartphone,Electronics,5,33600.0,168000.0,135000,33000.0,West,Maharashtra,Mumbai,Debit Card
ORD100055,2025-01-07,CUST1230,Karan Nair,Desk,Furniture,2,12000.0,24000.0,18000,6000.0,West,Gujarat,Ahmedabad,Cash on Delivery
ORD100056,2025-05-16,CUST1339,Diya Chaudhary,Tablet,Electronics,3,24000.0,72000.0,58500,13500.0,West,Maharashtra,Mumbai,Cash on Delivery
ORD100057,2025-09-09,CUST1070,Arjun Gupta,Laptop,Electronics,4,68250.0,273000.0,208000,65000.0,East,West Bengal,Kolkata,Debit Card
ORD100058,2025-08-30,CUST1653,Ananya Nair,External SSD,Storage,1,8500.0,8500.0,6200,2300.0,North,Punjab,Ludhiana,Net Banking
ORD100059,2025-07-09,CUST1348,Ananya Nair,Office Chair,Furniture,3,9500.0,28500.0,21000,7500.0,South,Andhra Pradesh,Vijayawada,UPI
ORD100060,2025-06-22,CUST1672,Rohan Nair,External SSD,Storage,1,8925.0,8925.0,6200,2725.0,West,Maharashtra,Pune,Cash on Delivery
ORD100061,2025-02-16,CUST1532,Ananya Verma,Headphones,Accessories,5,3325.0,16625.0,11000,5625.0,West,Gujarat,Surat,UPI
ORD100062,2025-01-12,CUST1953,Priya Deshmukh,Laptop,Electronics,2,65000.0,130000.0,104000,26000.0,South,Karnataka,Bengaluru,Credit Card
ORD100063,2025-07-05,CUST1648,Arjun Mehta,Tablet,Electronics,1,24000.0,24000.0,19500,4500.0,North,Uttar Pradesh,Noida,Net Banking
ORD100064,2025-07-31,CUST1929,Karan Singh,Monitor,Electronics,5,18900.0,94500.0,67500,27000.0,West,Gujarat,Surat,Cash on Delivery
ORD100065,2025-07-16,CUST1256,Nisha Verma,External SSD,Storage,4,8500.0,34000.0,24800,9200.0,West,Gujarat,Surat,UPI
ORD100066,2025-05-26,CUST1065,Aarav Chaudhary,Monitor,Electronics,3,17100.0,51300.0,40500,10800.0,West,Goa,Panaji,UPI
ORD100067,2025-04-15,CUST1610,Sneha Sharma,Desk,Furniture,4,12000.0,48000.0,36000,12000.0,North,Delhi,New Delhi,Debit Card
ORD100068,2025-01-23,CUST1771,Diya Chaudhary,Laptop,Electronics,2,65000.0,130000.0,104000,26000.0,West,Goa,Panaji,Cash on Delivery
ORD100069,2025-02-20,CUST1001,Neha Reddy,Headphones,Accessories,1,3500.0,3500.0,2200,1300.0,East,Odisha,Bhubaneswar,Cash on Delivery
ORD100070,2025-09-07,CUST1154,Meera Deshmukh,Mouse,Accessories,2,1140.0,2280.0,1400,880.0,West,Maharashtra,Pune,Credit Card
ORD100071,2025-08-10,CUST1990,Rohan Joshi,Webcam,Accessories,1,2800.0,2800.0,1700,1100.0,South,Tamil Nadu,Chennai,Debit Card
ORD100072,2025-07-11,CUST1422,Pooja Deshmukh,Printer,Office Equipment,2,12500.0,25000.0,19600,5400.0,North,Rajasthan,Jaipur,Net Banking
ORD100073,2025-11-04,CUST1994,Pooja Iyer,Monitor,Electronics,2,18000.0,36000.0,27000,9000.0,North,Haryana,Gurugram,UPI
ORD100074,2025-05-18,CUST1797,Karan Joshi,Webcam,Accessories,1,2800.0,2800.0,1700,1100.0,North,Uttar Pradesh,Noida,UPI
ORD100075,2025-08-23,CUST1126,Aditya Nair,Office Chair,Furniture,1,9975.0,9975.0,7000,2975.0,South,Kerala,Kochi,Debit Card
ORD100076,2025-01-08,CUST1912,Riya Chaudhary,Desk,Furniture,1,12000.0,12000.0,9000,3000.0,West,Maharashtra,Pune,Net Banking
ORD100077,2025-02-20,CUST1634,Nisha Nair,Tablet,Electronics,3,24000.0,72000.0,58500,13500.0,South,Karnataka,Bengaluru,Debit Card
ORD100078,2025-08-21,CUST1645,Ishaan Sharma,Headphones,Accessories,1,3325.0,3325.0,2200,1125.0,West,Gujarat,Ahmedabad,Net Banking
ORD100079,2025-02-16,CUST1249,Neha Mehta,Office Chair,Furniture,2,9500.0,19000.0,14000,5000.0,East,West Bengal,Kolkata,UPI
ORD100080,2025-09-14,CUST1804,Karan Mehta,Webcam,Accessories,1,2800.0,2800.0,1700,1100.0,West,Goa,Panaji,UPI
ORD100081,2025-12-31,CUST1386,Tanvi Kulkarni,Keyboard,Accessories,1,2200.0,2200.0,1400,800.0,West,Goa,Panaji,Credit Card
ORD100082,2025-10-21,CUST1274,Vikram Yadav,Desk,Furniture,3,12000.0,36000.0,27000,9000.0,West,Maharashtra,Nashik,Debit Card
ORD100083,2025-08-19,CUST1273,Kavya Singh,Keyboard,Accessories,2,2200.0,4400.0,2800,1600.0,West,Maharashtra,Pune,Credit Card
ORD100084,2025-05-26,CUST1109,Ananya Singh,External SSD,Storage,2,8500.0,17000.0,12400,4600.0,West,Gujarat,Surat,Net Banking
ORD100085,2025-10-09,CUST1692,Diya Chaudhary,Webcam,Accessories,2,2800.0,5600.0,3400,2200.0,North,Delhi,New Delhi,Credit Card
ORD100086,2025-04-22,CUST1503,Ishaan Chaudhary,Desk,Furniture,1,12600.0,12600.0,9000,3600.0,North,Rajasthan,Jaipur,Net Banking
ORD100087,2025-02-09,CUST1543,Ananya Verma,Desk,Furniture,1,12000.0,12000.0,9000,3000.0,West,Goa,Panaji,Cash on Delivery
ORD100088,2025-04-04,CUST1118,Vikram Chaudhary,Mouse,Accessories,2,1260.0,2520.0,1400,1120.0,East,Odisha,Bhubaneswar,Debit Card
ORD100089,2025-04-28,CUST1326,Rohan Joshi,Printer,Office Equipment,2,12500.0,25000.0,19600,5400.0,South,Tamil Nadu,Chennai,Net Banking
ORD100090,2025-05-19,CUST1805,Tanvi Chaudhary,Keyboard,Accessories,1,2200.0,2200.0,1400,800.0,West,Gujarat,Ahmedabad,Net Banking
ORD100091,2025-01-13,CUST1898,Rahul Yadav,Desk,Furniture,1,12000.0,12000.0,9000,3000.0,North,Haryana,Gurugram,Credit Card
ORD100092,2025-04-04,CUST1550,Vikram Kulkarni,Mouse,Accessories,1,1200.0,1200.0,700,500.0,West,Gujarat,Surat,UPI
ORD100093,2025-03-17,CUST1930,Riya Singh,Headphones,Accessories,1,3675.0,3675.0,2200,1475.0,South,Kerala,Kochi,Debit Card
ORD100094,2025-11-12,CUST1270,Neha Joshi,Keyboard,Accessories,3,2200.0,6600.0,4200,2400.0,East,Jharkhand,Ranchi,Debit Card
ORD100095,2025-02-11,CUST1749,Arjun Singh,Headphones,Accessories,2,3500.0,7000.0,4400,2600.0,West,Maharashtra,Nashik,UPI
ORD100096,2025-05-25,CUST1665,Vikram Sharma,Monitor,Electronics,2,18000.0,36000.0,27000,9000.0,South,Tamil Nadu,Chennai,UPI
ORD100097,2025-03-08,CUST1646,Pooja Chaudhary,Smartphone,Electronics,4,32000.0,128000.0,108000,20000.0,North,Rajasthan,Jaipur,Debit Card
ORD100098,2025-06-06,CUST1231,Sahil Reddy,Tablet,Electronics,3,24000.0,72000.0,58500,13500.0,South,Kerala,Kochi,UPI
ORD100099,2025-05-03,CUST1517,Aditya Mehta,Laptop,Electronics,2,61750.0,123500.0,104000,19500.0,South,Tamil Nadu,Chennai,Credit Card
ORD100100,2025-06-06,CUST1015,Sahil Kulkarni,Laptop,Electronics,1,65000.0,65000.0,52000,13000.0,West,Gujarat,Surat,Cash on Delivery
ORD100101,2025-10-26,CUST1794,Arjun Gupta,Mouse,Accessories,1,1200.0,1200.0,700,500.0,South,Telangana,Hyderabad,Debit Card
ORD100102,2025-12-29,CUST1302,Vikram Mehta,Headphones,Accessories,1,3500.0,3500.0,2200,1300.0,South,Telangana,Hyderabad,Net Banking
ORD100103,2025-11-20,CUST1356,Riya Yadav,Office Chair,Furniture,2,9025.0,18050.0,14000,4050.0,North,Haryana,Gurugram,Cash on Delivery
ORD100104,2025-01-29,CUST1051,Neha Chaudhary,Tablet,Electronics,3,24000.0,72000.0,58500,13500.0,West,Maharashtra,Mumbai,UPI
ORD100105,2025-11-09,CUST1182,Tanvi Gupta,Webcam,Accessories,1,2940.0,2940.0,1700,1240.0,East,West Bengal,Kolkata,UPI
ORD100106,2025-04-27,CUST1313,Rahul Gupta,Webcam,Accessories,1,2800.0,2800.0,1700,1100.0,North,Rajasthan,Jaipur,Credit Card
ORD100107,2025-12-13,CUST1210,Aditya Deshmukh,Printer,Office Equipment,2,13125.0,26250.0,19600,6650.0,West,Gujarat,Ahmedabad,UPI
ORD100108,2025-12-10,CUST1710,Kavya Gupta,Desk,Furniture,1,12000.0,12000.0,9000,3000.0,West,Maharashtra,Nashik,UPI
ORD100109,2025-03-25,CUST1849,Karan Deshmukh,Laptop,Electronics,2,61750.0,123500.0,104000,19500.0,South,Tamil Nadu,Chennai,UPI
ORD100110,2025-05-21,CUST1736,Kavya Sharma,Laptop,Electronics,2,65000.0,130000.0,104000,26000.0,North,Uttar Pradesh,Noida,Debit Card
ORD100111,2025-01-18,CUST1019,Priya Kulkarni,Desk,Furniture,2,12000.0,24000.0,18000,6000.0,South,Andhra Pradesh,Vijayawada,UPI
ORD100112,2025-05-12,CUST1831,Ishaan Verma,Keyboard,Accessories,2,2200.0,4400.0,2800,1600.0,North,Haryana,Gurugram,UPI
ORD100113,2025-03-28,CUST1380,Tanvi Patil,Tablet,Electronics,1,24000.0,24000.0,19500,4500.0,East,Bihar,Patna,Net Banking
ORD100114,2025-08-27,CUST1761,Meera Chaudhary,Monitor,Electronics,2,18000.0,36000.0,27000,9000.0,East,West Bengal,Kolkata,Cash on Delivery
ORD100115,2025-06-14,CUST1814,Tanvi Kulkarni,Keyboard,Accessories,1,2090.0,2090.0,1400,690.0,East,Jharkhand,Ranchi,Cash on Delivery
ORD100116,2025-02-05,CUST1915,Pooja Nair,Smartphone,Electronics,1,32000.0,32000.0,27000,5000.0,East,Odisha,Bhubaneswar,Cash on Delivery
ORD100117,2025-07-14,CUST1386,Rahul Iyer,External SSD,Storage,3,8500.0,25500.0,18600,6900.0,South,Karnataka,Bengaluru,Net Banking
ORD100118,2025-12-30,CUST1854,Sahil Mehta,Mouse,Accessories,1,1200.0,1200.0,700,500.0,South,Karnataka,Bengaluru,UPI
ORD100119,2025-07-28,CUST1115,Karan Patil,Office Chair,Furniture,3,9500.0,28500.0,21000,7500.0,North,Punjab,Ludhiana,UPI
ORD100120,2025-06-03,CUST1004,Riya Reddy,Tablet,Electronics,1,24000.0,24000.0,19500,4500.0,South,Karnataka,Bengaluru,Credit Card
ORD100121,2025-02-03,CUST1041,Rahul Gupta,Monitor,Electronics,3,18000.0,54000.0,40500,13500.0,West,Maharashtra,Nashik,UPI
ORD100122,2025-04-08,CUST1168,Ishaan Shah,Headphones,Accessories,2,3500.0,7000.0,4400,2600.0,South,Telangana,Hyderabad,Net Banking
ORD100123,2025-12-29,CUST1822,Tanvi Patil,Printer,Office Equipment,4,12500.0,50000.0,39200,10800.0,North,Haryana,Gurugram,UPI
ORD100124,2025-06-13,CUST1512,Meera Shah,Keyboard,Accessories,1,2200.0,2200.0,1400,800.0,West,Maharashtra,Nashik,UPI
ORD100125,2025-09-07,CUST1289,Diya Kulkarni,Desk,Furniture,4,12000.0,48000.0,36000,12000.0,West,Maharashtra,Nashik,Net Banking
ORD100126,2025-07-20,CUST1482,Sneha Shah,Mouse,Accessories,1,1200.0,1200.0,700,500.0,West,Gujarat,Ahmedabad,Credit Card
ORD100127,2025-01-25,CUST1042,Riya Kulkarni,Monitor,Electronics,1,18000.0,18000.0,13500,4500.0,West,Maharashtra,Pune,Debit Card
ORD100128,2025-04-11,CUST1275,Aditya Yadav,Keyboard,Accessories,2,2200.0,4400.0,2800,1600.0,West,Gujarat,Ahmedabad,Net Banking
ORD100129,2025-11-14,CUST1012,Karan Iyer,Desk,Furniture,3,12000.0,36000.0,27000,9000.0,East,Assam,Guwahati,Debit Card
ORD100130,2025-03-30,CUST1537,Ishaan Kulkarni,Tablet,Electronics,2,24000.0,48000.0,39000,9000.0,South,Karnataka,Bengaluru,Net Banking
ORD100131,2025-10-09,CUST1401,Priya Deshmukh,Desk,Furniture,2,11400.0,22800.0,18000,4800.0,East,Assam,Guwahati,Cash on Delivery
ORD100132,2025-08-03,CUST1827,Meera Patil,Webcam,Accessories,2,2800.0,5600.0,3400,2200.0,East,Assam,Guwahati,Cash on Delivery
ORD100133,2025-01-14,CUST1273,Rahul Deshmukh,Monitor,Electronics,3,18000.0,54000.0,40500,13500.0,South,Kerala,Kochi,Debit Card
ORD100134,2025-01-04,CUST1527,Rohan Deshmukh,External SSD,Storage,3,8500.0,25500.0,18600,6900.0,West,Maharashtra,Mumbai,Cash on Delivery
ORD100135,2025-11-07,CUST1450,Rohan Reddy,Webcam,Accessories,2,2800.0,5600.0,3400,2200.0,West,Maharashtra,Mumbai,Debit Card
ORD100136,2025-10-29,CUST1039,Ananya Shah,Office Chair,Furniture,3,9500.0,28500.0,21000,7500.0,East,Bihar,Patna,Net Banking
ORD100137,2025-09-23,CUST1377,Rohan Iyer,Laptop,Electronics,1,65000.0,65000.0,52000,13000.0,North,Rajasthan,Jaipur,UPI
ORD100138,2025-11-20,CUST1670,Tanvi Kulkarni,Smartphone,Electronics,1,32000.0,32000.0,27000,5000.0,North,Delhi,New Delhi,Credit Card
ORD100139,2025-12-10,CUST1889,Vikram Sharma,Headphones,Accessories,4,3325.0,13300.0,8800,4500.0,West,Maharashtra,Pune,Net Banking
ORD100140,2025-11-15,CUST1440,Ishaan Deshmukh,External SSD,Storage,3,8075.0,24225.0,18600,5625.0,East,Assam,Guwahati,Debit Card
ORD100141,2025-11-26,CUST1366,Pooja Nair,Monitor,Electronics,1,18000.0,18000.0,13500,4500.0,West,Gujarat,Ahmedabad,Debit Card
ORD100142,2025-02-23,CUST1773,Ishaan Joshi,Monitor,Electronics,1,18000.0,18000.0,13500,4500.0,North,Delhi,New Delhi,UPI
ORD100143,2025-03-03,CUST1850,Ananya Patil,Printer,Office Equipment,2,12500.0,25000.0,19600,5400.0,East,Odisha,Bhubaneswar,UPI
ORD100144,2025-03-09,CUST1329,Vikram Singh,Tablet,Electronics,1,24000.0,24000.0,19500,4500.0,East,Bihar,Patna,Cash on Delivery
ORD100145,2025-11-28,CUST1738,Ananya Singh,Monitor,Electronics,1,18000.0,18000.0,13500,4500.0,North,Punjab,Ludhiana,Credit Card
ORD100146,2025-09-08,CUST1328,Vikram Chaudhary,Printer,Office Equipment,2,11875.0,23750.0,19600,4150.0,West,Maharashtra,Pune,Cash on Delivery
ORD100147,2025-04-24,CUST1593,Diya Nair,Office Chair,Furniture,1,9500.0,9500.0,7000,2500.0,North,Rajasthan,Jaipur,Cash on Delivery
ORD100148,2025-05-27,CUST1216,Aarav Chaudhary,Keyboard,Accessories,2,2200.0,4400.0,2800,1600.0,South,Telangana,Hyderabad,Net Banking
ORD100149,2025-06-04,CUST1191,Rahul Gupta,Laptop,Electronics,1,65000.0,65000.0,52000,13000.0,West,Maharashtra,Pune,Net Banking
ORD100150,2025-12-29,CUST1672,Rahul Mehta,Smartphone,Electronics,3,30400.0,91200.0,81000,10200.0,East,Assam,Guwahati,Cash on Delivery
ORD100151,2025-08-12,CUST1962,Rohan Deshmukh,Smartphone,Electronics,2,32000.0,64000.0,54000,10000.0,West,Gujarat,Ahmedabad,Cash on Delivery
ORD100152,2025-03-15,CUST1326,Sneha Verma,Desk,Furniture,1,12000.0,12000.0,9000,3000.0,East,West Bengal,Kolkata,UPI
ORD100153,2025-08-30,CUST1864,Arjun Gupta,Monitor,Electronics,1,18000.0,18000.0,13500,4500.0,West,Gujarat,Ahmedabad,Net Banking
ORD100154,2025-04-30,CUST1474,Aarav Chaudhary,Desk,Furniture,1,12000.0,12000.0,9000,3000.0,West,Gujarat,Ahmedabad,Debit Card
ORD100155,2025-01-07,CUST1460,Sahil Nair,Monitor,Electronics,1,18000.0,18000.0,13500,4500.0,East,Assam,Guwahati,Cash on Delivery
ORD100156,2025-10-12,CUST1738,Aditya Reddy,Desk,Furniture,1,11400.0,11400.0,9000,2400.0,South,Tamil Nadu,Chennai,Net Banking
ORD100157,2025-05-10,CUST1800,Riya Gupta,Laptop,Electronics,1,65000.0,65000.0,52000,13000.0,West,Maharashtra,Pune,Net Banking
ORD100158,2025-03-25,CUST1955,Vikram Joshi,Webcam,Accessories,4,2800.0,11200.0,6800,4400.0,West,Maharashtra,Nashik,Debit Card
ORD100159,2025-06-12,CUST1957,Vikram Patil,Printer,Office Equipment,1,12500.0,12500.0,9800,2700.0,North,Punjab,Ludhiana,UPI
ORD100160,2025-05-25,CUST1430,Meera Yadav,Printer,Office Equipment,3,12500.0,37500.0,29400,8100.0,South,Telangana,Hyderabad,Cash on Delivery
ORD100161,2025-06-30,CUST1960,Ananya Nair,Headphones,Accessories,3,3500.0,10500.0,6600,3900.0,West,Maharashtra,Nashik,Net Banking
ORD100162,2025-01-09,CUST1740,Rohan Gupta,Office Chair,Furniture,1,9500.0,9500.0,7000,2500.0,South,Karnataka,Bengaluru,UPI
ORD100163,2025-07-24,CUST1064,Meera Shah,External SSD,Storage,1,8500.0,8500.0,6200,2300.0,West,Goa,Panaji,UPI
ORD100164,2025-10-16,CUST1729,Riya Nair,Tablet,Electronics,1,24000.0,24000.0,19500,4500.0,North,Haryana,Gurugram,Net Banking
ORD100165,2025-02-15,CUST1889,Karan Yadav,Webcam,Accessories,2,2800.0,5600.0,3400,2200.0,East,Bihar,Patna,Net Banking
ORD100166,2025-03-18,CUST1973,Aarav Singh,Mouse,Accessories,1,1200.0,1200.0,700,500.0,West,Maharashtra,Mumbai,Net Banking
ORD100167,2025-04-16,CUST1994,Nisha Iyer,Office Chair,Furniture,5,9500.0,47500.0,35000,12500.0,North,Haryana,Gurugram,Net Banking
ORD100168,2025-08-11,CUST1359,Ishaan Singh,Laptop,Electronics,2,61750.0,123500.0,104000,19500.0,East,Assam,Guwahati,UPI
ORD100169,2025-01-07,CUST1383,Vikram Shah,Monitor,Electronics,2,18000.0,36000.0,27000,9000.0,East,Odisha,Bhubaneswar,Debit Card
ORD100170,2025-01-14,CUST1874,Neha Yadav,Mouse,Accessories,3,1200.0,3600.0,2100,1500.0,North,Haryana,Gurugram,Debit Card
ORD100171,2025-12-22,CUST1750,Pooja Deshmukh,Monitor,Electronics,1,18000.0,18000.0,13500,4500.0,West,Gujarat,Ahmedabad,Cash on Delivery
ORD100172,2025-07-30,CUST1914,Nisha Chaudhary,Tablet,Electronics,2,24000.0,48000.0,39000,9000.0,East,Assam,Guwahati,Cash on Delivery
ORD100173,2025-11-28,CUST1903,Vikram Sharma,Tablet,Electronics,1,24000.0,24000.0,19500,4500.0,East,Bihar,Patna,UPI
ORD100174,2025-06-01,CUST1532,Rohan Reddy,Headphones,Accessories,3,3500.0,10500.0,6600,3900.0,South,Andhra Pradesh,Vijayawada,Credit Card
ORD100175,2025-09-19,CUST1335,Arjun Patil,Laptop,Electronics,1,65000.0,65000.0,52000,13000.0,North,Delhi,New Delhi,Credit Card
ORD100176,2025-08-13,CUST1911,Meera Joshi,Keyboard,Accessories,1,2200.0,2200.0,1400,800.0,North,Rajasthan,Jaipur,Debit Card
ORD100177,2025-02-10,CUST1934,Diya Joshi,Office Chair,Furniture,1,9975.0,9975.0,7000,2975.0,South,Telangana,Hyderabad,Net Banking
ORD100178,2025-09-18,CUST1229,Aditya Verma,Tablet,Electronics,2,24000.0,48000.0,39000,9000.0,North,Uttar Pradesh,Noida,UPI
ORD100179,2025-04-28,CUST1707,Riya Mehta,Tablet,Electronics,4,24000.0,96000.0,78000,18000.0,North,Uttar Pradesh,Noida,Credit Card
ORD100180,2025-11-09,CUST1513,Riya Yadav,Office Chair,Furniture,1,9500.0,9500.0,7000,2500.0,South,Karnataka,Bengaluru,Net Banking
ORD100181,2025-02-13,CUST1632,Karan Sharma,External SSD,Storage,1,8500.0,8500.0,6200,2300.0,West,Gujarat,Surat,Net Banking
ORD100182,2025-01-20,CUST1293,Neha Iyer,Webcam,Accessories,1,2940.0,2940.0,1700,1240.0,West,Gujarat,Surat,Credit Card
ORD100183,2025-07-25,CUST1691,Aarav Sharma,Laptop,Electronics,1,61750.0,61750.0,52000,9750.0,West,Goa,Panaji,Net Banking
ORD100184,2025-10-12,CUST1306,Aditya Singh,Office Chair,Furniture,4,9025.0,36100.0,28000,8100.0,North,Haryana,Gurugram,UPI
ORD100185,2025-05-06,CUST1384,Sahil Deshmukh,Smartphone,Electronics,2,32000.0,64000.0,54000,10000.0,North,Punjab,Ludhiana,Cash on Delivery
ORD100186,2025-06-06,CUST1776,Aarav Deshmukh,Mouse,Accessories,2,1200.0,2400.0,1400,1000.0,South,Telangana,Hyderabad,Cash on Delivery
ORD100187,2025-05-25,CUST1114,Rahul Reddy,Webcam,Accessories,3,2940.0,8820.0,5100,3720.0,West,Maharashtra,Pune,Credit Card
ORD100188,2025-01-01,CUST1801,Tanvi Gupta,Tablet,Electronics,1,25200.0,25200.0,19500,5700.0,East,West Bengal,Kolkata,Debit Card
ORD100189,2025-03-14,CUST1575,Nisha Chaudhary,Headphones,Accessories,1,3500.0,3500.0,2200,1300.0,South,Karnataka,Bengaluru,UPI
ORD100190,2025-04-08,CUST1324,Neha Shah,Printer,Office Equipment,3,12500.0,37500.0,29400,8100.0,East,Assam,Guwahati,Cash on Delivery
ORD100191,2025-12-05,CUST1279,Sneha Singh,Webcam,Accessories,1,2940.0,2940.0,1700,1240.0,West,Goa,Panaji,Cash on Delivery
ORD100192,2025-11-12,CUST1917,Kavya Iyer,Desk,Furniture,1,12000.0,12000.0,9000,3000.0,North,Delhi,New Delhi,Cash on Delivery
ORD100193,2025-04-20,CUST1968,Riya Verma,Printer,Office Equipment,1,11875.0,11875.0,9800,2075.0,North,Delhi,New Delhi,Credit Card
ORD100194,2025-04-27,CUST1924,Aditya Chaudhary,Monitor,Electronics,2,18900.0,37800.0,27000,10800.0,North,Punjab,Ludhiana,Cash on Delivery
ORD100195,2025-02-12,CUST1783,Rohan Gupta,Office Chair,Furniture,1,9500.0,9500.0,7000,2500.0,West,Gujarat,Surat,Credit Card
ORD100196,2025-05-04,CUST1117,Priya Iyer,External SSD,Storage,3,8500.0,25500.0,18600,6900.0,East,Assam,Guwahati,UPI
ORD100197,2025-02-21,CUST1893,Aditya Reddy,Mouse,Accessories,4,1200.0,4800.0,2800,2000.0,East,Jharkhand,Ranchi,Debit Card
ORD100198,2025-03-31,CUST1644,Karan Nair,External SSD,Storage,2,8500.0,17000.0,12400,4600.0,North,Haryana,Gurugram,UPI
ORD100199,2025-08-29,CUST1312,Kavya Iyer,Desk,Furniture,1,12000.0,12000.0,9000,3000.0,West,Gujarat,Ahmedabad,Credit Card
ORD100200,2025-06-22,CUST1376,Aarav Yadav,Office Chair,Furniture,2,9500.0,19000.0,14000,5000.0,East,Jharkhand,Ranchi,Credit Card
ORD100201,2025-09-28,CUST1521,Neha Mehta,Desk,Furniture,3,12000.0,36000.0,27000,9000.0,West,Goa,Panaji,Credit Card
ORD100202,2025-10-20,CUST1859,Karan Mehta,Tablet,Electronics,4,24000.0,96000.0,78000,18000.0,North,Rajasthan,Jaipur,Net Banking
ORD100203,2025-08-30,CUST1676,Nisha Verma,Monitor,Electronics,1,18000.0,18000.0,13500,4500.0,South,Kerala,Kochi,Cash on Delivery
ORD100204,2025-06-09,CUST1655,Priya Joshi,Laptop,Electronics,1,65000.0,65000.0,52000,13000.0,South,Telangana,Hyderabad,Debit Card
ORD100205,2025-03-26,CUST1263,Aditya Verma,Office Chair,Furniture,2,9500.0,19000.0,14000,5000.0,West,Gujarat,Surat,Credit Card
ORD100206,2025-10-29,CUST1700,Kavya Kulkarni,Keyboard,Accessories,2,2200.0,4400.0,2800,1600.0,North,Rajasthan,Jaipur,Debit Card
ORD100207,2025-12-19,CUST1741,Arjun Kulkarni,Mouse,Accessories,4,1200.0,4800.0,2800,2000.0,South,Telangana,Hyderabad,Net Banking
ORD100208,2025-11-12,CUST1561,Arjun Nair,Keyboard,Accessories,1,2200.0,2200.0,1400,800.0,North,Delhi,New Delhi,Credit Card
ORD100209,2025-10-27,CUST1067,Meera Patil,External SSD,Storage,2,8500.0,17000.0,12400,4600.0,South,Tamil Nadu,Chennai,Cash on Delivery
ORD100210,2025-12-20,CUST1803,Ishaan Sharma,Office Chair,Furniture,1,9500.0,9500.0,7000,2500.0,West,Goa,Panaji,Net Banking
ORD100211,2025-07-27,CUST1311,Vikram Singh,Tablet,Electronics,4,24000.0,96000.0,78000,18000.0,North,Haryana,Gurugram,Credit Card
ORD100212,2025-01-30,CUST1656,Sahil Verma,Printer,Office Equipment,1,12500.0,12500.0,9800,2700.0,South,Kerala,Kochi,Cash on Delivery
ORD100213,2025-05-29,CUST1286,Aarav Singh,Smartphone,Electronics,2,32000.0,64000.0,54000,10000.0,North,Rajasthan,Jaipur,Net Banking
ORD100214,2025-05-22,CUST1509,Sahil Patil,Webcam,Accessories,2,2800.0,5600.0,3400,2200.0,West,Maharashtra,Pune,Net Banking
ORD100215,2025-11-19,CUST1843,Neha Sharma,Laptop,Electronics,1,61750.0,61750.0,52000,9750.0,West,Gujarat,Surat,Net Banking
ORD100216,2025-11-12,CUST1342,Riya Iyer,Smartphone,Electronics,2,33600.0,67200.0,54000,13200.0,East,Odisha,Bhubaneswar,Cash on Delivery
ORD100217,2025-06-07,CUST1216,Ananya Reddy,Mouse,Accessories,1,1200.0,1200.0,700,500.0,West,Maharashtra,Pune,Debit Card
ORD100218,2025-07-25,CUST1466,Aditya Verma,Smartphone,Electronics,1,30400.0,30400.0,27000,3400.0,West,Maharashtra,Pune,Net Banking
ORD100219,2025-09-27,CUST1095,Aarav Gupta,Monitor,Electronics,2,18000.0,36000.0,27000,9000.0,South,Karnataka,Bengaluru,UPI
ORD100220,2025-01-25,CUST1482,Sneha Joshi,Webcam,Accessories,2,2800.0,5600.0,3400,2200.0,South,Kerala,Kochi,Net Banking
ORD100221,2025-06-09,CUST1828,Nisha Nair,External SSD,Storage,1,8500.0,8500.0,6200,2300.0,South,Kerala,Kochi,Cash on Delivery
ORD100222,2025-09-23,CUST1930,Diya Verma,Desk,Furniture,1,12000.0,12000.0,9000,3000.0,South,Kerala,Kochi,UPI
ORD100223,2025-04-09,CUST1083,Neha Deshmukh,Monitor,Electronics,1,18000.0,18000.0,13500,4500.0,North,Haryana,Gurugram,Cash on Delivery
ORD100224,2025-04-13,CUST1772,Aarav Gupta,Printer,Office Equipment,1,12500.0,12500.0,9800,2700.0,South,Tamil Nadu,Chennai,UPI
ORD100225,2025-03-04,CUST1690,Ishaan Deshmukh,Headphones,Accessories,1,3500.0,3500.0,2200,1300.0,South,Kerala,Kochi,Cash on Delivery
ORD100226,2025-03-27,CUST1741,Tanvi Deshmukh,Mouse,Accessories,1,1200.0,1200.0,700,500.0,North,Rajasthan,Jaipur,Cash on Delivery
ORD100227,2025-03-06,CUST1826,Rahul Deshmukh,Smartphone,Electronics,1,32000.0,32000.0,27000,5000.0,North,Punjab,Ludhiana,Cash on Delivery
ORD100228,2025-07-07,CUST1465,Sneha Gupta,Headphones,Accessories,5,3500.0,17500.0,11000,6500.0,South,Andhra Pradesh,Vijayawada,Debit Card
ORD100229,2025-08-20,CUST1594,Sahil Yadav,Headphones,Accessories,2,3500.0,7000.0,4400,2600.0,South,Andhra Pradesh,Vijayawada,Debit Card
ORD100230,2025-07-11,CUST1105,Sneha Sharma,Printer,Office Equipment,1,12500.0,12500.0,9800,2700.0,South,Andhra Pradesh,Vijayawada,UPI
ORD100231,2025-11-10,CUST1242,Aarav Mehta,Tablet,Electronics,3,22800.0,68400.0,58500,9900.0,West,Maharashtra,Pune,Net Banking
ORD100232,2025-12-09,CUST1079,Meera Sharma,Tablet,Electronics,2,24000.0,48000.0,39000,9000.0,North,Punjab,Ludhiana,Cash on Delivery
ORD100233,2025-03-28,CUST1505,Sneha Kulkarni,Keyboard,Accessories,2,2200.0,4400.0,2800,1600.0,West,Gujarat,Ahmedabad,Debit Card
ORD100234,2025-08-16,CUST1927,Meera Mehta,Laptop,Electronics,1,68250.0,68250.0,52000,16250.0,West,Maharashtra,Nashik,Debit Card
ORD100235,2025-12-18,CUST1350,Diya Joshi,Mouse,Accessories,1,1200.0,1200.0,700,500.0,South,Tamil Nadu,Chennai,Credit Card
ORD100236,2025-02-18,CUST1329,Meera Singh,Webcam,Accessories,3,2800.0,8400.0,5100,3300.0,West,Gujarat,Ahmedabad,Net Banking
ORD100237,2025-06-13,CUST1149,Nisha Mehta,Mouse,Accessories,4,1200.0,4800.0,2800,2000.0,South,Karnataka,Bengaluru,Net Banking
ORD100238,2025-09-28,CUST1522,Aditya Shah,Desk,Furniture,2,12000.0,24000.0,18000,6000.0,East,Assam,Guwahati,UPI
ORD100239,2025-08-01,CUST1414,Nisha Chaudhary,Tablet,Electronics,1,24000.0,24000.0,19500,4500.0,North,Delhi,New Delhi,Net Banking
ORD100240,2025-08-21,CUST1780,Kavya Sharma,Keyboard,Accessories,1,2200.0,2200.0,1400,800.0,East,Assam,Guwahati,Credit Card
ORD100241,2025-08-24,CUST1663,Tanvi Deshmukh,Headphones,Accessories,5,3500.0,17500.0,11000,6500.0,South,Andhra Pradesh,Vijayawada,Debit Card
ORD100242,2025-08-01,CUST1541,Nisha Patil,Webcam,Accessories,4,2660.0,10640.0,6800,3840.0,South,Karnataka,Bengaluru,Net Banking
ORD100243,2025-12-19,CUST1701,Riya Joshi,Desk,Furniture,1,12000.0,12000.0,9000,3000.0,East,Bihar,Patna,Debit Card
ORD100244,2025-12-28,CUST1136,Diya Iyer,Webcam,Accessories,1,2800.0,2800.0,1700,1100.0,North,Rajasthan,Jaipur,Credit Card
ORD100245,2025-01-10,CUST1866,Ananya Mehta,Tablet,Electronics,3,24000.0,72000.0,58500,13500.0,West,Gujarat,Surat,Cash on Delivery
ORD100246,2025-08-22,CUST1598,Sahil Gupta,Smartphone,Electronics,1,32000.0,32000.0,27000,5000.0,South,Telangana,Hyderabad,Credit Card
ORD100247,2025-08-31,CUST1912,Sahil Shah,Office Chair,Furniture,1,9500.0,9500.0,7000,2500.0,West,Maharashtra,Pune,Debit Card
ORD100248,2025-08-18,CUST1805,Ananya Mehta,Headphones,Accessories,2,3500.0,7000.0,4400,2600.0,West,Gujarat,Surat,Cash on Delivery
ORD100249,2025-04-29,CUST1273,Sneha Gupta,Webcam,Accessories,1,2800.0,2800.0,1700,1100.0,South,Andhra Pradesh,Vijayawada,Net Banking
ORD100250,2025-06-08,CUST1594,Aditya Reddy,Keyboard,Accessories,2,2200.0,4400.0,2800,1600.0,West,Maharashtra,Mumbai,Net Banking
ORD100251,2025-04-27,CUST1314,Rohan Reddy,External SSD,Storage,1,8500.0,8500.0,6200,2300.0,West,Goa,Panaji,Net Banking
ORD100252,2025-04-26,CUST1831,Aarav Patil,Keyboard,Accessories,1,2200.0,2200.0,1400,800.0,North,Uttar Pradesh,Noida,UPI
ORD100253,2025-09-17,CUST1198,Aarav Sharma,Desk,Furniture,2,12000.0,24000.0,18000,6000.0,South,Tamil Nadu,Chennai,Net Banking
ORD100254,2025-03-02,CUST1505,Priya Joshi,Desk,Furniture,1,12000.0,12000.0,9000,3000.0,South,Kerala,Kochi,Credit Card
ORD100255,2025-12-31,CUST1849,Sneha Chaudhary,Monitor,Electronics,1,18000.0,18000.0,13500,4500.0,West,Maharashtra,Nashik,Debit Card
ORD100256,2025-03-15,CUST1049,Diya Gupta,Headphones,Accessories,1,3500.0,3500.0,2200,1300.0,West,Maharashtra,Nashik,Cash on Delivery
ORD100257,2025-11-09,CUST1792,Ananya Sharma,Mouse,Accessories,1,1260.0,1260.0,700,560.0,West,Gujarat,Ahmedabad,Net Banking
ORD100258,2025-02-05,CUST1985,Sahil Kulkarni,Webcam,Accessories,2,2800.0,5600.0,3400,2200.0,West,Goa,Panaji,Cash on Delivery
ORD100259,2025-12-02,CUST1906,Tanvi Kulkarni,Tablet,Electronics,1,24000.0,24000.0,19500,4500.0,West,Goa,Panaji,Credit Card
ORD100260,2025-09-07,CUST1850,Riya Gupta,Printer,Office Equipment,1,12500.0,12500.0,9800,2700.0,South,Kerala,Kochi,Debit Card
ORD100261,2025-09-05,CUST1672,Vikram Patil,Printer,Office Equipment,1,12500.0,12500.0,9800,2700.0,West,Maharashtra,Mumbai,Debit Card
ORD100262,2025-11-10,CUST1165,Tanvi Singh,Mouse,Accessories,1,1200.0,1200.0,700,500.0,West,Gujarat,Surat,Cash on Delivery
ORD100263,2025-06-10,CUST1853,Pooja Singh,Monitor,Electronics,1,18000.0,18000.0,13500,4500.0,West,Maharashtra,Mumbai,Credit Card
ORD100264,2025-03-02,CUST1664,Aarav Sharma,Headphones,Accessories,1,3500.0,3500.0,2200,1300.0,West,Maharashtra,Mumbai,Cash on Delivery
ORD100265,2025-07-17,CUST1966,Karan Patil,Monitor,Electronics,1,18000.0,18000.0,13500,4500.0,North,Punjab,Ludhiana,Credit Card
ORD100266,2025-05-24,CUST1098,Aditya Mehta,Laptop,Electronics,4,65000.0,260000.0,208000,52000.0,North,Rajasthan,Jaipur,Debit Card
ORD100267,2025-02-01,CUST1561,Pooja Iyer,Smartphone,Electronics,1,33600.0,33600.0,27000,6600.0,North,Uttar Pradesh,Noida,Cash on Delivery
ORD100268,2025-08-02,CUST1079,Meera Joshi,Mouse,Accessories,2,1200.0,2400.0,1400,1000.0,North,Uttar Pradesh,Noida,Net Banking
ORD100269,2025-09-05,CUST1066,Karan Iyer,External SSD,Storage,1,8925.0,8925.0,6200,2725.0,West,Gujarat,Surat,Debit Card
ORD100270,2025-06-27,CUST1601,Sahil Deshmukh,Tablet,Electronics,2,24000.0,48000.0,39000,9000.0,West,Maharashtra,Mumbai,Debit Card
ORD100271,2025-03-26,CUST1485,Neha Gupta,Keyboard,Accessories,1,2200.0,2200.0,1400,800.0,North,Punjab,Ludhiana,UPI
ORD100272,2025-09-16,CUST1877,Kavya Verma,Tablet,Electronics,2,24000.0,48000.0,39000,9000.0,North,Uttar Pradesh,Noida,Debit Card
ORD100273,2025-06-25,CUST1928,Meera Joshi,Monitor,Electronics,1,18000.0,18000.0,13500,4500.0,West,Goa,Panaji,Debit Card
ORD100274,2025-05-09,CUST1016,Tanvi Deshmukh,Headphones,Accessories,3,3500.0,10500.0,6600,3900.0,North,Punjab,Ludhiana,Cash on Delivery
ORD100275,2025-02-28,CUST1735,Ishaan Mehta,Smartphone,Electronics,2,32000.0,64000.0,54000,10000.0,West,Goa,Panaji,Debit Card
ORD100276,2025-09-22,CUST1701,Diya Verma,Headphones,Accessories,1,3500.0,3500.0,2200,1300.0,North,Delhi,New Delhi,Net Banking
ORD100277,2025-12-30,CUST1364,Aditya Iyer,Webcam,Accessories,2,2940.0,5880.0,3400,2480.0,North,Punjab,Ludhiana,UPI
ORD100278,2025-09-05,CUST1156,Priya Joshi,Headphones,Accessories,3,3500.0,10500.0,6600,3900.0,West,Goa,Panaji,Credit Card
ORD100279,2025-10-06,CUST1075,Nisha Mehta,Laptop,Electronics,4,65000.0,260000.0,208000,52000.0,West,Gujarat,Ahmedabad,UPI
ORD100280,2025-09-05,CUST1066,Priya Patil,Headphones,Accessories,2,3500.0,7000.0,4400,2600.0,South,Tamil Nadu,Chennai,Net Banking
ORD100281,2025-10-30,CUST1442,Ananya Gupta,Smartphone,Electronics,1,32000.0,32000.0,27000,5000.0,West,Gujarat,Ahmedabad,Cash on Delivery
ORD100282,2025-12-21,CUST1551,Rohan Sharma,Keyboard,Accessories,2,2310.0,4620.0,2800,1820.0,South,Andhra Pradesh,Vijayawada,Net Banking
ORD100283,2025-02-07,CUST1558,Aditya Kulkarni,Monitor,Electronics,1,18000.0,18000.0,13500,4500.0,South,Tamil Nadu,Chennai,Net Banking
ORD100284,2025-12-10,CUST1281,Sahil Sharma,Headphones,Accessories,1,3500.0,3500.0,2200,1300.0,North,Punjab,Ludhiana,Credit Card
ORD100285,2025-10-11,CUST1713,Rahul Verma,Webcam,Accessories,1,2940.0,2940.0,1700,1240.0,West,Maharashtra,Pune,Net Banking
ORD100286,2025-04-30,CUST1398,Pooja Iyer,Smartphone,Electronics,1,32000.0,32000.0,27000,5000.0,South,Karnataka,Bengaluru,Cash on Delivery
ORD100287,2025-07-22,CUST1654,Sahil Singh,Mouse,Accessories,1,1200.0,1200.0,700,500.0,West,Goa,Panaji,Cash on Delivery
ORD100288,2025-01-02,CUST1776,Arjun Yadav,Keyboard,Accessories,2,2090.0,4180.0,2800,1380.0,West,Goa,Panaji,UPI
ORD100289,2025-03-05,CUST1779,Rohan Verma,Webcam,Accessories,3,2800.0,8400.0,5100,3300.0,East,Assam,Guwahati,Credit Card
ORD100290,2025-11-20,CUST1201,Rohan Sharma,Headphones,Accessories,1,3500.0,3500.0,2200,1300.0,North,Rajasthan,Jaipur,Debit Card
ORD100291,2025-03-17,CUST1438,Meera Yadav,Laptop,Electronics,1,65000.0,65000.0,52000,13000.0,West,Maharashtra,Pune,UPI
ORD100292,2025-06-06,CUST1505,Ishaan Gupta,Keyboard,Accessories,1,2310.0,2310.0,1400,910.0,East,Assam,Guwahati,Debit Card
ORD100293,2025-07-13,CUST1854,Sneha Verma,Mouse,Accessories,1,1200.0,1200.0,700,500.0,South,Kerala,Kochi,Credit Card
ORD100294,2025-09-25,CUST1573,Nisha Sharma,Desk,Furniture,1,12000.0,12000.0,9000,3000.0,South,Karnataka,Bengaluru,Credit Card
ORD100295,2025-05-22,CUST1867,Sneha Sharma,Desk,Furniture,1,12000.0,12000.0,9000,3000.0,West,Gujarat,Ahmedabad,Debit Card
ORD100296,2025-02-12,CUST1136,Karan Reddy,Mouse,Accessories,2,1200.0,2400.0,1400,1000.0,West,Gujarat,Surat,Net Banking
ORD100297,2025-08-21,CUST1822,Rahul Shah,External SSD,Storage,1,8500.0,8500.0,6200,2300.0,West,Gujarat,Surat,UPI
ORD100298,2025-02-08,CUST1041,Kavya Deshmukh,Tablet,Electronics,3,24000.0,72000.0,58500,13500.0,West,Maharashtra,Pune,Cash on Delivery
ORD100299,2025-01-19,CUST1620,Aarav Kulkarni,Desk,Furniture,1,12000.0,12000.0,9000,3000.0,West,Maharashtra,Nashik,Net Banking
ORD100300,2025-04-13,CUST1602,Aarav Nair,Tablet,Electronics,1,24000.0,24000.0,19500,4500.0,East,Assam,Guwahati,Net Banking
ORD100301,2025-06-26,CUST1727,Sneha Iyer,Office Chair,Furniture,2,9025.0,18050.0,14000,4050.0,South,Karnataka,Bengaluru,Net Banking
ORD100302,2025-08-27,CUST1659,Nisha Joshi,Monitor,Electronics,1,18000.0,18000.0,13500,4500.0,West,Gujarat,Ahmedabad,Net Banking
ORD100303,2025-10-12,CUST1770,Neha Deshmukh,Tablet,Electronics,1,24000.0,24000.0,19500,4500.0,South,Karnataka,Bengaluru,UPI
ORD100304,2025-02-08,CUST1713,Pooja Chaudhary,Office Chair,Furniture,2,9500.0,19000.0,14000,5000.0,North,Punjab,Ludhiana,Net Banking
ORD100305,2025-09-15,CUST1296,Ananya Reddy,Keyboard,Accessories,2,2200.0,4400.0,2800,1600.0,South,Tamil Nadu,Chennai,UPI
ORD100306,2025-08-01,CUST1357,Vikram Mehta,Printer,Office Equipment,1,11875.0,11875.0,9800,2075.0,North,Punjab,Ludhiana,UPI
ORD100307,2025-04-09,CUST1420,Riya Patil,Printer,Office Equipment,1,12500.0,12500.0,9800,2700.0,South,Karnataka,Bengaluru,Cash on Delivery
ORD100308,2025-06-21,CUST1156,Ananya Verma,Smartphone,Electronics,2,32000.0,64000.0,54000,10000.0,North,Haryana,Gurugram,UPI
ORD100309,2025-10-17,CUST1679,Aarav Kulkarni,Smartphone,Electronics,1,30400.0,30400.0,27000,3400.0,West,Maharashtra,Mumbai,Net Banking
ORD100310,2025-07-21,CUST1669,Sahil Verma,Headphones,Accessories,3,3500.0,10500.0,6600,3900.0,South,Andhra Pradesh,Vijayawada,Net Banking
ORD100311,2025-10-21,CUST1881,Riya Sharma,Monitor,Electronics,1,18000.0,18000.0,13500,4500.0,South,Tamil Nadu,Chennai,Cash on Delivery
ORD100312,2025-11-21,CUST1877,Arjun Sharma,Tablet,Electronics,2,24000.0,48000.0,39000,9000.0,North,Uttar Pradesh,Noida,Debit Card
ORD100313,2025-02-20,CUST1234,Riya Shah,Keyboard,Accessories,1,2200.0,2200.0,1400,800.0,East,Jharkhand,Ranchi,Credit Card
ORD100314,2025-12-23,CUST1124,Diya Mehta,Webcam,Accessories,1,2940.0,2940.0,1700,1240.0,South,Andhra Pradesh,Vijayawada,Debit Card
ORD100315,2025-05-06,CUST1431,Sneha Shah,Smartphone,Electronics,3,33600.0,100800.0,81000,19800.0,North,Haryana,Gurugram,Net Banking
ORD100316,2025-12-08,CUST1365,Sneha Patil,Laptop,Electronics,5,65000.0,325000.0,260000,65000.0,North,Uttar Pradesh,Noida,Cash on Delivery
ORD100317,2025-12-07,CUST1497,Pooja Mehta,Desk,Furniture,1,12000.0,12000.0,9000,3000.0,South,Tamil Nadu,Chennai,Net Banking
ORD100318,2025-12-20,CUST1111,Ananya Nair,Headphones,Accessories,1,3500.0,3500.0,2200,1300.0,East,Jharkhand,Ranchi,Debit Card
ORD100319,2025-12-07,CUST1999,Pooja Joshi,Mouse,Accessories,2,1200.0,2400.0,1400,1000.0,North,Delhi,New Delhi,Net Banking
ORD100320,2025-06-22,CUST1822,Aditya Shah,Headphones,Accessories,4,3500.0,14000.0,8800,5200.0,North,Uttar Pradesh,Noida,Net Banking
ORD100321,2025-01-12,CUST1558,Sahil Singh,Webcam,Accessories,2,2660.0,5320.0,3400,1920.0,West,Maharashtra,Nashik,UPI
ORD100322,2025-08-04,CUST1587,Arjun Chaudhary,Keyboard,Accessories,2,2200.0,4400.0,2800,1600.0,North,Uttar Pradesh,Noida,Debit Card
ORD100323,2025-04-02,CUST1082,Tanvi Shah,Desk,Furniture,2,12000.0,24000.0,18000,6000.0,East,Bihar,Patna,Debit Card
ORD100324,2025-12-03,CUST1849,Sahil Nair,Mouse,Accessories,1,1200.0,1200.0,700,500.0,South,Tamil Nadu,Chennai,UPI
ORD100325,2025-07-08,CUST1943,Diya Nair,Laptop,Electronics,1,65000.0,65000.0,52000,13000.0,East,Bihar,Patna,Credit Card
ORD100326,2025-06-18,CUST1194,Priya Yadav,Webcam,Accessories,3,2800.0,8400.0,5100,3300.0,South,Tamil Nadu,Chennai,Debit Card
ORD100327,2025-01-30,CUST1327,Karan Kulkarni,Tablet,Electronics,5,24000.0,120000.0,97500,22500.0,North,Punjab,Ludhiana,Debit Card
ORD100328,2025-07-07,CUST1901,Meera Kulkarni,Laptop,Electronics,2,65000.0,130000.0,104000,26000.0,West,Gujarat,Surat,UPI
ORD100329,2025-09-17,CUST1974,Aditya Reddy,Laptop,Electronics,1,65000.0,65000.0,52000,13000.0,South,Telangana,Hyderabad,Debit Card
ORD100330,2025-05-03,CUST1083,Sneha Nair,Keyboard,Accessories,2,2200.0,4400.0,2800,1600.0,North,Uttar Pradesh,Noida,Credit Card
ORD100331,2025-01-13,CUST1474,Aditya Patil,Tablet,Electronics,3,24000.0,72000.0,58500,13500.0,West,Maharashtra,Mumbai,Net Banking
ORD100332,2025-11-17,CUST1807,Kavya Joshi,Monitor,Electronics,1,18000.0,18000.0,13500,4500.0,West,Goa,Panaji,UPI
ORD100333,2025-02-01,CUST1023,Karan Deshmukh,Printer,Office Equipment,2,12500.0,25000.0,19600,5400.0,West,Gujarat,Surat,Credit Card
ORD100334,2025-02-22,CUST1878,Nisha Yadav,Office Chair,Furniture,2,9500.0,19000.0,14000,5000.0,South,Kerala,Kochi,Net Banking
ORD100335,2025-12-20,CUST1760,Aditya Patil,Desk,Furniture,1,12000.0,12000.0,9000,3000.0,South,Telangana,Hyderabad,Debit Card
ORD100336,2025-07-28,CUST1294,Nisha Chaudhary,Printer,Office Equipment,1,12500.0,12500.0,9800,2700.0,South,Karnataka,Bengaluru,Credit Card
ORD100337,2025-04-17,CUST1577,Riya Singh,Tablet,Electronics,4,22800.0,91200.0,78000,13200.0,West,Gujarat,Surat,Debit Card
ORD100338,2025-06-26,CUST1083,Pooja Nair,Printer,Office Equipment,2,13125.0,26250.0,19600,6650.0,South,Kerala,Kochi,Net Banking
ORD100339,2025-08-01,CUST1023,Rahul Iyer,Keyboard,Accessories,1,2200.0,2200.0,1400,800.0,West,Maharashtra,Mumbai,Cash on Delivery
ORD100340,2025-04-04,CUST1793,Arjun Iyer,Desk,Furniture,1,12000.0,12000.0,9000,3000.0,South,Karnataka,Bengaluru,UPI
ORD100341,2025-12-25,CUST1304,Diya Chaudhary,Headphones,Accessories,2,3325.0,6650.0,4400,2250.0,North,Punjab,Ludhiana,Net Banking
ORD100342,2025-01-13,CUST1455,Neha Yadav,Printer,Office Equipment,2,12500.0,25000.0,19600,5400.0,North,Haryana,Gurugram,Credit Card
ORD100343,2025-04-10,CUST1952,Riya Chaudhary,Headphones,Accessories,1,3500.0,3500.0,2200,1300.0,South,Telangana,Hyderabad,Cash on Delivery
ORD100344,2025-01-28,CUST1003,Arjun Patil,Smartphone,Electronics,1,33600.0,33600.0,27000,6600.0,South,Telangana,Hyderabad,Net Banking
ORD100345,2025-02-18,CUST1313,Ananya Nair,External SSD,Storage,3,8500.0,25500.0,18600,6900.0,North,Delhi,New Delhi,Credit Card
ORD100346,2025-12-03,CUST1770,Ishaan Kulkarni,Headphones,Accessories,2,3500.0,7000.0,4400,2600.0,West,Gujarat,Surat,Net Banking
ORD100347,2025-06-20,CUST1541,Sahil Kulkarni,Office Chair,Furniture,1,9500.0,9500.0,7000,2500.0,West,Maharashtra,Nashik,UPI
ORD100348,2025-04-14,CUST1465,Priya Iyer,Mouse,Accessories,2,1200.0,2400.0,1400,1000.0,West,Maharashtra,Mumbai,Net Banking
ORD100349,2025-05-14,CUST1421,Neha Patil,Office Chair,Furniture,1,9500.0,9500.0,7000,2500.0,East,Assam,Guwahati,Cash on Delivery
ORD100350,2025-05-15,CUST1373,Rohan Shah,Printer,Office Equipment,1,12500.0,12500.0,9800,2700.0,South,Telangana,Hyderabad,Net Banking
ORD100351,2025-02-28,CUST1214,Meera Nair,Keyboard,Accessories,3,2200.0,6600.0,4200,2400.0,West,Maharashtra,Nashik,Net Banking
ORD100352,2025-08-06,CUST1124,Sneha Iyer,Tablet,Electronics,4,24000.0,96000.0,78000,18000.0,West,Maharashtra,Pune,Net Banking
ORD100353,2025-01-28,CUST1800,Riya Iyer,Office Chair,Furniture,2,9500.0,19000.0,14000,5000.0,East,Assam,Guwahati,UPI
ORD100354,2025-12-05,CUST1301,Rahul Shah,Laptop,Electronics,2,65000.0,130000.0,104000,26000.0,West,Gujarat,Ahmedabad,Debit Card
ORD100355,2025-06-24,CUST1049,Riya Sharma,Headphones,Accessories,1,3500.0,3500.0,2200,1300.0,North,Uttar Pradesh,Noida,Net Banking
ORD100356,2025-08-29,CUST1794,Tanvi Patil,Webcam,Accessories,2,2660.0,5320.0,3400,1920.0,West,Gujarat,Ahmedabad,Credit Card
ORD100357,2025-08-14,CUST1923,Nisha Chaudhary,Headphones,Accessories,1,3500.0,3500.0,2200,1300.0,North,Delhi,New Delhi,Cash on Delivery
ORD100358,2025-10-29,CUST1714,Nisha Reddy,Office Chair,Furniture,2,9975.0,19950.0,14000,5950.0,South,Andhra Pradesh,Vijayawada,Cash on Delivery
ORD100359,2025-08-28,CUST1721,Rohan Sharma,Keyboard,Accessories,2,2200.0,4400.0,2800,1600.0,West,Gujarat,Surat,Debit Card
ORD100360,2025-02-17,CUST1252,Arjun Verma,Monitor,Electronics,2,18000.0,36000.0,27000,9000.0,East,Jharkhand,Ranchi,Debit Card
ORD100361,2025-12-24,CUST1311,Pooja Deshmukh,Office Chair,Furniture,1,9500.0,9500.0,7000,2500.0,North,Uttar Pradesh,Noida,Credit Card
ORD100362,2025-10-26,CUST1619,Aditya Sharma,Office Chair,Furniture,3,9975.0,29925.0,21000,8925.0,West,Gujarat,Ahmedabad,Cash on Delivery
ORD100363,2025-11-17,CUST1606,Arjun Iyer,Monitor,Electronics,3,18000.0,54000.0,40500,13500.0,East,Assam,Guwahati,Debit Card
ORD100364,2025-03-15,CUST1421,Rohan Singh,Smartphone,Electronics,2,32000.0,64000.0,54000,10000.0,South,Kerala,Kochi,Net Banking
ORD100365,2025-11-18,CUST1872,Rahul Yadav,Headphones,Accessories,1,3500.0,3500.0,2200,1300.0,North,Uttar Pradesh,Noida,Debit Card
ORD100366,2025-09-22,CUST1740,Sneha Mehta,Webcam,Accessories,1,2800.0,2800.0,1700,1100.0,North,Delhi,New Delhi,Debit Card
ORD100367,2025-04-04,CUST1629,Sahil Gupta,Monitor,Electronics,3,18000.0,54000.0,40500,13500.0,East,West Bengal,Kolkata,Debit Card
ORD100368,2025-06-30,CUST1861,Sneha Gupta,Keyboard,Accessories,1,2200.0,2200.0,1400,800.0,East,Bihar,Patna,Debit Card
ORD100369,2025-09-23,CUST1855,Sahil Gupta,Monitor,Electronics,4,18000.0,72000.0,54000,18000.0,South,Telangana,Hyderabad,Debit Card
ORD100370,2025-08-09,CUST1749,Aditya Kulkarni,Desk,Furniture,1,12000.0,12000.0,9000,3000.0,South,Andhra Pradesh,Vijayawada,Net Banking
ORD100371,2025-07-07,CUST1109,Pooja Verma,Headphones,Accessories,1,3500.0,3500.0,2200,1300.0,South,Tamil Nadu,Chennai,Credit Card
ORD100372,2025-08-09,CUST1109,Nisha Gupta,Tablet,Electronics,3,24000.0,72000.0,58500,13500.0,North,Uttar Pradesh,Noida,UPI
ORD100373,2025-07-14,CUST1421,Vikram Verma,Keyboard,Accessories,2,2200.0,4400.0,2800,1600.0,North,Uttar Pradesh,Noida,Debit Card
ORD100374,2025-10-17,CUST1835,Rahul Gupta,Tablet,Electronics,2,24000.0,48000.0,39000,9000.0,West,Gujarat,Ahmedabad,UPI
ORD100375,2025-09-06,CUST1509,Neha Singh,Laptop,Electronics,1,61750.0,61750.0,52000,9750.0,North,Uttar Pradesh,Noida,Net Banking
ORD100376,2025-07-31,CUST1317,Ishaan Joshi,Webcam,Accessories,5,2800.0,14000.0,8500,5500.0,North,Delhi,New Delhi,Debit Card
ORD100377,2025-12-09,CUST1169,Arjun Iyer,Keyboard,Accessories,4,2200.0,8800.0,5600,3200.0,West,Gujarat,Ahmedabad,Credit Card
ORD100378,2025-02-16,CUST1382,Tanvi Singh,Monitor,Electronics,2,18000.0,36000.0,27000,9000.0,East,Assam,Guwahati,Net Banking
ORD100379,2025-07-21,CUST1799,Karan Shah,Smartphone,Electronics,1,32000.0,32000.0,27000,5000.0,West,Goa,Panaji,Debit Card
ORD100380,2025-04-21,CUST1560,Karan Gupta,Monitor,Electronics,1,18000.0,18000.0,13500,4500.0,South,Karnataka,Bengaluru,UPI
ORD100381,2025-03-29,CUST1489,Arjun Sharma,Desk,Furniture,2,12000.0,24000.0,18000,6000.0,South,Karnataka,Bengaluru,Credit Card
ORD100382,2025-11-09,CUST1638,Kavya Nair,Tablet,Electronics,3,24000.0,72000.0,58500,13500.0,West,Maharashtra,Nashik,UPI
ORD100383,2025-01-03,CUST1245,Sahil Gupta,Monitor,Electronics,1,18000.0,18000.0,13500,4500.0,South,Andhra Pradesh,Vijayawada,UPI
ORD100384,2025-04-10,CUST1783,Ananya Mehta,Laptop,Electronics,4,65000.0,260000.0,208000,52000.0,South,Andhra Pradesh,Vijayawada,Net Banking
ORD100385,2025-07-08,CUST1674,Aarav Reddy,Monitor,Electronics,3,17100.0,51300.0,40500,10800.0,West,Maharashtra,Nashik,Net Banking
ORD100386,2025-10-10,CUST1193,Meera Verma,Tablet,Electronics,2,24000.0,48000.0,39000,9000.0,South,Tamil Nadu,Chennai,Cash on Delivery
ORD100387,2025-01-02,CUST1151,Arjun Yadav,Keyboard,Accessories,3,2200.0,6600.0,4200,2400.0,East,Bihar,Patna,Debit Card
ORD100388,2025-11-24,CUST1500,Pooja Patil,Printer,Office Equipment,3,13125.0,39375.0,29400,9975.0,South,Tamil Nadu,Chennai,Net Banking
ORD100389,2025-01-05,CUST1097,Karan Chaudhary,Laptop,Electronics,1,65000.0,65000.0,52000,13000.0,North,Rajasthan,Jaipur,UPI
ORD100390,2025-07-16,CUST1726,Neha Verma,External SSD,Storage,1,8075.0,8075.0,6200,1875.0,North,Punjab,Ludhiana,Debit Card
ORD100391,2025-01-14,CUST1215,Kavya Iyer,Monitor,Electronics,5,18000.0,90000.0,67500,22500.0,West,Gujarat,Ahmedabad,Debit Card
ORD100392,2025-08-06,CUST1569,Rahul Singh,Webcam,Accessories,1,2800.0,2800.0,1700,1100.0,South,Kerala,Kochi,Cash on Delivery
ORD100393,2025-08-07,CUST1082,Neha Joshi,Office Chair,Furniture,2,9975.0,19950.0,14000,5950.0,West,Goa,Panaji,UPI
ORD100394,2025-10-07,CUST1636,Priya Patil,External SSD,Storage,1,8500.0,8500.0,6200,2300.0,West,Maharashtra,Nashik,Credit Card
ORD100395,2025-02-10,CUST1020,Vikram Chaudhary,Webcam,Accessories,2,2800.0,5600.0,3400,2200.0,East,Bihar,Patna,Net Banking
ORD100396,2025-05-14,CUST1835,Aditya Chaudhary,External SSD,Storage,2,8500.0,17000.0,12400,4600.0,North,Punjab,Ludhiana,Debit Card
ORD100397,2025-03-06,CUST1452,Aditya Nair,Office Chair,Furniture,2,9500.0,19000.0,14000,5000.0,North,Delhi,New Delhi,Debit Card
ORD100398,2025-09-05,CUST1891,Priya Joshi,Office Chair,Furniture,4,9500.0,38000.0,28000,10000.0,North,Rajasthan,Jaipur,Net Banking
ORD100399,2025-05-17,CUST1817,Arjun Deshmukh,Monitor,Electronics,1,17100.0,17100.0,13500,3600.0,North,Rajasthan,Jaipur,Net Banking
ORD100400,2025-11-26,CUST1657,Ishaan Chaudhary,Keyboard,Accessories,2,2200.0,4400.0,2800,1600.0,East,Jharkhand,Ranchi,Credit Card
ORD100401,2025-04-03,CUST1644,Vikram Iyer,Desk,Furniture,3,11400.0,34200.0,27000,7200.0,North,Punjab,Ludhiana,Debit Card
ORD100402,2025-07-31,CUST1946,Neha Mehta,Printer,Office Equipment,2,12500.0,25000.0,19600,5400.0,North,Punjab,Ludhiana,Cash on Delivery
ORD100403,2025-03-10,CUST1737,Vikram Iyer,Tablet,Electronics,3,24000.0,72000.0,58500,13500.0,South,Andhra Pradesh,Vijayawada,Debit Card
ORD100404,2025-12-04,CUST1528,Aarav Shah,Monitor,Electronics,1,18000.0,18000.0,13500,4500.0,West,Gujarat,Surat,Credit Card
ORD100405,2025-12-24,CUST1970,Tanvi Verma,Monitor,Electronics,2,18000.0,36000.0,27000,9000.0,South,Tamil Nadu,Chennai,UPI
ORD100406,2025-10-22,CUST1857,Ishaan Shah,Smartphone,Electronics,3,32000.0,96000.0,81000,15000.0,South,Tamil Nadu,Chennai,UPI
ORD100407,2025-12-29,CUST1570,Aditya Nair,External SSD,Storage,2,8500.0,17000.0,12400,4600.0,North,Rajasthan,Jaipur,Debit Card
ORD100408,2025-12-20,CUST1530,Vikram Yadav,External SSD,Storage,2,8500.0,17000.0,12400,4600.0,South,Kerala,Kochi,Debit Card
ORD100409,2025-11-20,CUST1088,Riya Chaudhary,Office Chair,Furniture,2,9500.0,19000.0,14000,5000.0,West,Gujarat,Ahmedabad,Net Banking
ORD100410,2025-07-21,CUST1645,Priya Nair,Laptop,Electronics,1,68250.0,68250.0,52000,16250.0,South,Telangana,Hyderabad,Net Banking
ORD100411,2025-05-09,CUST1069,Ananya Gupta,Headphones,Accessories,3,3500.0,10500.0,6600,3900.0,South,Tamil Nadu,Chennai,Net Banking
ORD100412,2025-08-25,CUST1153,Sahil Kulkarni,External SSD,Storage,2,8500.0,17000.0,12400,4600.0,West,Maharashtra,Mumbai,Cash on Delivery
ORD100413,2025-11-13,CUST1213,Aarav Sharma,Mouse,Accessories,2,1260.0,2520.0,1400,1120.0,South,Karnataka,Bengaluru,UPI
ORD100414,2025-03-17,CUST1087,Diya Mehta,Webcam,Accessories,1,2800.0,2800.0,1700,1100.0,North,Punjab,Ludhiana,Debit Card
ORD100415,2025-04-22,CUST1372,Sneha Reddy,Printer,Office Equipment,1,12500.0,12500.0,9800,2700.0,West,Maharashtra,Pune,Cash on Delivery
ORD100416,2025-09-03,CUST1662,Nisha Reddy,Laptop,Electronics,2,65000.0,130000.0,104000,26000.0,South,Andhra Pradesh,Vijayawada,UPI
ORD100417,2025-06-11,CUST1115,Vikram Yadav,Laptop,Electronics,3,65000.0,195000.0,156000,39000.0,North,Haryana,Gurugram,UPI
ORD100418,2025-05-17,CUST1509,Meera Shah,Office Chair,Furniture,1,9500.0,9500.0,7000,2500.0,South,Tamil Nadu,Chennai,UPI
ORD100419,2025-05-21,CUST1499,Nisha Patil,Laptop,Electronics,1,65000.0,65000.0,52000,13000.0,North,Haryana,Gurugram,UPI
ORD100420,2025-01-17,CUST1282,Kavya Kulkarni,Monitor,Electronics,2,18000.0,36000.0,27000,9000.0,West,Gujarat,Surat,Cash on Delivery
ORD100421,2025-01-17,CUST1574,Aarav Sharma,Headphones,Accessories,1,3500.0,3500.0,2200,1300.0,South,Tamil Nadu,Chennai,Debit Card
ORD100422,2025-06-05,CUST1822,Priya Singh,Printer,Office Equipment,2,12500.0,25000.0,19600,5400.0,South,Tamil Nadu,Chennai,UPI
ORD100423,2025-04-28,CUST1947,Pooja Yadav,Tablet,Electronics,3,24000.0,72000.0,58500,13500.0,South,Andhra Pradesh,Vijayawada,UPI
ORD100424,2025-06-30,CUST1139,Vikram Verma,Smartphone,Electronics,3,32000.0,96000.0,81000,15000.0,North,Punjab,Ludhiana,UPI
ORD100425,2025-12-26,CUST1185,Rohan Iyer,Tablet,Electronics,1,24000.0,24000.0,19500,4500.0,West,Maharashtra,Mumbai,Net Banking
ORD100426,2025-01-20,CUST1335,Sneha Chaudhary,External SSD,Storage,1,8500.0,8500.0,6200,2300.0,North,Delhi,New Delhi,Cash on Delivery
ORD100427,2025-03-03,CUST1951,Meera Shah,Desk,Furniture,1,12000.0,12000.0,9000,3000.0,West,Maharashtra,Nashik,Net Banking
ORD100428,2025-09-13,CUST1062,Riya Patil,Desk,Furniture,2,12000.0,24000.0,18000,6000.0,North,Punjab,Ludhiana,UPI
ORD100429,2025-05-16,CUST1932,Priya Singh,Printer,Office Equipment,1,12500.0,12500.0,9800,2700.0,West,Gujarat,Ahmedabad,UPI
ORD100430,2025-07-30,CUST1355,Sahil Sharma,Office Chair,Furniture,1,9500.0,9500.0,7000,2500.0,North,Rajasthan,Jaipur,Net Banking
ORD100431,2025-10-04,CUST1991,Karan Deshmukh,Desk,Furniture,1,12000.0,12000.0,9000,3000.0,West,Maharashtra,Pune,Credit Card
ORD100432,2025-09-24,CUST1269,Rahul Nair,Mouse,Accessories,2,1200.0,2400.0,1400,1000.0,East,Assam,Guwahati,Debit Card
ORD100433,2025-07-26,CUST1395,Rahul Yadav,Printer,Office Equipment,3,12500.0,37500.0,29400,8100.0,West,Maharashtra,Nashik,UPI
ORD100434,2025-08-27,CUST1806,Karan Reddy,Office Chair,Furniture,1,9500.0,9500.0,7000,2500.0,South,Kerala,Kochi,Debit Card
ORD100435,2025-12-22,CUST1923,Tanvi Nair,Webcam,Accessories,1,2800.0,2800.0,1700,1100.0,South,Andhra Pradesh,Vijayawada,Credit Card
ORD100436,2025-12-06,CUST1869,Sahil Mehta,Smartphone,Electronics,1,33600.0,33600.0,27000,6600.0,South,Kerala,Kochi,Net Banking
ORD100437,2025-11-12,CUST1517,Ananya Iyer,Laptop,Electronics,1,65000.0,65000.0,52000,13000.0,North,Delhi,New Delhi,Credit Card
ORD100438,2025-08-18,CUST1077,Kavya Kulkarni,Webcam,Accessories,2,2800.0,5600.0,3400,2200.0,North,Punjab,Ludhiana,Credit Card
ORD100439,2025-05-20,CUST1276,Priya Shah,Monitor,Electronics,2,17100.0,34200.0,27000,7200.0,South,Karnataka,Bengaluru,Debit Card
ORD100440,2025-10-18,CUST1781,Vikram Nair,Desk,Furniture,1,12000.0,12000.0,9000,3000.0,South,Telangana,Hyderabad,Net Banking
ORD100441,2025-03-27,CUST1803,Priya Joshi,Desk,Furniture,1,11400.0,11400.0,9000,2400.0,North,Punjab,Ludhiana,Credit Card
ORD100442,2025-05-18,CUST1125,Diya Joshi,Laptop,Electronics,1,68250.0,68250.0,52000,16250.0,South,Tamil Nadu,Chennai,Debit Card
ORD100443,2025-06-02,CUST1939,Rahul Nair,Printer,Office Equipment,2,12500.0,25000.0,19600,5400.0,West,Gujarat,Surat,Net Banking
ORD100444,2025-02-20,CUST1315,Diya Iyer,Keyboard,Accessories,4,2200.0,8800.0,5600,3200.0,East,Bihar,Patna,Cash on Delivery
ORD100445,2025-07-08,CUST1288,Tanvi Shah,External SSD,Storage,1,8925.0,8925.0,6200,2725.0,North,Delhi,New Delhi,Credit Card
ORD100446,2025-02-28,CUST1343,Rohan Joshi,Desk,Furniture,1,12600.0,12600.0,9000,3600.0,South,Telangana,Hyderabad,UPI
ORD100447,2025-04-14,CUST1655,Arjun Sharma,Printer,Office Equipment,1,12500.0,12500.0,9800,2700.0,West,Goa,Panaji,Net Banking
ORD100448,2025-02-28,CUST1112,Sahil Patil,Webcam,Accessories,3,2800.0,8400.0,5100,3300.0,North,Delhi,New Delhi,Debit Card
ORD100449,2025-10-20,CUST1834,Sneha Nair,External SSD,Storage,4,8500.0,34000.0,24800,9200.0,North,Uttar Pradesh,Noida,UPI
ORD100450,2025-01-08,CUST1660,Riya Chaudhary,Webcam,Accessories,2,2660.0,5320.0,3400,1920.0,South,Telangana,Hyderabad,Cash on Delivery
ORD100451,2025-08-23,CUST1830,Priya Reddy,Tablet,Electronics,2,24000.0,48000.0,39000,9000.0,West,Maharashtra,Pune,Cash on Delivery
ORD100452,2025-07-31,CUST1179,Neha Verma,Desk,Furniture,2,12000.0,24000.0,18000,6000.0,East,Bihar,Patna,Cash on Delivery
ORD100453,2025-08-19,CUST1380,Tanvi Gupta,Office Chair,Furniture,1,9500.0,9500.0,7000,2500.0,South,Karnataka,Bengaluru,Cash on Delivery
ORD100454,2025-04-08,CUST1523,Pooja Reddy,Smartphone,Electronics,3,33600.0,100800.0,81000,19800.0,North,Delhi,New Delhi,Credit Card
ORD100455,2025-03-25,CUST1783,Rahul Gupta,Smartphone,Electronics,1,30400.0,30400.0,27000,3400.0,West,Maharashtra,Mumbai,Debit Card
ORD100456,2025-12-16,CUST1093,Tanvi Kulkarni,Headphones,Accessories,1,3500.0,3500.0,2200,1300.0,South,Kerala,Kochi,Net Banking
ORD100457,2025-03-27,CUST1794,Arjun Joshi,Office Chair,Furniture,1,9500.0,9500.0,7000,2500.0,West,Maharashtra,Pune,Net Banking
ORD100458,2025-07-11,CUST1453,Tanvi Reddy,Monitor,Electronics,2,18000.0,36000.0,27000,9000.0,West,Goa,Panaji,Credit Card
ORD100459,2025-08-11,CUST1247,Karan Sharma,Tablet,Electronics,1,24000.0,24000.0,19500,4500.0,West,Maharashtra,Nashik,Credit Card
ORD100460,2025-01-18,CUST1688,Sneha Singh,Printer,Office Equipment,1,12500.0,12500.0,9800,2700.0,South,Andhra Pradesh,Vijayawada,Debit Card
ORD100461,2025-02-01,CUST1849,Kavya Nair,External SSD,Storage,1,8500.0,8500.0,6200,2300.0,South,Telangana,Hyderabad,UPI
ORD100462,2025-02-07,CUST1844,Neha Iyer,Tablet,Electronics,2,24000.0,48000.0,39000,9000.0,North,Punjab,Ludhiana,Debit Card
ORD100463,2025-12-11,CUST1187,Kavya Gupta,External SSD,Storage,3,8500.0,25500.0,18600,6900.0,North,Punjab,Ludhiana,Cash on Delivery
ORD100464,2025-05-12,CUST1310,Tanvi Iyer,Laptop,Electronics,2,65000.0,130000.0,104000,26000.0,South,Tamil Nadu,Chennai,Net Banking
ORD100465,2025-02-22,CUST1220,Ishaan Kulkarni,Smartphone,Electronics,2,32000.0,64000.0,54000,10000.0,East,Assam,Guwahati,Debit Card
ORD100466,2025-03-13,CUST1247,Ishaan Kulkarni,External SSD,Storage,4,8500.0,34000.0,24800,9200.0,North,Haryana,Gurugram,UPI
ORD100467,2025-10-14,CUST1827,Rohan Sharma,Webcam,Accessories,4,2800.0,11200.0,6800,4400.0,North,Punjab,Ludhiana,Cash on Delivery
ORD100468,2025-01-13,CUST1383,Sahil Deshmukh,Headphones,Accessories,1,3500.0,3500.0,2200,1300.0,West,Maharashtra,Pune,Cash on Delivery
ORD100469,2025-09-30,CUST1897,Arjun Sharma,Office Chair,Furniture,1,9500.0,9500.0,7000,2500.0,South,Kerala,Kochi,Credit Card
ORD100470,2025-08-17,CUST1781,Vikram Shah,Tablet,Electronics,4,24000.0,96000.0,78000,18000.0,East,Assam,Guwahati,UPI
ORD100471,2025-08-09,CUST1608,Kavya Nair,External SSD,Storage,3,8500.0,25500.0,18600,6900.0,South,Telangana,Hyderabad,Credit Card
ORD100472,2025-07-20,CUST1143,Pooja Gupta,Desk,Furniture,1,12000.0,12000.0,9000,3000.0,West,Gujarat,Surat,Net Banking
ORD100473,2025-05-17,CUST1308,Aarav Singh,Office Chair,Furniture,1,9025.0,9025.0,7000,2025.0,South,Andhra Pradesh,Vijayawada,UPI
ORD100474,2025-03-13,CUST1237,Rohan Sharma,External SSD,Storage,1,8500.0,8500.0,6200,2300.0,West,Maharashtra,Mumbai,Debit Card
ORD100475,2025-08-09,CUST1273,Riya Iyer,External SSD,Storage,1,8500.0,8500.0,6200,2300.0,North,Haryana,Gurugram,Cash on Delivery
ORD100476,2025-08-21,CUST1712,Pooja Chaudhary,Headphones,Accessories,1,3500.0,3500.0,2200,1300.0,South,Telangana,Hyderabad,UPI
ORD100477,2025-06-05,CUST1871,Meera Verma,Keyboard,Accessories,1,2200.0,2200.0,1400,800.0,North,Delhi,New Delhi,Debit Card
ORD100478,2025-08-02,CUST1580,Pooja Gupta,Laptop,Electronics,3,68250.0,204750.0,156000,48750.0,South,Kerala,Kochi,Credit Card
ORD100479,2025-09-04,CUST1228,Karan Singh,Laptop,Electronics,1,65000.0,65000.0,52000,13000.0,West,Maharashtra,Mumbai,Net Banking
ORD100480,2025-10-31,CUST1210,Aarav Mehta,Keyboard,Accessories,1,2200.0,2200.0,1400,800.0,West,Maharashtra,Nashik,UPI
ORD100481,2025-07-03,CUST1912,Neha Iyer,External SSD,Storage,4,8075.0,32300.0,24800,7500.0,West,Maharashtra,Mumbai,Net Banking
ORD100482,2025-12-26,CUST1282,Rahul Singh,Tablet,Electronics,1,24000.0,24000.0,19500,4500.0,West,Gujarat,Surat,Credit Card
ORD100483,2025-04-15,CUST1163,Karan Iyer,Keyboard,Accessories,1,2310.0,2310.0,1400,910.0,East,Assam,Guwahati,Cash on Delivery
ORD100484,2025-03-28,CUST1132,Rohan Deshmukh,External SSD,Storage,3,8500.0,25500.0,18600,6900.0,North,Haryana,Gurugram,UPI
ORD100485,2025-08-02,CUST1628,Sahil Sharma,Webcam,Accessories,4,2800.0,11200.0,6800,4400.0,West,Goa,Panaji,Cash on Delivery
ORD100486,2025-01-25,CUST1302,Sahil Iyer,Laptop,Electronics,2,65000.0,130000.0,104000,26000.0,West,Gujarat,Surat,Cash on Delivery
ORD100487,2025-04-01,CUST1471,Rohan Iyer,Tablet,Electronics,1,22800.0,22800.0,19500,3300.0,West,Gujarat,Surat,Credit Card
ORD100488,2025-07-22,CUST1712,Sahil Sharma,Headphones,Accessories,1,3500.0,3500.0,2200,1300.0,South,Tamil Nadu,Chennai,Cash on Delivery
ORD100489,2025-07-16,CUST1861,Sneha Chaudhary,Headphones,Accessories,1,3500.0,3500.0,2200,1300.0,West,Gujarat,Surat,UPI
ORD100490,2025-11-28,CUST1108,Riya Yadav,Desk,Furniture,2,12000.0,24000.0,18000,6000.0,North,Delhi,New Delhi,Credit Card
ORD100491,2025-07-05,CUST1735,Neha Deshmukh,Desk,Furniture,1,12000.0,12000.0,9000,3000.0,South,Andhra Pradesh,Vijayawada,Cash on Delivery
ORD100492,2025-11-17,CUST1111,Meera Joshi,Tablet,Electronics,1,24000.0,24000.0,19500,4500.0,West,Gujarat,Ahmedabad,UPI
ORD100493,2025-01-08,CUST1208,Ananya Nair,Office Chair,Furniture,2,9025.0,18050.0,14000,4050.0,North,Rajasthan,Jaipur,UPI
ORD100494,2025-06-12,CUST1774,Tanvi Nair,Laptop,Electronics,1,65000.0,65000.0,52000,13000.0,North,Rajasthan,Jaipur,Cash on Delivery
ORD100495,2025-07-16,CUST1006,Ananya Yadav,Webcam,Accessories,1,2800.0,2800.0,1700,1100.0,South,Andhra Pradesh,Vijayawada,Credit Card
ORD100496,2025-02-28,CUST1710,Sahil Chaudhary,Laptop,Electronics,1,65000.0,65000.0,52000,13000.0,North,Haryana,Gurugram,Credit Card
ORD100497,2025-01-19,CUST1399,Rohan Deshmukh,Monitor,Electronics,2,17100.0,34200.0,27000,7200.0,West,Maharashtra,Pune,Debit Card
ORD100498,2025-11-13,CUST1872,Priya Yadav,External SSD,Storage,1,8500.0,8500.0,6200,2300.0,South,Tamil Nadu,Chennai,Cash on Delivery
ORD100499,2025-05-08,CUST1826,Sneha Chaudhary,Laptop,Electronics,1,65000.0,65000.0,52000,13000.0,East,Odisha,Bhubaneswar,Cash on Delivery
ORD100500,2025-09-16,CUST1287,Sneha Patil,Mouse,Accessories,4,1200.0,4800.0,2800,2000.0,North,Uttar Pradesh,Noida,Debit Card
ORD100501,2025-11-09,CUST1125,Pooja Deshmukh,Printer,Office Equipment,3,13125.0,39375.0,29400,9975.0,West,Maharashtra,Mumbai,Debit Card
ORD100502,2025-06-22,CUST1382,Aditya Shah,Office Chair,Furniture,2,9500.0,19000.0,14000,5000.0,West,Maharashtra,Mumbai,Cash on Delivery
ORD100503,2025-09-28,CUST1146,Ishaan Mehta,Webcam,Accessories,1,2800.0,2800.0,1700,1100.0,East,Assam,Guwahati,Credit Card
ORD100504,2025-10-26,CUST1651,Ananya Mehta,Printer,Office Equipment,1,12500.0,12500.0,9800,2700.0,West,Gujarat,Ahmedabad,UPI
ORD100505,2025-07-12,CUST1534,Ishaan Verma,Mouse,Accessories,2,1200.0,2400.0,1400,1000.0,West,Maharashtra,Pune,Net Banking
ORD100506,2025-03-28,CUST1076,Neha Yadav,Webcam,Accessories,1,2800.0,2800.0,1700,1100.0,South,Tamil Nadu,Chennai,UPI
ORD100507,2025-09-13,CUST1047,Vikram Joshi,Monitor,Electronics,1,17100.0,17100.0,13500,3600.0,West,Maharashtra,Pune,UPI
ORD100508,2025-05-07,CUST1606,Tanvi Mehta,External SSD,Storage,3,8500.0,25500.0,18600,6900.0,West,Maharashtra,Pune,UPI
ORD100509,2025-08-02,CUST1597,Riya Shah,Printer,Office Equipment,1,11875.0,11875.0,9800,2075.0,South,Kerala,Kochi,Cash on Delivery
ORD100510,2025-11-27,CUST1054,Rahul Patil,Smartphone,Electronics,3,33600.0,100800.0,81000,19800.0,West,Goa,Panaji,UPI
ORD100511,2025-08-27,CUST1431,Rohan Shah,Keyboard,Accessories,2,2310.0,4620.0,2800,1820.0,North,Rajasthan,Jaipur,Credit Card
ORD100512,2025-09-20,CUST1072,Vikram Iyer,External SSD,Storage,5,8500.0,42500.0,31000,11500.0,North,Uttar Pradesh,Noida,Net Banking
ORD100513,2025-11-21,CUST1520,Arjun Joshi,External SSD,Storage,3,8500.0,25500.0,18600,6900.0,North,Punjab,Ludhiana,Credit Card
ORD100514,2025-03-12,CUST1970,Priya Reddy,Mouse,Accessories,2,1200.0,2400.0,1400,1000.0,North,Rajasthan,Jaipur,Cash on Delivery
ORD100515,2025-10-02,CUST1436,Vikram Reddy,Mouse,Accessories,2,1200.0,2400.0,1400,1000.0,North,Rajasthan,Jaipur,Cash on Delivery
ORD100516,2025-11-15,CUST1838,Sahil Singh,Office Chair,Furniture,3,9500.0,28500.0,21000,7500.0,West,Gujarat,Surat,Net Banking
ORD100517,2025-02-03,CUST1471,Sneha Verma,Monitor,Electronics,1,17100.0,17100.0,13500,3600.0,North,Haryana,Gurugram,Cash on Delivery
ORD100518,2025-08-19,CUST1841,Vikram Gupta,Desk,Furniture,1,12000.0,12000.0,9000,3000.0,South,Andhra Pradesh,Vijayawada,Debit Card
ORD100519,2025-12-04,CUST1050,Neha Gupta,Keyboard,Accessories,2,2200.0,4400.0,2800,1600.0,South,Kerala,Kochi,Cash on Delivery
ORD100520,2025-10-25,CUST1589,Rohan Patil,Mouse,Accessories,1,1200.0,1200.0,700,500.0,South,Tamil Nadu,Chennai,UPI
ORD100521,2025-07-08,CUST1853,Ananya Singh,Office Chair,Furniture,5,9500.0,47500.0,35000,12500.0,North,Uttar Pradesh,Noida,Debit Card
ORD100522,2025-09-02,CUST1423,Karan Reddy,Headphones,Accessories,1,3500.0,3500.0,2200,1300.0,South,Tamil Nadu,Chennai,Debit Card
ORD100523,2025-07-28,CUST1607,Nisha Yadav,Tablet,Electronics,3,22800.0,68400.0,58500,9900.0,South,Andhra Pradesh,Vijayawada,UPI
ORD100524,2025-10-07,CUST1618,Kavya Patil,Desk,Furniture,2,12000.0,24000.0,18000,6000.0,East,West Bengal,Kolkata,Net Banking
ORD100525,2025-07-14,CUST1012,Sneha Verma,External SSD,Storage,5,8500.0,42500.0,31000,11500.0,West,Maharashtra,Nashik,Credit Card
ORD100526,2025-10-08,CUST1796,Sahil Chaudhary,Desk,Furniture,3,11400.0,34200.0,27000,7200.0,North,Haryana,Gurugram,Cash on Delivery
ORD100527,2025-09-03,CUST1421,Rahul Iyer,Office Chair,Furniture,2,9500.0,19000.0,14000,5000.0,South,Karnataka,Bengaluru,Cash on Delivery
ORD100528,2025-11-18,CUST1601,Aditya Mehta,Webcam,Accessories,1,2800.0,2800.0,1700,1100.0,West,Maharashtra,Mumbai,Net Banking
ORD100529,2025-03-01,CUST1039,Aditya Gupta,Tablet,Electronics,1,22800.0,22800.0,19500,3300.0,West,Maharashtra,Mumbai,Credit Card
ORD100530,2025-01-15,CUST1285,Tanvi Patil,Laptop,Electronics,1,65000.0,65000.0,52000,13000.0,South,Kerala,Kochi,Net Banking
ORD100531,2025-05-26,CUST1869,Tanvi Reddy,Headphones,Accessories,1,3500.0,3500.0,2200,1300.0,North,Rajasthan,Jaipur,Credit Card
ORD100532,2025-08-05,CUST1356,Priya Nair,Office Chair,Furniture,5,9500.0,47500.0,35000,12500.0,North,Uttar Pradesh,Noida,UPI
ORD100533,2025-05-29,CUST1965,Priya Shah,Mouse,Accessories,1,1200.0,1200.0,700,500.0,South,Tamil Nadu,Chennai,Debit Card
ORD100534,2025-02-15,CUST1711,Tanvi Nair,Smartphone,Electronics,2,33600.0,67200.0,54000,13200.0,West,Goa,Panaji,Net Banking
ORD100535,2025-09-13,CUST1616,Sahil Deshmukh,Laptop,Electronics,2,65000.0,130000.0,104000,26000.0,South,Kerala,Kochi,Debit Card
ORD100536,2025-07-31,CUST1251,Meera Nair,Desk,Furniture,1,12000.0,12000.0,9000,3000.0,West,Maharashtra,Nashik,Debit Card
ORD100537,2025-03-30,CUST1731,Diya Yadav,Headphones,Accessories,1,3500.0,3500.0,2200,1300.0,North,Delhi,New Delhi,UPI
ORD100538,2025-08-06,CUST1054,Riya Nair,Mouse,Accessories,3,1260.0,3780.0,2100,1680.0,West,Maharashtra,Nashik,Debit Card
ORD100539,2025-12-06,CUST1706,Aarav Sharma,Mouse,Accessories,1,1200.0,1200.0,700,500.0,North,Delhi,New Delhi,Cash on Delivery
ORD100540,2025-10-03,CUST1621,Rohan Gupta,Keyboard,Accessories,1,2200.0,2200.0,1400,800.0,North,Uttar Pradesh,Noida,UPI
ORD100541,2025-03-27,CUST1188,Sneha Nair,Smartphone,Electronics,2,32000.0,64000.0,54000,10000.0,East,Bihar,Patna,Net Banking
ORD100542,2025-12-12,CUST1810,Sahil Kulkarni,Mouse,Accessories,3,1200.0,3600.0,2100,1500.0,North,Rajasthan,Jaipur,Debit Card
ORD100543,2025-09-25,CUST1435,Pooja Deshmukh,Office Chair,Furniture,2,9025.0,18050.0,14000,4050.0,West,Gujarat,Surat,Debit Card
ORD100544,2025-08-18,CUST1884,Ishaan Reddy,Office Chair,Furniture,1,9500.0,9500.0,7000,2500.0,West,Maharashtra,Nashik,UPI
ORD100545,2025-09-24,CUST1263,Vikram Kulkarni,Office Chair,Furniture,3,9500.0,28500.0,21000,7500.0,West,Maharashtra,Nashik,Cash on Delivery
ORD100546,2025-02-15,CUST1421,Pooja Joshi,Mouse,Accessories,3,1200.0,3600.0,2100,1500.0,West,Maharashtra,Mumbai,Cash on Delivery
ORD100547,2025-03-16,CUST1260,Sahil Chaudhary,Tablet,Electronics,3,24000.0,72000.0,58500,13500.0,East,Assam,Guwahati,UPI
ORD100548,2025-01-28,CUST1498,Sneha Deshmukh,Smartphone,Electronics,1,32000.0,32000.0,27000,5000.0,North,Punjab,Ludhiana,Debit Card
ORD100549,2025-12-14,CUST1798,Tanvi Verma,Printer,Office Equipment,1,12500.0,12500.0,9800,2700.0,North,Rajasthan,Jaipur,UPI
ORD100550,2025-02-16,CUST1618,Pooja Chaudhary,Keyboard,Accessories,1,2200.0,2200.0,1400,800.0,North,Uttar Pradesh,Noida,Cash on Delivery
ORD100551,2025-11-26,CUST1169,Nisha Sharma,Webcam,Accessories,4,2800.0,11200.0,6800,4400.0,South,Karnataka,Bengaluru,Credit Card
ORD100552,2025-07-07,CUST1748,Aarav Sharma,Printer,Office Equipment,1,12500.0,12500.0,9800,2700.0,South,Andhra Pradesh,Vijayawada,Credit Card
ORD100553,2025-07-08,CUST1178,Kavya Reddy,Mouse,Accessories,2,1200.0,2400.0,1400,1000.0,South,Tamil Nadu,Chennai,Debit Card
ORD100554,2025-11-30,CUST1544,Riya Shah,Tablet,Electronics,1,24000.0,24000.0,19500,4500.0,West,Maharashtra,Nashik,UPI
ORD100555,2025-02-08,CUST1529,Arjun Joshi,Monitor,Electronics,1,18000.0,18000.0,13500,4500.0,West,Gujarat,Surat,Credit Card
ORD100556,2025-06-30,CUST1090,Arjun Patil,Smartphone,Electronics,3,33600.0,100800.0,81000,19800.0,North,Punjab,Ludhiana,Cash on Delivery
ORD100557,2025-06-01,CUST1712,Ishaan Yadav,Laptop,Electronics,5,65000.0,325000.0,260000,65000.0,West,Maharashtra,Mumbai,Debit Card
ORD100558,2025-04-28,CUST1524,Rahul Joshi,Headphones,Accessories,1,3500.0,3500.0,2200,1300.0,North,Rajasthan,Jaipur,Debit Card
ORD100559,2025-09-28,CUST1117,Riya Reddy,Smartphone,Electronics,1,32000.0,32000.0,27000,5000.0,East,Assam,Guwahati,Credit Card
ORD100560,2025-07-05,CUST1748,Riya Patil,Mouse,Accessories,1,1200.0,1200.0,700,500.0,West,Gujarat,Ahmedabad,UPI
ORD100561,2025-04-03,CUST1098,Arjun Sharma,External SSD,Storage,1,8500.0,8500.0,6200,2300.0,West,Maharashtra,Mumbai,Credit Card
ORD100562,2025-06-16,CUST1910,Priya Iyer,External SSD,Storage,3,8500.0,25500.0,18600,6900.0,East,Odisha,Bhubaneswar,Net Banking
ORD100563,2025-02-11,CUST1197,Diya Deshmukh,External SSD,Storage,2,8500.0,17000.0,12400,4600.0,West,Maharashtra,Pune,Cash on Delivery
ORD100564,2025-09-23,CUST1339,Vikram Verma,Desk,Furniture,1,12000.0,12000.0,9000,3000.0,West,Maharashtra,Mumbai,Net Banking
ORD100565,2025-12-06,CUST1122,Meera Kulkarni,Keyboard,Accessories,2,2200.0,4400.0,2800,1600.0,West,Goa,Panaji,Net Banking
ORD100566,2025-11-30,CUST1828,Ananya Singh,Keyboard,Accessories,2,2200.0,4400.0,2800,1600.0,West,Gujarat,Surat,Cash on Delivery
ORD100567,2025-01-01,CUST1428,Karan Joshi,Headphones,Accessories,3,3675.0,11025.0,6600,4425.0,West,Goa,Panaji,Credit Card
ORD100568,2025-11-30,CUST1666,Karan Yadav,Desk,Furniture,1,12000.0,12000.0,9000,3000.0,North,Delhi,New Delhi,UPI
ORD100569,2025-02-12,CUST1141,Nisha Reddy,Mouse,Accessories,2,1200.0,2400.0,1400,1000.0,North,Punjab,Ludhiana,Net Banking
ORD100570,2025-08-08,CUST1232,Vikram Singh,Monitor,Electronics,1,18000.0,18000.0,13500,4500.0,South,Karnataka,Bengaluru,UPI
ORD100571,2025-04-04,CUST1432,Ishaan Kulkarni,Mouse,Accessories,1,1260.0,1260.0,700,560.0,West,Maharashtra,Mumbai,Cash on Delivery
ORD100572,2025-06-24,CUST1813,Rahul Deshmukh,Headphones,Accessories,2,3500.0,7000.0,4400,2600.0,West,Goa,Panaji,Net Banking
ORD100573,2025-02-14,CUST1374,Tanvi Reddy,Monitor,Electronics,3,18000.0,54000.0,40500,13500.0,South,Tamil Nadu,Chennai,Net Banking
ORD100574,2025-08-08,CUST1076,Pooja Patil,Tablet,Electronics,2,24000.0,48000.0,39000,9000.0,North,Punjab,Ludhiana,Net Banking
ORD100575,2025-04-09,CUST1410,Karan Joshi,External SSD,Storage,2,8075.0,16150.0,12400,3750.0,North,Punjab,Ludhiana,Credit Card
ORD100576,2025-06-22,CUST1419,Priya Yadav,Keyboard,Accessories,2,2200.0,4400.0,2800,1600.0,North,Rajasthan,Jaipur,Net Banking
ORD100577,2025-05-31,CUST1646,Neha Sharma,Smartphone,Electronics,1,32000.0,32000.0,27000,5000.0,East,Assam,Guwahati,Debit Card
ORD100578,2025-04-13,CUST1313,Aarav Joshi,Smartphone,Electronics,2,32000.0,64000.0,54000,10000.0,North,Rajasthan,Jaipur,Debit Card
ORD100579,2025-12-06,CUST1432,Kavya Patil,External SSD,Storage,3,8500.0,25500.0,18600,6900.0,West,Maharashtra,Nashik,Debit Card
ORD100580,2025-06-26,CUST1589,Meera Nair,Webcam,Accessories,2,2800.0,5600.0,3400,2200.0,West,Gujarat,Surat,Net Banking
ORD100581,2025-11-27,CUST1134,Nisha Singh,Headphones,Accessories,2,3500.0,7000.0,4400,2600.0,East,Jharkhand,Ranchi,UPI
ORD100582,2025-01-19,CUST1664,Ananya Sharma,Webcam,Accessories,2,2940.0,5880.0,3400,2480.0,West,Maharashtra,Nashik,Credit Card
ORD100583,2025-05-06,CUST1508,Sneha Sharma,Laptop,Electronics,1,65000.0,65000.0,52000,13000.0,North,Rajasthan,Jaipur,Debit Card
ORD100584,2025-11-25,CUST1499,Priya Chaudhary,Monitor,Electronics,2,18000.0,36000.0,27000,9000.0,East,Odisha,Bhubaneswar,UPI
ORD100585,2025-02-14,CUST1345,Nisha Patil,Office Chair,Furniture,1,9500.0,9500.0,7000,2500.0,West,Maharashtra,Mumbai,Cash on Delivery
ORD100586,2025-09-01,CUST1542,Rahul Mehta,Office Chair,Furniture,1,9025.0,9025.0,7000,2025.0,West,Maharashtra,Pune,Credit Card
ORD100587,2025-05-17,CUST1621,Meera Singh,External SSD,Storage,3,8075.0,24225.0,18600,5625.0,West,Gujarat,Surat,Credit Card
ORD100588,2025-05-26,CUST1079,Diya Gupta,Mouse,Accessories,2,1200.0,2400.0,1400,1000.0,West,Maharashtra,Nashik,Credit Card
ORD100589,2025-09-13,CUST1366,Ananya Iyer,Mouse,Accessories,1,1200.0,1200.0,700,500.0,East,Odisha,Bhubaneswar,UPI
ORD100590,2025-03-15,CUST1549,Sneha Yadav,Headphones,Accessories,1,3500.0,3500.0,2200,1300.0,West,Gujarat,Surat,Net Banking
ORD100591,2025-12-07,CUST1832,Kavya Kulkarni,Tablet,Electronics,2,25200.0,50400.0,39000,11400.0,West,Maharashtra,Mumbai,Cash on Delivery
ORD100592,2025-06-02,CUST1130,Karan Nair,Office Chair,Furniture,1,9500.0,9500.0,7000,2500.0,South,Karnataka,Bengaluru,Cash on Delivery
ORD100593,2025-12-06,CUST1587,Ananya Patil,Office Chair,Furniture,2,9500.0,19000.0,14000,5000.0,North,Haryana,Gurugram,Cash on Delivery
ORD100594,2025-11-20,CUST1361,Priya Kulkarni,Keyboard,Accessories,1,2200.0,2200.0,1400,800.0,North,Uttar Pradesh,Noida,UPI
ORD100595,2025-05-24,CUST1985,Pooja Sharma,External SSD,Storage,2,8500.0,17000.0,12400,4600.0,East,West Bengal,Kolkata,Debit Card
ORD100596,2025-06-04,CUST1007,Sneha Nair,Tablet,Electronics,2,24000.0,48000.0,39000,9000.0,West,Gujarat,Ahmedabad,Credit Card
ORD100597,2025-11-27,CUST1152,Karan Reddy,Monitor,Electronics,2,18900.0,37800.0,27000,10800.0,West,Goa,Panaji,Credit Card
ORD100598,2025-06-25,CUST1602,Tanvi Verma,Keyboard,Accessories,3,2200.0,6600.0,4200,2400.0,West,Gujarat,Ahmedabad,Cash on Delivery
ORD100599,2025-06-06,CUST1621,Kavya Singh,Webcam,Accessories,3,2940.0,8820.0,5100,3720.0,South,Tamil Nadu,Chennai,Net Banking
ORD100600,2025-06-21,CUST1967,Priya Chaudhary,Keyboard,Accessories,1,2200.0,2200.0,1400,800.0,East,Assam,Guwahati,UPI
ORD100601,2025-07-28,CUST1699,Diya Singh,Desk,Furniture,2,12000.0,24000.0,18000,6000.0,South,Andhra Pradesh,Vijayawada,Debit Card
ORD100602,2025-09-10,CUST1447,Sahil Reddy,Headphones,Accessories,2,3500.0,7000.0,4400,2600.0,East,Bihar,Patna,Cash on Delivery
ORD100603,2025-03-20,CUST1335,Tanvi Patil,Laptop,Electronics,1,65000.0,65000.0,52000,13000.0,West,Gujarat,Ahmedabad,Debit Card
ORD100604,2025-12-18,CUST1488,Aditya Kulkarni,Monitor,Electronics,2,18000.0,36000.0,27000,9000.0,South,Tamil Nadu,Chennai,Cash on Delivery
ORD100605,2025-04-08,CUST1349,Tanvi Singh,Mouse,Accessories,1,1200.0,1200.0,700,500.0,North,Delhi,New Delhi,Credit Card
ORD100606,2025-03-30,CUST1357,Aditya Sharma,Webcam,Accessories,1,2660.0,2660.0,1700,960.0,North,Rajasthan,Jaipur,Cash on Delivery
ORD100607,2025-04-23,CUST1128,Nisha Mehta,Mouse,Accessories,3,1200.0,3600.0,2100,1500.0,North,Rajasthan,Jaipur,Debit Card
ORD100608,2025-11-21,CUST1999,Ishaan Sharma,Laptop,Electronics,4,65000.0,260000.0,208000,52000.0,West,Maharashtra,Mumbai,Cash on Delivery
ORD100609,2025-11-18,CUST1697,Diya Mehta,Mouse,Accessories,1,1200.0,1200.0,700,500.0,West,Maharashtra,Nashik,UPI
ORD100610,2025-11-23,CUST1530,Tanvi Sharma,Desk,Furniture,1,12000.0,12000.0,9000,3000.0,East,Odisha,Bhubaneswar,UPI
ORD100611,2025-06-10,CUST1544,Riya Shah,Laptop,Electronics,2,65000.0,130000.0,104000,26000.0,South,Kerala,Kochi,Net Banking
ORD100612,2025-12-28,CUST1882,Aditya Deshmukh,Office Chair,Furniture,4,9500.0,38000.0,28000,10000.0,West,Gujarat,Ahmedabad,UPI
ORD100613,2025-05-26,CUST1079,Rahul Sharma,Tablet,Electronics,2,24000.0,48000.0,39000,9000.0,South,Andhra Pradesh,Vijayawada,Debit Card
ORD100614,2025-03-11,CUST1296,Rahul Deshmukh,Office Chair,Furniture,5,9500.0,47500.0,35000,12500.0,North,Uttar Pradesh,Noida,Credit Card
ORD100615,2025-11-28,CUST1763,Tanvi Singh,Laptop,Electronics,3,61750.0,185250.0,156000,29250.0,East,West Bengal,Kolkata,Credit Card
ORD100616,2025-07-01,CUST1065,Ishaan Kulkarni,Keyboard,Accessories,1,2200.0,2200.0,1400,800.0,West,Goa,Panaji,UPI
ORD100617,2025-01-22,CUST1286,Ananya Reddy,Laptop,Electronics,1,61750.0,61750.0,52000,9750.0,West,Maharashtra,Nashik,Debit Card
ORD100618,2025-05-02,CUST1759,Priya Patil,Mouse,Accessories,1,1200.0,1200.0,700,500.0,South,Tamil Nadu,Chennai,UPI
ORD100619,2025-02-26,CUST1887,Ananya Kulkarni,Webcam,Accessories,3,2940.0,8820.0,5100,3720.0,West,Maharashtra,Pune,Net Banking
ORD100620,2025-06-28,CUST1321,Ishaan Joshi,Monitor,Electronics,1,18000.0,18000.0,13500,4500.0,East,Assam,Guwahati,UPI
ORD100621,2025-04-10,CUST1065,Priya Yadav,Desk,Furniture,1,12000.0,12000.0,9000,3000.0,South,Kerala,Kochi,Credit Card
ORD100622,2025-06-11,CUST1847,Kavya Yadav,Desk,Furniture,3,12000.0,36000.0,27000,9000.0,West,Maharashtra,Nashik,Cash on Delivery
ORD100623,2025-11-22,CUST1652,Karan Joshi,Mouse,Accessories,2,1200.0,2400.0,1400,1000.0,South,Tamil Nadu,Chennai,UPI
ORD100624,2025-10-06,CUST1097,Ishaan Nair,Mouse,Accessories,1,1200.0,1200.0,700,500.0,South,Andhra Pradesh,Vijayawada,Credit Card
ORD100625,2025-08-07,CUST1704,Sneha Deshmukh,Smartphone,Electronics,1,30400.0,30400.0,27000,3400.0,West,Maharashtra,Nashik,UPI
ORD100626,2025-06-03,CUST1925,Priya Reddy,Headphones,Accessories,1,3675.0,3675.0,2200,1475.0,West,Maharashtra,Mumbai,Debit Card
ORD100627,2025-02-01,CUST1314,Kavya Verma,Keyboard,Accessories,1,2200.0,2200.0,1400,800.0,West,Maharashtra,Mumbai,Credit Card
ORD100628,2025-03-12,CUST1010,Ishaan Deshmukh,Desk,Furniture,2,12000.0,24000.0,18000,6000.0,West,Maharashtra,Pune,Credit Card
ORD100629,2025-06-19,CUST1191,Rahul Verma,Monitor,Electronics,1,18000.0,18000.0,13500,4500.0,South,Andhra Pradesh,Vijayawada,Debit Card
ORD100630,2025-05-10,CUST1187,Karan Reddy,External SSD,Storage,2,8500.0,17000.0,12400,4600.0,South,Karnataka,Bengaluru,Net Banking
ORD100631,2025-01-25,CUST1074,Aarav Shah,Monitor,Electronics,2,17100.0,34200.0,27000,7200.0,East,West Bengal,Kolkata,Cash on Delivery
ORD100632,2025-08-17,CUST1728,Aarav Sharma,Desk,Furniture,1,12000.0,12000.0,9000,3000.0,West,Maharashtra,Pune,UPI
ORD100633,2025-11-02,CUST1117,Karan Sharma,Monitor,Electronics,1,18000.0,18000.0,13500,4500.0,North,Uttar Pradesh,Noida,Credit Card
ORD100634,2025-02-11,CUST1274,Sneha Sharma,Desk,Furniture,3,12000.0,36000.0,27000,9000.0,West,Maharashtra,Mumbai,Net Banking
ORD100635,2025-02-16,CUST1404,Arjun Patil,Headphones,Accessories,1,3500.0,3500.0,2200,1300.0,North,Delhi,New Delhi,Debit Card
ORD100636,2025-01-26,CUST1948,Pooja Mehta,External SSD,Storage,1,8500.0,8500.0,6200,2300.0,West,Maharashtra,Nashik,UPI
ORD100637,2025-10-25,CUST1993,Ananya Patil,Office Chair,Furniture,2,9500.0,19000.0,14000,5000.0,West,Gujarat,Ahmedabad,Debit Card
ORD100638,2025-06-03,CUST1567,Riya Sharma,Laptop,Electronics,3,65000.0,195000.0,156000,39000.0,West,Gujarat,Ahmedabad,Debit Card
ORD100639,2025-11-06,CUST1189,Arjun Kulkarni,Tablet,Electronics,2,24000.0,48000.0,39000,9000.0,South,Andhra Pradesh,Vijayawada,UPI
ORD100640,2025-05-28,CUST1134,Kavya Yadav,Laptop,Electronics,2,65000.0,130000.0,104000,26000.0,West,Goa,Panaji,UPI
ORD100641,2025-03-09,CUST1575,Sneha Gupta,Desk,Furniture,1,12000.0,12000.0,9000,3000.0,West,Goa,Panaji,Cash on Delivery
ORD100642,2025-03-19,CUST1781,Rohan Sharma,Office Chair,Furniture,1,9500.0,9500.0,7000,2500.0,East,Jharkhand,Ranchi,Credit Card
ORD100643,2025-03-20,CUST1087,Rahul Singh,External SSD,Storage,1,8075.0,8075.0,6200,1875.0,West,Gujarat,Ahmedabad,Cash on Delivery
ORD100644,2025-09-25,CUST1183,Tanvi Verma,Smartphone,Electronics,2,32000.0,64000.0,54000,10000.0,North,Uttar Pradesh,Noida,Credit Card
ORD100645,2025-12-22,CUST1192,Ishaan Nair,Mouse,Accessories,1,1200.0,1200.0,700,500.0,North,Punjab,Ludhiana,Credit Card
ORD100646,2025-03-25,CUST1774,Priya Verma,External SSD,Storage,1,8500.0,8500.0,6200,2300.0,South,Andhra Pradesh,Vijayawada,Debit Card
ORD100647,2025-01-23,CUST1581,Ananya Mehta,Headphones,Accessories,2,3500.0,7000.0,4400,2600.0,West,Maharashtra,Nashik,Cash on Delivery
ORD100648,2025-09-24,CUST1889,Meera Joshi,Headphones,Accessories,1,3500.0,3500.0,2200,1300.0,West,Maharashtra,Nashik,Credit Card
ORD100649,2025-01-10,CUST1169,Tanvi Patil,Tablet,Electronics,4,24000.0,96000.0,78000,18000.0,South,Telangana,Hyderabad,Credit Card
ORD100650,2025-12-20,CUST1938,Kavya Gupta,Laptop,Electronics,3,65000.0,195000.0,156000,39000.0,West,Goa,Panaji,Credit Card
ORD100651,2025-12-20,CUST1330,Rohan Sharma,Headphones,Accessories,2,3500.0,7000.0,4400,2600.0,South,Kerala,Kochi,Cash on Delivery
ORD100652,2025-05-04,CUST1651,Meera Mehta,Keyboard,Accessories,2,2200.0,4400.0,2800,1600.0,North,Delhi,New Delhi,Cash on Delivery
ORD100653,2025-01-14,CUST1253,Rahul Yadav,Mouse,Accessories,1,1200.0,1200.0,700,500.0,West,Gujarat,Ahmedabad,Credit Card
ORD100654,2025-10-21,CUST1129,Kavya Singh,Headphones,Accessories,1,3675.0,3675.0,2200,1475.0,South,Kerala,Kochi,Cash on Delivery
ORD100655,2025-10-21,CUST1242,Karan Verma,External SSD,Storage,4,8075.0,32300.0,24800,7500.0,West,Maharashtra,Mumbai,Debit Card
ORD100656,2025-01-18,CUST1801,Kavya Kulkarni,Office Chair,Furniture,2,9500.0,19000.0,14000,5000.0,South,Andhra Pradesh,Vijayawada,Net Banking
ORD100657,2025-02-01,CUST1180,Tanvi Singh,Printer,Office Equipment,1,12500.0,12500.0,9800,2700.0,North,Uttar Pradesh,Noida,Credit Card
ORD100658,2025-08-01,CUST1289,Kavya Kulkarni,Office Chair,Furniture,1,9500.0,9500.0,7000,2500.0,North,Haryana,Gurugram,Credit Card
ORD100659,2025-04-20,CUST1758,Nisha Nair,Monitor,Electronics,1,18000.0,18000.0,13500,4500.0,West,Gujarat,Surat,Cash on Delivery
ORD100660,2025-01-13,CUST1943,Arjun Sharma,External SSD,Storage,5,8500.0,42500.0,31000,11500.0,West,Gujarat,Ahmedabad,UPI
ORD100661,2025-10-07,CUST1140,Priya Sharma,Mouse,Accessories,1,1200.0,1200.0,700,500.0,South,Telangana,Hyderabad,Credit Card
ORD100662,2025-09-16,CUST1797,Sneha Verma,Headphones,Accessories,4,3500.0,14000.0,8800,5200.0,West,Maharashtra,Mumbai,Credit Card
ORD100663,2025-03-18,CUST1594,Rohan Yadav,Tablet,Electronics,2,25200.0,50400.0,39000,11400.0,North,Haryana,Gurugram,Cash on Delivery
ORD100664,2025-09-11,CUST1936,Rohan Deshmukh,Webcam,Accessories,1,2800.0,2800.0,1700,1100.0,South,Andhra Pradesh,Vijayawada,Net Banking
ORD100665,2025-06-30,CUST1169,Sahil Nair,Printer,Office Equipment,2,12500.0,25000.0,19600,5400.0,North,Rajasthan,Jaipur,Credit Card
ORD100666,2025-07-17,CUST1853,Priya Gupta,Office Chair,Furniture,2,9500.0,19000.0,14000,5000.0,North,Uttar Pradesh,Noida,UPI
ORD100667,2025-08-07,CUST1237,Priya Nair,Mouse,Accessories,4,1260.0,5040.0,2800,2240.0,West,Maharashtra,Mumbai,Cash on Delivery
ORD100668,2025-03-31,CUST1300,Rahul Singh,Smartphone,Electronics,5,32000.0,160000.0,135000,25000.0,East,Assam,Guwahati,Cash on Delivery
ORD100669,2025-08-14,CUST1482,Ananya Joshi,Laptop,Electronics,1,65000.0,65000.0,52000,13000.0,West,Gujarat,Ahmedabad,Cash on Delivery
ORD100670,2025-03-12,CUST1545,Arjun Joshi,Smartphone,Electronics,1,33600.0,33600.0,27000,6600.0,East,Odisha,Bhubaneswar,UPI
ORD100671,2025-08-09,CUST1773,Ishaan Iyer,Tablet,Electronics,1,24000.0,24000.0,19500,4500.0,East,Bihar,Patna,Debit Card
ORD100672,2025-10-08,CUST1804,Priya Kulkarni,Webcam,Accessories,4,2940.0,11760.0,6800,4960.0,West,Gujarat,Ahmedabad,Net Banking
ORD100673,2025-03-04,CUST1510,Riya Verma,Monitor,Electronics,2,18000.0,36000.0,27000,9000.0,South,Tamil Nadu,Chennai,UPI
ORD100674,2025-01-28,CUST1207,Sneha Patil,Smartphone,Electronics,1,32000.0,32000.0,27000,5000.0,West,Goa,Panaji,Credit Card
ORD100675,2025-12-10,CUST1859,Karan Shah,External SSD,Storage,1,8500.0,8500.0,6200,2300.0,West,Maharashtra,Mumbai,Debit Card
ORD100676,2025-11-20,CUST1059,Arjun Sharma,Office Chair,Furniture,2,9500.0,19000.0,14000,5000.0,South,Telangana,Hyderabad,Credit Card
ORD100677,2025-03-21,CUST1474,Karan Yadav,Laptop,Electronics,2,65000.0,130000.0,104000,26000.0,South,Tamil Nadu,Chennai,UPI
ORD100678,2025-08-30,CUST1114,Karan Chaudhary,Desk,Furniture,1,12000.0,12000.0,9000,3000.0,North,Uttar Pradesh,Noida,Net Banking
ORD100679,2025-06-05,CUST1151,Sahil Iyer,Laptop,Electronics,1,65000.0,65000.0,52000,13000.0,West,Gujarat,Surat,Cash on Delivery
ORD100680,2025-03-03,CUST1206,Sneha Patil,Headphones,Accessories,3,3500.0,10500.0,6600,3900.0,West,Maharashtra,Mumbai,Net Banking
ORD100681,2025-02-03,CUST1580,Rohan Joshi,Mouse,Accessories,1,1200.0,1200.0,700,500.0,South,Tamil Nadu,Chennai,Credit Card
ORD100682,2025-05-08,CUST1358,Rahul Mehta,Headphones,Accessories,1,3325.0,3325.0,2200,1125.0,West,Maharashtra,Mumbai,Debit Card
ORD100683,2025-03-10,CUST1145,Karan Singh,Headphones,Accessories,4,3500.0,14000.0,8800,5200.0,West,Gujarat,Ahmedabad,Credit Card
ORD100684,2025-06-10,CUST1306,Pooja Gupta,Printer,Office Equipment,2,12500.0,25000.0,19600,5400.0,West,Gujarat,Ahmedabad,Cash on Delivery
ORD100685,2025-09-19,CUST1095,Rohan Mehta,Tablet,Electronics,3,25200.0,75600.0,58500,17100.0,East,Assam,Guwahati,UPI
ORD100686,2025-07-01,CUST1372,Tanvi Deshmukh,Laptop,Electronics,2,68250.0,136500.0,104000,32500.0,South,Tamil Nadu,Chennai,UPI
ORD100687,2025-08-25,CUST1193,Pooja Sharma,External SSD,Storage,2,8500.0,17000.0,12400,4600.0,West,Gujarat,Surat,Debit Card
ORD100688,2025-06-21,CUST1055,Sneha Chaudhary,Office Chair,Furniture,1,9500.0,9500.0,7000,2500.0,North,Delhi,New Delhi,Cash on Delivery
ORD100689,2025-11-18,CUST1509,Neha Sharma,Monitor,Electronics,1,18000.0,18000.0,13500,4500.0,West,Goa,Panaji,Debit Card
ORD100690,2025-09-15,CUST1943,Karan Shah,Keyboard,Accessories,4,2200.0,8800.0,5600,3200.0,South,Telangana,Hyderabad,Net Banking
ORD100691,2025-07-16,CUST1548,Karan Deshmukh,Keyboard,Accessories,1,2200.0,2200.0,1400,800.0,South,Telangana,Hyderabad,Net Banking
ORD100692,2025-02-26,CUST1938,Diya Patil,Mouse,Accessories,1,1200.0,1200.0,700,500.0,South,Karnataka,Bengaluru,Debit Card
ORD100693,2025-10-15,CUST1335,Karan Sharma,External SSD,Storage,3,8500.0,25500.0,18600,6900.0,West,Goa,Panaji,Net Banking
ORD100694,2025-05-28,CUST1076,Pooja Nair,Printer,Office Equipment,3,12500.0,37500.0,29400,8100.0,South,Kerala,Kochi,UPI
ORD100695,2025-05-26,CUST1854,Kavya Yadav,Headphones,Accessories,1,3500.0,3500.0,2200,1300.0,West,Maharashtra,Pune,Debit Card
ORD100696,2025-02-07,CUST1932,Aditya Deshmukh,External SSD,Storage,2,8500.0,17000.0,12400,4600.0,East,West Bengal,Kolkata,Debit Card
ORD100697,2025-07-23,CUST1468,Arjun Deshmukh,Printer,Office Equipment,4,12500.0,50000.0,39200,10800.0,East,Bihar,Patna,Credit Card
ORD100698,2025-01-01,CUST1217,Vikram Kulkarni,Desk,Furniture,1,12000.0,12000.0,9000,3000.0,West,Gujarat,Ahmedabad,UPI
ORD100699,2025-03-15,CUST1658,Rohan Deshmukh,External SSD,Storage,1,8500.0,8500.0,6200,2300.0,East,Jharkhand,Ranchi,Net Banking
ORD100700,2025-07-17,CUST1674,Kavya Deshmukh,Office Chair,Furniture,2,9500.0,19000.0,14000,5000.0,South,Karnataka,Bengaluru,Credit Card
ORD100701,2025-12-23,CUST1690,Tanvi Chaudhary,Webcam,Accessories,1,2800.0,2800.0,1700,1100.0,East,Bihar,Patna,Credit Card
ORD100702,2025-09-26,CUST1519,Priya Sharma,Keyboard,Accessories,1,2090.0,2090.0,1400,690.0,East,Odisha,Bhubaneswar,Credit Card
ORD100703,2025-07-24,CUST1731,Rahul Singh,Mouse,Accessories,1,1200.0,1200.0,700,500.0,West,Maharashtra,Pune,Debit Card
ORD100704,2025-06-17,CUST1869,Arjun Singh,Headphones,Accessories,3,3500.0,10500.0,6600,3900.0,North,Uttar Pradesh,Noida,Debit Card
ORD100705,2025-08-20,CUST1420,Ishaan Sharma,Tablet,Electronics,3,24000.0,72000.0,58500,13500.0,North,Rajasthan,Jaipur,UPI
ORD100706,2025-01-22,CUST1171,Sahil Yadav,Keyboard,Accessories,1,2200.0,2200.0,1400,800.0,South,Telangana,Hyderabad,Debit Card
ORD100707,2025-01-13,CUST1551,Sahil Deshmukh,Smartphone,Electronics,1,32000.0,32000.0,27000,5000.0,East,Jharkhand,Ranchi,UPI
ORD100708,2025-05-08,CUST1336,Meera Chaudhary,Printer,Office Equipment,2,12500.0,25000.0,19600,5400.0,South,Kerala,Kochi,Cash on Delivery
ORD100709,2025-06-11,CUST1116,Rahul Mehta,Keyboard,Accessories,2,2200.0,4400.0,2800,1600.0,North,Rajasthan,Jaipur,Debit Card
ORD100710,2025-01-20,CUST1416,Neha Iyer,Tablet,Electronics,2,24000.0,48000.0,39000,9000.0,West,Gujarat,Surat,UPI
ORD100711,2025-04-01,CUST1326,Sneha Shah,Monitor,Electronics,2,18000.0,36000.0,27000,9000.0,West,Maharashtra,Pune,Credit Card
ORD100712,2025-10-05,CUST1289,Karan Gupta,Webcam,Accessories,1,2800.0,2800.0,1700,1100.0,South,Kerala,Kochi,Credit Card
ORD100713,2025-05-18,CUST1832,Pooja Iyer,Headphones,Accessories,1,3500.0,3500.0,2200,1300.0,West,Goa,Panaji,Credit Card
ORD100714,2025-06-05,CUST1610,Ishaan Verma,Desk,Furniture,1,12000.0,12000.0,9000,3000.0,South,Telangana,Hyderabad,Credit Card
ORD100715,2025-07-08,CUST1792,Sneha Gupta,Printer,Office Equipment,2,12500.0,25000.0,19600,5400.0,West,Gujarat,Surat,Debit Card
ORD100716,2025-08-14,CUST1471,Ishaan Joshi,Office Chair,Furniture,1,9500.0,9500.0,7000,2500.0,South,Telangana,Hyderabad,Cash on Delivery
ORD100717,2025-01-03,CUST1772,Pooja Deshmukh,Office Chair,Furniture,2,9500.0,19000.0,14000,5000.0,North,Punjab,Ludhiana,Cash on Delivery
ORD100718,2025-02-15,CUST1102,Kavya Iyer,Mouse,Accessories,1,1200.0,1200.0,700,500.0,South,Telangana,Hyderabad,Credit Card
ORD100719,2025-04-13,CUST1412,Ananya Iyer,Desk,Furniture,3,12000.0,36000.0,27000,9000.0,West,Maharashtra,Mumbai,UPI
ORD100720,2025-03-10,CUST1492,Nisha Reddy,Printer,Office Equipment,1,12500.0,12500.0,9800,2700.0,South,Kerala,Kochi,UPI
ORD100721,2025-02-18,CUST1085,Arjun Chaudhary,Monitor,Electronics,4,18000.0,72000.0,54000,18000.0,North,Rajasthan,Jaipur,UPI
ORD100722,2025-01-26,CUST1236,Ishaan Iyer,Keyboard,Accessories,2,2200.0,4400.0,2800,1600.0,North,Haryana,Gurugram,Cash on Delivery
ORD100723,2025-11-07,CUST1208,Sneha Kulkarni,Desk,Furniture,1,12000.0,12000.0,9000,3000.0,West,Gujarat,Surat,Debit Card
ORD100724,2025-09-21,CUST1217,Ishaan Reddy,Headphones,Accessories,3,3500.0,10500.0,6600,3900.0,East,Bihar,Patna,UPI
ORD100725,2025-10-29,CUST1058,Sahil Kulkarni,Headphones,Accessories,1,3500.0,3500.0,2200,1300.0,South,Andhra Pradesh,Vijayawada,Credit Card
ORD100726,2025-12-31,CUST1084,Priya Gupta,Printer,Office Equipment,1,12500.0,12500.0,9800,2700.0,North,Delhi,New Delhi,Cash on Delivery
ORD100727,2025-01-14,CUST1159,Priya Chaudhary,Webcam,Accessories,3,2660.0,7980.0,5100,2880.0,East,West Bengal,Kolkata,Cash on Delivery
ORD100728,2025-08-08,CUST1939,Pooja Sharma,Laptop,Electronics,2,65000.0,130000.0,104000,26000.0,North,Delhi,New Delhi,Cash on Delivery
ORD100729,2025-03-14,CUST1537,Tanvi Patil,Headphones,Accessories,1,3500.0,3500.0,2200,1300.0,East,Odisha,Bhubaneswar,Cash on Delivery
ORD100730,2025-11-10,CUST1637,Ananya Chaudhary,Desk,Furniture,2,12000.0,24000.0,18000,6000.0,East,Odisha,Bhubaneswar,Cash on Delivery
ORD100731,2025-01-24,CUST1103,Diya Gupta,Monitor,Electronics,3,17100.0,51300.0,40500,10800.0,West,Maharashtra,Mumbai,Net Banking
ORD100732,2025-02-15,CUST1771,Neha Iyer,Laptop,Electronics,4,61750.0,247000.0,208000,39000.0,West,Maharashtra,Nashik,Debit Card
ORD100733,2025-01-28,CUST1536,Rahul Verma,Tablet,Electronics,1,24000.0,24000.0,19500,4500.0,West,Gujarat,Ahmedabad,Net Banking
ORD100734,2025-09-24,CUST1994,Vikram Singh,Tablet,Electronics,1,24000.0,24000.0,19500,4500.0,West,Maharashtra,Pune,UPI
ORD100735,2025-04-13,CUST1482,Riya Patil,Office Chair,Furniture,4,9500.0,38000.0,28000,10000.0,West,Maharashtra,Nashik,UPI
ORD100736,2025-12-23,CUST1161,Karan Mehta,Office Chair,Furniture,1,9500.0,9500.0,7000,2500.0,West,Maharashtra,Nashik,Credit Card
ORD100737,2025-02-25,CUST1188,Sneha Sharma,Printer,Office Equipment,2,12500.0,25000.0,19600,5400.0,South,Kerala,Kochi,Debit Card
ORD100738,2025-08-04,CUST1534,Diya Verma,Webcam,Accessories,2,2800.0,5600.0,3400,2200.0,West,Maharashtra,Pune,Debit Card
ORD100739,2025-06-18,CUST1464,Nisha Patil,Mouse,Accessories,1,1260.0,1260.0,700,560.0,South,Kerala,Kochi,Credit Card
ORD100740,2025-03-31,CUST1822,Kavya Nair,Webcam,Accessories,2,2800.0,5600.0,3400,2200.0,West,Gujarat,Ahmedabad,Cash on Delivery
ORD100741,2025-06-25,CUST1756,Diya Patil,Laptop,Electronics,3,68250.0,204750.0,156000,48750.0,East,Bihar,Patna,Debit Card
ORD100742,2025-05-03,CUST1211,Pooja Singh,Laptop,Electronics,1,65000.0,65000.0,52000,13000.0,East,Odisha,Bhubaneswar,Cash on Delivery
ORD100743,2025-12-03,CUST1389,Rohan Verma,Monitor,Electronics,2,18000.0,36000.0,27000,9000.0,North,Uttar Pradesh,Noida,Credit Card
ORD100744,2025-04-10,CUST1929,Neha Sharma,Office Chair,Furniture,1,9500.0,9500.0,7000,2500.0,North,Punjab,Ludhiana,Credit Card
ORD100745,2025-06-19,CUST1632,Vikram Chaudhary,Printer,Office Equipment,2,12500.0,25000.0,19600,5400.0,West,Gujarat,Surat,Cash on Delivery
ORD100746,2025-04-24,CUST1899,Riya Reddy,Mouse,Accessories,1,1200.0,1200.0,700,500.0,South,Karnataka,Bengaluru,Credit Card
ORD100747,2025-07-15,CUST1313,Priya Singh,Webcam,Accessories,4,2800.0,11200.0,6800,4400.0,West,Maharashtra,Mumbai,UPI
ORD100748,2025-05-17,CUST1557,Diya Iyer,External SSD,Storage,3,8500.0,25500.0,18600,6900.0,West,Gujarat,Ahmedabad,Credit Card
ORD100749,2025-03-03,CUST1386,Neha Mehta,Laptop,Electronics,1,65000.0,65000.0,52000,13000.0,West,Goa,Panaji,Debit Card
ORD100750,2025-09-03,CUST1445,Neha Patil,Mouse,Accessories,4,1200.0,4800.0,2800,2000.0,North,Rajasthan,Jaipur,UPI
ORD100751,2025-02-27,CUST1581,Sneha Reddy,External SSD,Storage,3,8500.0,25500.0,18600,6900.0,West,Gujarat,Ahmedabad,Credit Card
ORD100752,2025-02-24,CUST1454,Kavya Iyer,External SSD,Storage,1,8500.0,8500.0,6200,2300.0,South,Tamil Nadu,Chennai,Debit Card
ORD100753,2025-01-11,CUST1716,Karan Mehta,Keyboard,Accessories,1,2200.0,2200.0,1400,800.0,North,Rajasthan,Jaipur,Credit Card
ORD100754,2025-01-30,CUST1255,Nisha Shah,Office Chair,Furniture,1,9025.0,9025.0,7000,2025.0,West,Gujarat,Ahmedabad,Credit Card
ORD100755,2025-11-24,CUST1719,Diya Shah,Printer,Office Equipment,3,12500.0,37500.0,29400,8100.0,East,Bihar,Patna,Debit Card
ORD100756,2025-06-16,CUST1413,Nisha Mehta,Smartphone,Electronics,1,32000.0,32000.0,27000,5000.0,East,Odisha,Bhubaneswar,Net Banking
ORD100757,2025-01-12,CUST1864,Kavya Mehta,Printer,Office Equipment,2,12500.0,25000.0,19600,5400.0,West,Gujarat,Surat,Cash on Delivery
ORD100758,2025-06-10,CUST1412,Vikram Nair,Office Chair,Furniture,2,9500.0,19000.0,14000,5000.0,South,Andhra Pradesh,Vijayawada,Debit Card
ORD100759,2025-06-03,CUST1551,Priya Nair,Smartphone,Electronics,1,32000.0,32000.0,27000,5000.0,West,Maharashtra,Mumbai,UPI
ORD100760,2025-03-13,CUST1658,Rahul Kulkarni,Laptop,Electronics,3,68250.0,204750.0,156000,48750.0,North,Delhi,New Delhi,Net Banking
ORD100761,2025-05-20,CUST1935,Ishaan Mehta,Office Chair,Furniture,1,9975.0,9975.0,7000,2975.0,West,Goa,Panaji,Debit Card
ORD100762,2025-09-08,CUST1695,Rahul Joshi,Webcam,Accessories,4,2800.0,11200.0,6800,4400.0,East,Odisha,Bhubaneswar,UPI
ORD100763,2025-04-30,CUST1131,Ananya Chaudhary,Mouse,Accessories,4,1260.0,5040.0,2800,2240.0,North,Rajasthan,Jaipur,Debit Card
ORD100764,2025-05-13,CUST1460,Neha Gupta,Webcam,Accessories,2,2800.0,5600.0,3400,2200.0,North,Delhi,New Delhi,Debit Card
ORD100765,2025-10-24,CUST1333,Nisha Yadav,Desk,Furniture,3,12000.0,36000.0,27000,9000.0,West,Gujarat,Ahmedabad,Credit Card
ORD100766,2025-05-23,CUST1931,Tanvi Nair,Headphones,Accessories,2,3675.0,7350.0,4400,2950.0,West,Maharashtra,Nashik,Net Banking
ORD100767,2025-08-03,CUST1664,Pooja Patil,Office Chair,Furniture,1,9500.0,9500.0,7000,2500.0,East,Odisha,Bhubaneswar,Credit Card
ORD100768,2025-11-19,CUST1437,Priya Sharma,Webcam,Accessories,5,2800.0,14000.0,8500,5500.0,East,Odisha,Bhubaneswar,Credit Card
ORD100769,2025-02-13,CUST1198,Rahul Shah,Monitor,Electronics,3,18000.0,54000.0,40500,13500.0,North,Rajasthan,Jaipur,Net Banking
ORD100770,2025-09-05,CUST1716,Rohan Deshmukh,External SSD,Storage,1,8925.0,8925.0,6200,2725.0,East,Bihar,Patna,Cash on Delivery
ORD100771,2025-06-23,CUST1606,Aarav Deshmukh,Printer,Office Equipment,1,12500.0,12500.0,9800,2700.0,East,Assam,Guwahati,Cash on Delivery
ORD100772,2025-01-02,CUST1739,Neha Shah,Keyboard,Accessories,1,2090.0,2090.0,1400,690.0,East,Bihar,Patna,Cash on Delivery
ORD100773,2025-05-01,CUST1537,Ishaan Gupta,Headphones,Accessories,2,3500.0,7000.0,4400,2600.0,West,Gujarat,Ahmedabad,Credit Card
ORD100774,2025-02-17,CUST1908,Sneha Verma,Webcam,Accessories,2,2800.0,5600.0,3400,2200.0,West,Maharashtra,Nashik,UPI
ORD100775,2025-06-24,CUST1697,Kavya Nair,Printer,Office Equipment,3,12500.0,37500.0,29400,8100.0,East,Jharkhand,Ranchi,Debit Card
ORD100776,2025-07-31,CUST1946,Meera Kulkarni,External SSD,Storage,1,8500.0,8500.0,6200,2300.0,East,Assam,Guwahati,Net Banking
ORD100777,2025-10-30,CUST1728,Tanvi Reddy,Monitor,Electronics,3,18000.0,54000.0,40500,13500.0,West,Gujarat,Surat,Net Banking
ORD100778,2025-11-15,CUST1804,Nisha Iyer,Printer,Office Equipment,2,12500.0,25000.0,19600,5400.0,West,Maharashtra,Mumbai,Cash on Delivery
ORD100779,2025-03-01,CUST1090,Kavya Gupta,Webcam,Accessories,3,2800.0,8400.0,5100,3300.0,West,Maharashtra,Mumbai,Debit Card
ORD100780,2025-07-05,CUST1057,Karan Deshmukh,Office Chair,Furniture,1,9500.0,9500.0,7000,2500.0,South,Andhra Pradesh,Vijayawada,Cash on Delivery
ORD100781,2025-01-18,CUST1743,Tanvi Sharma,Mouse,Accessories,2,1200.0,2400.0,1400,1000.0,North,Rajasthan,Jaipur,UPI
ORD100782,2025-07-15,CUST1596,Diya Patil,Laptop,Electronics,4,68250.0,273000.0,208000,65000.0,East,West Bengal,Kolkata,Credit Card
ORD100783,2025-08-15,CUST1272,Karan Deshmukh,Office Chair,Furniture,1,9500.0,9500.0,7000,2500.0,South,Tamil Nadu,Chennai,Credit Card
ORD100784,2025-10-24,CUST1288,Arjun Sharma,Tablet,Electronics,1,25200.0,25200.0,19500,5700.0,West,Maharashtra,Nashik,Debit Card
ORD100785,2025-04-13,CUST1966,Ananya Gupta,Mouse,Accessories,2,1140.0,2280.0,1400,880.0,South,Karnataka,Bengaluru,UPI
ORD100786,2025-07-18,CUST1182,Tanvi Mehta,Smartphone,Electronics,2,30400.0,60800.0,54000,6800.0,North,Rajasthan,Jaipur,Credit Card
ORD100787,2025-01-24,CUST1768,Meera Gupta,Tablet,Electronics,1,24000.0,24000.0,19500,4500.0,West,Gujarat,Surat,Cash on Delivery
ORD100788,2025-05-17,CUST1794,Nisha Joshi,Webcam,Accessories,4,2800.0,11200.0,6800,4400.0,South,Tamil Nadu,Chennai,Net Banking
ORD100789,2025-09-24,CUST1959,Ananya Shah,Keyboard,Accessories,2,2200.0,4400.0,2800,1600.0,East,Jharkhand,Ranchi,UPI
ORD100790,2025-01-29,CUST1463,Diya Joshi,Smartphone,Electronics,1,32000.0,32000.0,27000,5000.0,North,Punjab,Ludhiana,Credit Card
ORD100791,2025-02-28,CUST1791,Nisha Chaudhary,Desk,Furniture,2,12000.0,24000.0,18000,6000.0,West,Maharashtra,Mumbai,Credit Card
ORD100792,2025-02-19,CUST1439,Diya Patil,Keyboard,Accessories,1,2200.0,2200.0,1400,800.0,North,Haryana,Gurugram,Credit Card
ORD100793,2025-03-16,CUST1952,Kavya Reddy,Keyboard,Accessories,2,2200.0,4400.0,2800,1600.0,East,Bihar,Patna,UPI
ORD100794,2025-11-02,CUST1480,Sahil Yadav,Headphones,Accessories,2,3500.0,7000.0,4400,2600.0,South,Tamil Nadu,Chennai,Cash on Delivery
ORD100795,2025-05-26,CUST1661,Ananya Joshi,Headphones,Accessories,1,3500.0,3500.0,2200,1300.0,West,Goa,Panaji,UPI
ORD100796,2025-04-10,CUST1396,Tanvi Verma,Tablet,Electronics,3,24000.0,72000.0,58500,13500.0,South,Karnataka,Bengaluru,Net Banking
ORD100797,2025-11-22,CUST1158,Tanvi Yadav,Monitor,Electronics,1,18000.0,18000.0,13500,4500.0,West,Gujarat,Surat,Debit Card
ORD100798,2025-02-16,CUST1680,Ishaan Patil,Tablet,Electronics,1,24000.0,24000.0,19500,4500.0,West,Maharashtra,Mumbai,Debit Card
ORD100799,2025-07-18,CUST2000,Riya Yadav,Webcam,Accessories,4,2660.0,10640.0,6800,3840.0,West,Maharashtra,Pune,Cash on Delivery
ORD100800,2025-08-08,CUST1466,Nisha Reddy,Monitor,Electronics,1,18900.0,18900.0,13500,5400.0,North,Haryana,Gurugram,Credit Card
ORD100801,2025-11-24,CUST1286,Karan Patil,Webcam,Accessories,1,2800.0,2800.0,1700,1100.0,West,Gujarat,Ahmedabad,Credit Card
ORD100802,2025-05-12,CUST1754,Tanvi Joshi,Printer,Office Equipment,3,12500.0,37500.0,29400,8100.0,South,Kerala,Kochi,Credit Card
ORD100803,2025-09-07,CUST1735,Ananya Yadav,Monitor,Electronics,2,18900.0,37800.0,27000,10800.0,North,Delhi,New Delhi,Net Banking
ORD100804,2025-12-28,CUST1290,Kavya Reddy,Keyboard,Accessories,1,2200.0,2200.0,1400,800.0,South,Tamil Nadu,Chennai,Debit Card
ORD100805,2025-03-19,CUST1884,Rahul Singh,Office Chair,Furniture,2,9500.0,19000.0,14000,5000.0,North,Punjab,Ludhiana,Net Banking
ORD100806,2025-10-11,CUST1767,Pooja Verma,Printer,Office Equipment,1,12500.0,12500.0,9800,2700.0,North,Punjab,Ludhiana,Cash on Delivery
ORD100807,2025-09-15,CUST1105,Ananya Joshi,Desk,Furniture,3,12000.0,36000.0,27000,9000.0,South,Karnataka,Bengaluru,Net Banking
ORD100808,2025-09-15,CUST1367,Aditya Singh,Webcam,Accessories,1,2800.0,2800.0,1700,1100.0,East,Bihar,Patna,Cash on Delivery
ORD100809,2025-08-24,CUST1006,Aarav Iyer,Laptop,Electronics,2,65000.0,130000.0,104000,26000.0,South,Kerala,Kochi,Cash on Delivery
ORD100810,2025-09-21,CUST1785,Meera Joshi,Keyboard,Accessories,2,2200.0,4400.0,2800,1600.0,North,Delhi,New Delhi,UPI
ORD100811,2025-11-19,CUST1281,Sahil Patil,Office Chair,Furniture,4,9500.0,38000.0,28000,10000.0,North,Punjab,Ludhiana,Net Banking
ORD100812,2025-06-12,CUST1235,Meera Deshmukh,Smartphone,Electronics,1,32000.0,32000.0,27000,5000.0,South,Telangana,Hyderabad,UPI
ORD100813,2025-09-30,CUST1895,Vikram Yadav,Webcam,Accessories,1,2800.0,2800.0,1700,1100.0,North,Rajasthan,Jaipur,UPI
ORD100814,2025-12-07,CUST1698,Sneha Joshi,Mouse,Accessories,1,1260.0,1260.0,700,560.0,South,Andhra Pradesh,Vijayawada,Cash on Delivery
ORD100815,2025-01-10,CUST1392,Vikram Reddy,Office Chair,Furniture,2,9500.0,19000.0,14000,5000.0,South,Tamil Nadu,Chennai,UPI
ORD100816,2025-04-28,CUST1011,Karan Singh,Laptop,Electronics,1,61750.0,61750.0,52000,9750.0,West,Maharashtra,Nashik,Net Banking
ORD100817,2025-11-29,CUST1803,Rohan Kulkarni,Smartphone,Electronics,1,32000.0,32000.0,27000,5000.0,North,Delhi,New Delhi,Net Banking
ORD100818,2025-02-27,CUST1737,Riya Kulkarni,Webcam,Accessories,3,2800.0,8400.0,5100,3300.0,South,Kerala,Kochi,Cash on Delivery
ORD100819,2025-08-21,CUST1232,Priya Mehta,Desk,Furniture,2,12600.0,25200.0,18000,7200.0,West,Maharashtra,Nashik,Credit Card
ORD100820,2025-04-24,CUST1093,Sneha Iyer,Smartphone,Electronics,1,32000.0,32000.0,27000,5000.0,West,Maharashtra,Pune,Net Banking
ORD100821,2025-08-12,CUST1968,Neha Deshmukh,External SSD,Storage,3,8500.0,25500.0,18600,6900.0,North,Delhi,New Delhi,Debit Card
ORD100822,2025-05-21,CUST1389,Riya Chaudhary,Printer,Office Equipment,2,13125.0,26250.0,19600,6650.0,West,Gujarat,Surat,Net Banking
ORD100823,2025-06-16,CUST1109,Ananya Reddy,Desk,Furniture,3,12000.0,36000.0,27000,9000.0,West,Maharashtra,Nashik,Cash on Delivery
ORD100824,2025-08-26,CUST1204,Karan Mehta,Smartphone,Electronics,2,32000.0,64000.0,54000,10000.0,North,Delhi,New Delhi,Debit Card
ORD100825,2025-05-25,CUST1528,Nisha Gupta,Tablet,Electronics,1,24000.0,24000.0,19500,4500.0,North,Haryana,Gurugram,Debit Card
ORD100826,2025-10-27,CUST1927,Arjun Mehta,Tablet,Electronics,1,24000.0,24000.0,19500,4500.0,West,Goa,Panaji,Net Banking
ORD100827,2025-08-12,CUST1975,Kavya Patil,External SSD,Storage,1,8500.0,8500.0,6200,2300.0,West,Maharashtra,Pune,Credit Card
ORD100828,2025-12-11,CUST1656,Diya Patil,External SSD,Storage,1,8500.0,8500.0,6200,2300.0,North,Punjab,Ludhiana,Credit Card
ORD100829,2025-05-13,CUST1916,Ishaan Shah,Mouse,Accessories,1,1200.0,1200.0,700,500.0,South,Tamil Nadu,Chennai,UPI
ORD100830,2025-02-08,CUST1334,Sahil Verma,Office Chair,Furniture,1,9025.0,9025.0,7000,2025.0,West,Goa,Panaji,Cash on Delivery
ORD100831,2025-04-23,CUST1967,Aditya Patil,Monitor,Electronics,1,18000.0,18000.0,13500,4500.0,East,West Bengal,Kolkata,UPI
ORD100832,2025-11-11,CUST1785,Rohan Reddy,Keyboard,Accessories,1,2200.0,2200.0,1400,800.0,West,Gujarat,Ahmedabad,Credit Card
ORD100833,2025-06-09,CUST1703,Karan Gupta,Keyboard,Accessories,3,2200.0,6600.0,4200,2400.0,South,Telangana,Hyderabad,Credit Card
ORD100834,2025-08-20,CUST1657,Arjun Joshi,Desk,Furniture,2,12000.0,24000.0,18000,6000.0,South,Tamil Nadu,Chennai,Net Banking
ORD100835,2025-09-29,CUST1262,Pooja Iyer,Headphones,Accessories,2,3500.0,7000.0,4400,2600.0,South,Tamil Nadu,Chennai,Credit Card
ORD100836,2025-05-09,CUST1823,Kavya Reddy,Mouse,Accessories,1,1140.0,1140.0,700,440.0,North,Delhi,New Delhi,UPI
ORD100837,2025-04-04,CUST1605,Rahul Sharma,Mouse,Accessories,1,1140.0,1140.0,700,440.0,North,Uttar Pradesh,Noida,UPI
ORD100838,2025-05-21,CUST1220,Arjun Gupta,Smartphone,Electronics,1,32000.0,32000.0,27000,5000.0,North,Punjab,Ludhiana,Debit Card
ORD100839,2025-12-25,CUST1898,Sneha Iyer,Office Chair,Furniture,3,9500.0,28500.0,21000,7500.0,East,West Bengal,Kolkata,UPI
ORD100840,2025-10-20,CUST1589,Priya Deshmukh,Desk,Furniture,1,12000.0,12000.0,9000,3000.0,South,Kerala,Kochi,UPI
ORD100841,2025-07-22,CUST1297,Diya Patil,Headphones,Accessories,1,3500.0,3500.0,2200,1300.0,West,Maharashtra,Nashik,Cash on Delivery
ORD100842,2025-11-20,CUST1787,Kavya Patil,Office Chair,Furniture,2,9500.0,19000.0,14000,5000.0,West,Maharashtra,Nashik,Credit Card
ORD100843,2025-05-07,CUST1737,Neha Singh,Webcam,Accessories,1,2800.0,2800.0,1700,1100.0,South,Andhra Pradesh,Vijayawada,UPI
ORD100844,2025-02-21,CUST1340,Sneha Joshi,Keyboard,Accessories,1,2200.0,2200.0,1400,800.0,West,Maharashtra,Mumbai,Debit Card
ORD100845,2025-11-05,CUST1922,Arjun Joshi,Monitor,Electronics,2,17100.0,34200.0,27000,7200.0,West,Maharashtra,Nashik,UPI
ORD100846,2025-05-29,CUST1500,Arjun Chaudhary,Webcam,Accessories,2,2800.0,5600.0,3400,2200.0,South,Telangana,Hyderabad,Cash on Delivery
ORD100847,2025-08-16,CUST1056,Aarav Reddy,Webcam,Accessories,2,2800.0,5600.0,3400,2200.0,North,Delhi,New Delhi,UPI
ORD100848,2025-12-19,CUST1275,Ananya Singh,Headphones,Accessories,1,3675.0,3675.0,2200,1475.0,East,Jharkhand,Ranchi,Credit Card
ORD100849,2025-08-06,CUST1901,Sneha Sharma,Webcam,Accessories,1,2800.0,2800.0,1700,1100.0,West,Maharashtra,Mumbai,Cash on Delivery
ORD100850,2025-01-12,CUST1462,Ananya Iyer,Desk,Furniture,1,12000.0,12000.0,9000,3000.0,North,Punjab,Ludhiana,Net Banking
ORD100851,2025-05-01,CUST1697,Sahil Shah,External SSD,Storage,1,8500.0,8500.0,6200,2300.0,East,West Bengal,Kolkata,Credit Card
ORD100852,2025-06-04,CUST1023,Riya Deshmukh,Office Chair,Furniture,2,9975.0,19950.0,14000,5950.0,West,Gujarat,Ahmedabad,Credit Card
ORD100853,2025-05-05,CUST1665,Neha Kulkarni,Printer,Office Equipment,2,12500.0,25000.0,19600,5400.0,West,Goa,Panaji,Credit Card
ORD100854,2025-02-05,CUST1302,Aarav Yadav,Tablet,Electronics,2,24000.0,48000.0,39000,9000.0,South,Andhra Pradesh,Vijayawada,Credit Card
ORD100855,2025-10-14,CUST1564,Riya Gupta,External SSD,Storage,2,8500.0,17000.0,12400,4600.0,West,Gujarat,Ahmedabad,UPI
ORD100856,2025-08-18,CUST1700,Neha Mehta,Monitor,Electronics,4,18000.0,72000.0,54000,18000.0,East,West Bengal,Kolkata,Debit Card
ORD100857,2025-05-18,CUST1604,Sneha Gupta,Desk,Furniture,1,12000.0,12000.0,9000,3000.0,North,Punjab,Ludhiana,UPI
ORD100858,2025-02-12,CUST1084,Aditya Kulkarni,Monitor,Electronics,1,18000.0,18000.0,13500,4500.0,North,Haryana,Gurugram,Credit Card
ORD100859,2025-08-01,CUST1898,Aarav Verma,Smartphone,Electronics,2,32000.0,64000.0,54000,10000.0,West,Maharashtra,Mumbai,Net Banking
ORD100860,2025-12-19,CUST1286,Nisha Sharma,Smartphone,Electronics,1,32000.0,32000.0,27000,5000.0,West,Gujarat,Ahmedabad,Net Banking
ORD100861,2025-01-26,CUST1438,Sneha Kulkarni,Headphones,Accessories,1,3500.0,3500.0,2200,1300.0,West,Gujarat,Ahmedabad,Credit Card
ORD100862,2025-02-23,CUST1698,Diya Sharma,Webcam,Accessories,2,2660.0,5320.0,3400,1920.0,South,Karnataka,Bengaluru,Credit Card
ORD100863,2025-02-11,CUST1431,Tanvi Yadav,External SSD,Storage,1,8500.0,8500.0,6200,2300.0,South,Tamil Nadu,Chennai,Credit Card
ORD100864,2025-04-01,CUST1308,Kavya Deshmukh,Office Chair,Furniture,3,9500.0,28500.0,21000,7500.0,South,Andhra Pradesh,Vijayawada,UPI
ORD100865,2025-06-17,CUST1892,Pooja Gupta,Webcam,Accessories,3,2800.0,8400.0,5100,3300.0,North,Delhi,New Delhi,Cash on Delivery
ORD100866,2025-02-17,CUST1723,Neha Chaudhary,Mouse,Accessories,3,1200.0,3600.0,2100,1500.0,North,Haryana,Gurugram,Cash on Delivery
ORD100867,2025-06-10,CUST1381,Meera Nair,Laptop,Electronics,2,61750.0,123500.0,104000,19500.0,East,Bihar,Patna,Credit Card
ORD100868,2025-03-18,CUST1644,Arjun Joshi,Mouse,Accessories,4,1200.0,4800.0,2800,2000.0,West,Maharashtra,Nashik,UPI
ORD100869,2025-05-05,CUST1547,Neha Yadav,Monitor,Electronics,1,18000.0,18000.0,13500,4500.0,East,Odisha,Bhubaneswar,Credit Card
ORD100870,2025-11-16,CUST1506,Diya Singh,Laptop,Electronics,1,68250.0,68250.0,52000,16250.0,East,West Bengal,Kolkata,UPI
ORD100871,2025-03-01,CUST1009,Aditya Iyer,Smartphone,Electronics,1,32000.0,32000.0,27000,5000.0,West,Gujarat,Ahmedabad,Cash on Delivery
ORD100872,2025-01-14,CUST1349,Neha Reddy,Laptop,Electronics,1,65000.0,65000.0,52000,13000.0,North,Uttar Pradesh,Noida,Net Banking
ORD100873,2025-07-23,CUST1208,Arjun Reddy,Mouse,Accessories,1,1200.0,1200.0,700,500.0,South,Telangana,Hyderabad,Debit Card
ORD100874,2025-09-14,CUST1978,Rahul Deshmukh,Tablet,Electronics,1,25200.0,25200.0,19500,5700.0,West,Gujarat,Surat,Cash on Delivery
ORD100875,2025-04-20,CUST1380,Neha Patil,Laptop,Electronics,2,65000.0,130000.0,104000,26000.0,North,Uttar Pradesh,Noida,UPI
ORD100876,2025-09-28,CUST1592,Aarav Joshi,Monitor,Electronics,1,18000.0,18000.0,13500,4500.0,North,Haryana,Gurugram,UPI
ORD100877,2025-10-11,CUST1651,Sneha Reddy,External SSD,Storage,1,8500.0,8500.0,6200,2300.0,East,Assam,Guwahati,Credit Card
ORD100878,2025-07-16,CUST1946,Sneha Shah,Keyboard,Accessories,2,2200.0,4400.0,2800,1600.0,North,Delhi,New Delhi,UPI
ORD100879,2025-10-08,CUST1890,Arjun Chaudhary,Desk,Furniture,2,11400.0,22800.0,18000,4800.0,South,Karnataka,Bengaluru,Debit Card
ORD100880,2025-12-16,CUST1130,Ishaan Patil,Printer,Office Equipment,2,13125.0,26250.0,19600,6650.0,South,Kerala,Kochi,Credit Card
ORD100881,2025-01-08,CUST1053,Sneha Iyer,Office Chair,Furniture,1,9975.0,9975.0,7000,2975.0,West,Maharashtra,Pune,Credit Card
ORD100882,2025-12-04,CUST1789,Sahil Gupta,Headphones,Accessories,2,3500.0,7000.0,4400,2600.0,West,Goa,Panaji,UPI
ORD100883,2025-11-22,CUST1068,Rahul Deshmukh,Monitor,Electronics,2,18000.0,36000.0,27000,9000.0,West,Maharashtra,Mumbai,Net Banking
ORD100884,2025-11-27,CUST1477,Ishaan Iyer,Office Chair,Furniture,2,9500.0,19000.0,14000,5000.0,North,Delhi,New Delhi,UPI
ORD100885,2025-01-23,CUST1996,Rahul Singh,Tablet,Electronics,1,24000.0,24000.0,19500,4500.0,South,Telangana,Hyderabad,Cash on Delivery
ORD100886,2025-07-01,CUST1085,Sneha Iyer,Printer,Office Equipment,4,12500.0,50000.0,39200,10800.0,West,Maharashtra,Pune,Credit Card
ORD100887,2025-11-26,CUST1705,Diya Singh,Tablet,Electronics,1,24000.0,24000.0,19500,4500.0,West,Maharashtra,Mumbai,Net Banking
ORD100888,2025-11-27,CUST1450,Karan Verma,Keyboard,Accessories,4,2200.0,8800.0,5600,3200.0,East,Bihar,Patna,Cash on Delivery
ORD100889,2025-11-10,CUST1031,Karan Chaudhary,Printer,Office Equipment,3,12500.0,37500.0,29400,8100.0,East,Odisha,Bhubaneswar,Credit Card
ORD100890,2025-08-11,CUST1136,Meera Yadav,Office Chair,Furniture,2,9500.0,19000.0,14000,5000.0,West,Goa,Panaji,Debit Card
ORD100891,2025-06-14,CUST1862,Neha Reddy,Keyboard,Accessories,1,2200.0,2200.0,1400,800.0,South,Karnataka,Bengaluru,Debit Card
ORD100892,2025-02-16,CUST1870,Rohan Kulkarni,Mouse,Accessories,1,1200.0,1200.0,700,500.0,West,Goa,Panaji,Net Banking
ORD100893,2025-11-25,CUST1076,Neha Gupta,Desk,Furniture,3,12000.0,36000.0,27000,9000.0,West,Gujarat,Ahmedabad,Cash on Delivery
ORD100894,2025-03-18,CUST1077,Pooja Sharma,Office Chair,Furniture,2,9500.0,19000.0,14000,5000.0,West,Gujarat,Surat,Credit Card
ORD100895,2025-03-25,CUST1142,Neha Sharma,External SSD,Storage,2,8500.0,17000.0,12400,4600.0,South,Telangana,Hyderabad,UPI
ORD100896,2025-08-12,CUST1721,Priya Patil,Laptop,Electronics,2,68250.0,136500.0,104000,32500.0,East,Assam,Guwahati,Debit Card
ORD100897,2025-03-04,CUST1177,Priya Shah,Tablet,Electronics,3,24000.0,72000.0,58500,13500.0,West,Gujarat,Surat,Debit Card
ORD100898,2025-10-06,CUST1604,Nisha Iyer,Laptop,Electronics,4,68250.0,273000.0,208000,65000.0,North,Delhi,New Delhi,UPI
ORD100899,2025-08-11,CUST1157,Rohan Shah,Smartphone,Electronics,2,30400.0,60800.0,54000,6800.0,West,Maharashtra,Mumbai,UPI
ORD100900,2025-02-15,CUST1793,Aarav Kulkarni,Mouse,Accessories,2,1200.0,2400.0,1400,1000.0,South,Karnataka,Bengaluru,UPI
ORD100901,2025-04-26,CUST1176,Priya Chaudhary,Monitor,Electronics,1,18000.0,18000.0,13500,4500.0,North,Rajasthan,Jaipur,Cash on Delivery
ORD100902,2025-03-08,CUST1338,Vikram Singh,Laptop,Electronics,1,65000.0,65000.0,52000,13000.0,West,Goa,Panaji,Credit Card
ORD100903,2025-03-24,CUST1583,Karan Joshi,Laptop,Electronics,1,65000.0,65000.0,52000,13000.0,South,Karnataka,Bengaluru,UPI
ORD100904,2025-11-25,CUST1643,Sahil Joshi,Tablet,Electronics,3,24000.0,72000.0,58500,13500.0,North,Punjab,Ludhiana,Credit Card
ORD100905,2025-11-03,CUST1013,Priya Singh,Printer,Office Equipment,2,11875.0,23750.0,19600,4150.0,West,Maharashtra,Mumbai,Net Banking
ORD100906,2025-04-19,CUST1823,Sneha Kulkarni,Laptop,Electronics,1,65000.0,65000.0,52000,13000.0,North,Delhi,New Delhi,Debit Card
ORD100907,2025-05-28,CUST1356,Neha Mehta,External SSD,Storage,1,8075.0,8075.0,6200,1875.0,East,West Bengal,Kolkata,UPI
ORD100908,2025-10-08,CUST1268,Sahil Singh,External SSD,Storage,5,8500.0,42500.0,31000,11500.0,East,Odisha,Bhubaneswar,Debit Card
ORD100909,2025-07-28,CUST1257,Karan Reddy,Printer,Office Equipment,1,12500.0,12500.0,9800,2700.0,West,Goa,Panaji,UPI
ORD100910,2025-05-24,CUST1606,Neha Chaudhary,Desk,Furniture,1,12000.0,12000.0,9000,3000.0,East,Assam,Guwahati,UPI
ORD100911,2025-06-21,CUST1943,Vikram Mehta,Monitor,Electronics,1,18000.0,18000.0,13500,4500.0,West,Maharashtra,Pune,Cash on Delivery
ORD100912,2025-11-24,CUST1727,Rahul Verma,Tablet,Electronics,1,24000.0,24000.0,19500,4500.0,North,Punjab,Ludhiana,Net Banking
ORD100913,2025-12-03,CUST1346,Aarav Sharma,Smartphone,Electronics,2,32000.0,64000.0,54000,10000.0,South,Andhra Pradesh,Vijayawada,Net Banking
ORD100914,2025-03-14,CUST1297,Vikram Mehta,External SSD,Storage,1,8500.0,8500.0,6200,2300.0,West,Maharashtra,Nashik,Net Banking
ORD100915,2025-08-19,CUST1294,Nisha Iyer,External SSD,Storage,1,8500.0,8500.0,6200,2300.0,North,Uttar Pradesh,Noida,UPI
ORD100916,2025-05-15,CUST1031,Sahil Iyer,Webcam,Accessories,5,2940.0,14700.0,8500,6200.0,West,Gujarat,Surat,Credit Card
ORD100917,2025-08-01,CUST1299,Ananya Patil,Printer,Office Equipment,1,12500.0,12500.0,9800,2700.0,West,Gujarat,Surat,Net Banking
ORD100918,2025-10-27,CUST1168,Sneha Nair,Headphones,Accessories,1,3325.0,3325.0,2200,1125.0,East,Jharkhand,Ranchi,Debit Card
ORD100919,2025-11-23,CUST1466,Nisha Shah,Office Chair,Furniture,1,9500.0,9500.0,7000,2500.0,West,Maharashtra,Pune,Credit Card
ORD100920,2025-07-05,CUST1269,Kavya Singh,Office Chair,Furniture,4,9500.0,38000.0,28000,10000.0,North,Haryana,Gurugram,Debit Card
ORD100921,2025-09-19,CUST1096,Vikram Kulkarni,Keyboard,Accessories,1,2200.0,2200.0,1400,800.0,West,Gujarat,Ahmedabad,Cash on Delivery
ORD100922,2025-05-27,CUST1590,Aditya Iyer,Headphones,Accessories,2,3500.0,7000.0,4400,2600.0,South,Kerala,Kochi,Debit Card
ORD100923,2025-03-14,CUST1637,Nisha Yadav,Webcam,Accessories,2,2660.0,5320.0,3400,1920.0,West,Gujarat,Surat,Debit Card
ORD100924,2025-10-02,CUST1051,Riya Yadav,Headphones,Accessories,1,3675.0,3675.0,2200,1475.0,East,Jharkhand,Ranchi,Cash on Delivery
ORD100925,2025-09-30,CUST1356,Nisha Yadav,Desk,Furniture,4,12000.0,48000.0,36000,12000.0,North,Haryana,Gurugram,Net Banking
ORD100926,2025-03-30,CUST1770,Ananya Iyer,External SSD,Storage,3,8500.0,25500.0,18600,6900.0,West,Maharashtra,Nashik,UPI
ORD100927,2025-12-25,CUST1240,Aarav Nair,Webcam,Accessories,1,2800.0,2800.0,1700,1100.0,South,Tamil Nadu,Chennai,Debit Card
ORD100928,2025-12-25,CUST1568,Nisha Verma,Smartphone,Electronics,3,33600.0,100800.0,81000,19800.0,West,Gujarat,Surat,Credit Card
ORD100929,2025-06-29,CUST1287,Kavya Verma,Webcam,Accessories,1,2800.0,2800.0,1700,1100.0,West,Maharashtra,Pune,Credit Card
ORD100930,2025-12-22,CUST1681,Ishaan Chaudhary,Smartphone,Electronics,3,30400.0,91200.0,81000,10200.0,North,Delhi,New Delhi,Debit Card
ORD100931,2025-12-31,CUST1013,Vikram Reddy,Desk,Furniture,4,12600.0,50400.0,36000,14400.0,West,Maharashtra,Pune,Credit Card
ORD100932,2025-02-12,CUST1274,Tanvi Kulkarni,Webcam,Accessories,3,2800.0,8400.0,5100,3300.0,West,Gujarat,Surat,UPI
ORD100933,2025-09-27,CUST1951,Ananya Chaudhary,Smartphone,Electronics,3,32000.0,96000.0,81000,15000.0,West,Maharashtra,Pune,Credit Card
ORD100934,2025-06-16,CUST1091,Ishaan Reddy,Printer,Office Equipment,2,12500.0,25000.0,19600,5400.0,North,Uttar Pradesh,Noida,Credit Card
ORD100935,2025-03-15,CUST1395,Tanvi Chaudhary,Laptop,Electronics,1,65000.0,65000.0,52000,13000.0,South,Andhra Pradesh,Vijayawada,Debit Card
ORD100936,2025-04-28,CUST1070,Riya Shah,Laptop,Electronics,2,65000.0,130000.0,104000,26000.0,West,Maharashtra,Mumbai,Cash on Delivery
ORD100937,2025-11-21,CUST1890,Tanvi Iyer,Webcam,Accessories,1,2800.0,2800.0,1700,1100.0,South,Andhra Pradesh,Vijayawada,Credit Card
ORD100938,2025-08-27,CUST1577,Sneha Sharma,Mouse,Accessories,1,1200.0,1200.0,700,500.0,West,Maharashtra,Mumbai,UPI
ORD100939,2025-02-17,CUST1569,Neha Reddy,Webcam,Accessories,1,2800.0,2800.0,1700,1100.0,West,Gujarat,Surat,UPI
ORD100940,2025-06-09,CUST1257,Aarav Singh,Tablet,Electronics,4,24000.0,96000.0,78000,18000.0,South,Andhra Pradesh,Vijayawada,Credit Card
ORD100941,2025-05-25,CUST1952,Aditya Singh,Office Chair,Furniture,2,9500.0,19000.0,14000,5000.0,East,Bihar,Patna,Net Banking
ORD100942,2025-02-19,CUST1057,Ananya Shah,Mouse,Accessories,1,1260.0,1260.0,700,560.0,North,Delhi,New Delhi,Net Banking
ORD100943,2025-08-18,CUST1148,Riya Deshmukh,Laptop,Electronics,1,65000.0,65000.0,52000,13000.0,West,Goa,Panaji,Cash on Delivery
ORD100944,2025-03-30,CUST1382,Rohan Sharma,Webcam,Accessories,1,2940.0,2940.0,1700,1240.0,South,Telangana,Hyderabad,Net Banking
ORD100945,2025-02-01,CUST1415,Rohan Reddy,Keyboard,Accessories,2,2200.0,4400.0,2800,1600.0,West,Maharashtra,Mumbai,UPI
ORD100946,2025-11-04,CUST1772,Priya Deshmukh,Desk,Furniture,1,12600.0,12600.0,9000,3600.0,East,Assam,Guwahati,UPI
ORD100947,2025-08-15,CUST1331,Karan Nair,Desk,Furniture,3,12000.0,36000.0,27000,9000.0,East,Jharkhand,Ranchi,UPI
ORD100948,2025-05-12,CUST1547,Tanvi Sharma,Webcam,Accessories,3,2800.0,8400.0,5100,3300.0,North,Punjab,Ludhiana,Cash on Delivery
ORD100949,2025-11-18,CUST1868,Aarav Yadav,Office Chair,Furniture,5,9975.0,49875.0,35000,14875.0,West,Maharashtra,Nashik,UPI
ORD100950,2025-04-16,CUST1002,Priya Shah,Tablet,Electronics,3,24000.0,72000.0,58500,13500.0,North,Rajasthan,Jaipur,Net Banking
ORD100951,2025-10-02,CUST1653,Ananya Reddy,Tablet,Electronics,1,24000.0,24000.0,19500,4500.0,West,Maharashtra,Mumbai,UPI
ORD100952,2025-10-16,CUST1543,Nisha Shah,Keyboard,Accessories,3,2200.0,6600.0,4200,2400.0,North,Haryana,Gurugram,Debit Card
ORD100953,2025-04-17,CUST1949,Tanvi Yadav,Laptop,Electronics,1,65000.0,65000.0,52000,13000.0,West,Gujarat,Surat,Debit Card
ORD100954,2025-09-11,CUST1566,Rohan Deshmukh,Laptop,Electronics,1,61750.0,61750.0,52000,9750.0,East,Bihar,Patna,Cash on Delivery
ORD100955,2025-11-07,CUST1090,Karan Deshmukh,Desk,Furniture,2,12000.0,24000.0,18000,6000.0,West,Gujarat,Ahmedabad,Cash on Delivery
ORD100956,2025-10-27,CUST1625,Sahil Verma,External SSD,Storage,2,8500.0,17000.0,12400,4600.0,North,Punjab,Ludhiana,Credit Card
ORD100957,2025-03-20,CUST1260,Pooja Joshi,Tablet,Electronics,1,24000.0,24000.0,19500,4500.0,North,Uttar Pradesh,Noida,UPI
ORD100958,2025-02-28,CUST1186,Ananya Joshi,External SSD,Storage,2,8500.0,17000.0,12400,4600.0,West,Maharashtra,Mumbai,Net Banking
ORD100959,2025-12-12,CUST1989,Arjun Nair,Laptop,Electronics,3,61750.0,185250.0,156000,29250.0,East,Assam,Guwahati,Net Banking
ORD100960,2025-10-04,CUST1452,Neha Deshmukh,Laptop,Electronics,4,65000.0,260000.0,208000,52000.0,West,Maharashtra,Nashik,Cash on Delivery
ORD100961,2025-09-04,CUST1541,Riya Singh,Desk,Furniture,1,12000.0,12000.0,9000,3000.0,West,Maharashtra,Mumbai,Net Banking
ORD100962,2025-05-22,CUST1953,Tanvi Sharma,Keyboard,Accessories,1,2310.0,2310.0,1400,910.0,North,Rajasthan,Jaipur,Net Banking
ORD100963,2025-10-12,CUST1673,Kavya Sharma,Laptop,Electronics,3,65000.0,195000.0,156000,39000.0,North,Delhi,New Delhi,Cash on Delivery
ORD100964,2025-03-15,CUST1472,Sahil Mehta,Webcam,Accessories,2,2800.0,5600.0,3400,2200.0,West,Maharashtra,Pune,UPI
ORD100965,2025-09-05,CUST1737,Sneha Nair,Keyboard,Accessories,1,2200.0,2200.0,1400,800.0,West,Gujarat,Ahmedabad,Cash on Delivery
ORD100966,2025-10-13,CUST1663,Sneha Nair,Tablet,Electronics,4,24000.0,96000.0,78000,18000.0,North,Uttar Pradesh,Noida,Net Banking
ORD100967,2025-05-12,CUST1948,Meera Iyer,Monitor,Electronics,1,18000.0,18000.0,13500,4500.0,West,Gujarat,Surat,Credit Card
ORD100968,2025-02-23,CUST1039,Aarav Gupta,Headphones,Accessories,3,3500.0,10500.0,6600,3900.0,West,Gujarat,Surat,Credit Card
ORD100969,2025-02-11,CUST1799,Nisha Reddy,Laptop,Electronics,1,65000.0,65000.0,52000,13000.0,East,Jharkhand,Ranchi,Net Banking
ORD100970,2025-08-30,CUST1528,Rahul Verma,Laptop,Electronics,1,65000.0,65000.0,52000,13000.0,South,Tamil Nadu,Chennai,Cash on Delivery
ORD100971,2025-05-27,CUST1021,Kavya Iyer,Keyboard,Accessories,2,2200.0,4400.0,2800,1600.0,South,Telangana,Hyderabad,UPI
ORD100972,2025-10-08,CUST1521,Rahul Joshi,Webcam,Accessories,3,2800.0,8400.0,5100,3300.0,North,Rajasthan,Jaipur,UPI
ORD100973,2025-03-30,CUST1892,Ishaan Sharma,Laptop,Electronics,1,65000.0,65000.0,52000,13000.0,West,Goa,Panaji,Net Banking
ORD100974,2025-05-01,CUST1735,Meera Sharma,Mouse,Accessories,2,1200.0,2400.0,1400,1000.0,South,Tamil Nadu,Chennai,UPI
ORD100975,2025-01-31,CUST1801,Diya Deshmukh,Desk,Furniture,3,11400.0,34200.0,27000,7200.0,North,Haryana,Gurugram,Cash on Delivery
ORD100976,2025-07-03,CUST1980,Pooja Gupta,External SSD,Storage,3,8075.0,24225.0,18600,5625.0,West,Maharashtra,Pune,UPI
ORD100977,2025-04-07,CUST1436,Riya Shah,Office Chair,Furniture,1,9975.0,9975.0,7000,2975.0,West,Goa,Panaji,Debit Card
ORD100978,2025-05-05,CUST1208,Sneha Kulkarni,Headphones,Accessories,1,3500.0,3500.0,2200,1300.0,South,Karnataka,Bengaluru,Debit Card
ORD100979,2025-12-04,CUST1689,Priya Patil,Laptop,Electronics,4,61750.0,247000.0,208000,39000.0,West,Goa,Panaji,UPI
ORD100980,2025-06-27,CUST1338,Meera Verma,Keyboard,Accessories,1,2200.0,2200.0,1400,800.0,South,Tamil Nadu,Chennai,Cash on Delivery
ORD100981,2025-05-15,CUST1038,Priya Iyer,Laptop,Electronics,2,65000.0,130000.0,104000,26000.0,East,Assam,Guwahati,Debit Card
ORD100982,2025-05-24,CUST1541,Priya Gupta,Headphones,Accessories,3,3500.0,10500.0,6600,3900.0,West,Maharashtra,Pune,Net Banking
ORD100983,2025-09-16,CUST1169,Diya Yadav,Laptop,Electronics,1,65000.0,65000.0,52000,13000.0,East,Bihar,Patna,Debit Card
ORD100984,2025-02-08,CUST1029,Nisha Patil,Laptop,Electronics,1,65000.0,65000.0,52000,13000.0,North,Haryana,Gurugram,Debit Card
ORD100985,2025-04-04,CUST1999,Ananya Deshmukh,Mouse,Accessories,3,1200.0,3600.0,2100,1500.0,West,Maharashtra,Mumbai,Credit Card
ORD100986,2025-08-17,CUST1640,Aditya Deshmukh,Smartphone,Electronics,1,32000.0,32000.0,27000,5000.0,North,Haryana,Gurugram,Cash on Delivery
ORD100987,2025-12-08,CUST1123,Nisha Joshi,Webcam,Accessories,2,2800.0,5600.0,3400,2200.0,South,Kerala,Kochi,Debit Card
ORD100988,2025-01-07,CUST1254,Neha Shah,Tablet,Electronics,1,24000.0,24000.0,19500,4500.0,South,Karnataka,Bengaluru,Cash on Delivery
ORD100989,2025-10-20,CUST1912,Aditya Mehta,Headphones,Accessories,2,3325.0,6650.0,4400,2250.0,North,Delhi,New Delhi,Cash on Delivery
ORD100990,2025-05-11,CUST1769,Diya Nair,Tablet,Electronics,2,24000.0,48000.0,39000,9000.0,North,Uttar Pradesh,Noida,Debit Card
ORD100991,2025-11-12,CUST1497,Riya Shah,Smartphone,Electronics,1,32000.0,32000.0,27000,5000.0,North,Punjab,Ludhiana,UPI
ORD100992,2025-04-25,CUST1747,Aarav Singh,Office Chair,Furniture,3,9500.0,28500.0,21000,7500.0,South,Tamil Nadu,Chennai,Cash on Delivery
ORD100993,2025-03-28,CUST1603,Diya Reddy,Office Chair,Furniture,1,9975.0,9975.0,7000,2975.0,East,West Bengal,Kolkata,Net Banking
ORD100994,2025-07-25,CUST1077,Neha Joshi,Smartphone,Electronics,3,32000.0,96000.0,81000,15000.0,West,Goa,Panaji,Net Banking
ORD100995,2025-11-29,CUST1701,Aditya Nair,Webcam,Accessories,1,2800.0,2800.0,1700,1100.0,North,Rajasthan,Jaipur,Debit Card
ORD100996,2025-02-17,CUST1550,Aditya Kulkarni,Monitor,Electronics,1,18000.0,18000.0,13500,4500.0,North,Delhi,New Delhi,Debit Card
ORD100997,2025-12-12,CUST1137,Riya Kulkarni,Laptop,Electronics,3,65000.0,195000.0,156000,39000.0,East,Bihar,Patna,Credit Card
ORD100998,2025-10-27,CUST1624,Tanvi Kulkarni,Webcam,Accessories,1,2800.0,2800.0,1700,1100.0,North,Haryana,Gurugram,Cash on Delivery
ORD100999,2025-03-07,CUST1189,Sahil Yadav,Tablet,Electronics,1,24000.0,24000.0,19500,4500.0,South,Tamil Nadu,Chennai,Credit Card
ORD101000,2025-11-13,CUST1170,Ishaan Sharma,Laptop,Electronics,2,65000.0,130000.0,104000,26000.0,West,Gujarat,Ahmedabad,UPI
ORD101001,2025-07-07,CUST1811,Sneha Deshmukh,Monitor,Electronics,1,17100.0,17100.0,13500,3600.0,East,Jharkhand,Ranchi,Cash on Delivery
ORD101002,2025-11-14,CUST1087,Sneha Iyer,Printer,Office Equipment,1,12500.0,12500.0,9800,2700.0,East,Odisha,Bhubaneswar,Cash on Delivery
ORD101003,2025-06-12,CUST1583,Pooja Joshi,Webcam,Accessories,1,2660.0,2660.0,1700,960.0,West,Gujarat,Surat,Cash on Delivery
ORD101004,2025-05-31,CUST1686,Meera Deshmukh,Office Chair,Furniture,3,9025.0,27075.0,21000,6075.0,North,Uttar Pradesh,Noida,Debit Card
ORD101005,2025-01-03,CUST1234,Aarav Gupta,Webcam,Accessories,2,2800.0,5600.0,3400,2200.0,North,Rajasthan,Jaipur,Debit Card
ORD101006,2025-05-24,CUST1766,Rohan Deshmukh,Mouse,Accessories,4,1200.0,4800.0,2800,2000.0,West,Gujarat,Ahmedabad,Cash on Delivery
ORD101007,2025-12-21,CUST1155,Nisha Yadav,Printer,Office Equipment,1,13125.0,13125.0,9800,3325.0,South,Kerala,Kochi,Credit Card
ORD101008,2025-12-19,CUST1892,Diya Shah,Printer,Office Equipment,1,12500.0,12500.0,9800,2700.0,North,Punjab,Ludhiana,Cash on Delivery
ORD101009,2025-12-16,CUST1245,Rahul Chaudhary,Desk,Furniture,1,12000.0,12000.0,9000,3000.0,North,Haryana,Gurugram,Net Banking
ORD101010,2025-06-15,CUST1735,Sahil Patil,Keyboard,Accessories,2,2090.0,4180.0,2800,1380.0,West,Gujarat,Ahmedabad,Cash on Delivery
ORD101011,2025-10-18,CUST1318,Tanvi Singh,Laptop,Electronics,2,65000.0,130000.0,104000,26000.0,West,Goa,Panaji,Credit Card
ORD101012,2025-10-28,CUST1391,Priya Patil,Keyboard,Accessories,2,2200.0,4400.0,2800,1600.0,West,Gujarat,Surat,Net Banking
ORD101013,2025-07-13,CUST1677,Pooja Shah,Printer,Office Equipment,1,12500.0,12500.0,9800,2700.0,West,Maharashtra,Pune,Credit Card
ORD101014,2025-07-03,CUST1381,Priya Mehta,Smartphone,Electronics,3,32000.0,96000.0,81000,15000.0,West,Maharashtra,Pune,Net Banking
ORD101015,2025-09-21,CUST1626,Neha Deshmukh,Printer,Office Equipment,1,12500.0,12500.0,9800,2700.0,West,Gujarat,Ahmedabad,Debit Card
ORD101016,2025-01-04,CUST1918,Nisha Gupta,Smartphone,Electronics,2,32000.0,64000.0,54000,10000.0,East,Bihar,Patna,UPI
ORD101017,2025-07-26,CUST1205,Ananya Iyer,Mouse,Accessories,1,1200.0,1200.0,700,500.0,North,Haryana,Gurugram,Debit Card
ORD101018,2025-02-04,CUST1173,Ananya Gupta,Monitor,Electronics,1,18000.0,18000.0,13500,4500.0,West,Goa,Panaji,Net Banking
ORD101019,2025-11-03,CUST1609,Ananya Mehta,Smartphone,Electronics,1,32000.0,32000.0,27000,5000.0,South,Karnataka,Bengaluru,Debit Card
ORD101020,2025-08-03,CUST1503,Priya Singh,Smartphone,Electronics,1,32000.0,32000.0,27000,5000.0,South,Kerala,Kochi,Net Banking
ORD101021,2025-07-20,CUST1096,Aarav Sharma,Desk,Furniture,2,11400.0,22800.0,18000,4800.0,South,Tamil Nadu,Chennai,Cash on Delivery
ORD101022,2025-02-20,CUST1351,Kavya Yadav,Office Chair,Furniture,2,9500.0,19000.0,14000,5000.0,West,Maharashtra,Nashik,UPI
ORD101023,2025-12-22,CUST1142,Aarav Gupta,Mouse,Accessories,3,1200.0,3600.0,2100,1500.0,South,Telangana,Hyderabad,Cash on Delivery
ORD101024,2025-10-07,CUST1464,Ishaan Iyer,Smartphone,Electronics,1,32000.0,32000.0,27000,5000.0,North,Delhi,New Delhi,Credit Card
ORD101025,2025-11-07,CUST1172,Sneha Reddy,Webcam,Accessories,1,2940.0,2940.0,1700,1240.0,East,West Bengal,Kolkata,Debit Card
ORD101026,2025-07-27,CUST1255,Ananya Chaudhary,Monitor,Electronics,2,17100.0,34200.0,27000,7200.0,East,Odisha,Bhubaneswar,Credit Card
ORD101027,2025-05-08,CUST1836,Sahil Deshmukh,External SSD,Storage,1,8500.0,8500.0,6200,2300.0,East,Bihar,Patna,Cash on Delivery
ORD101028,2025-08-10,CUST1293,Pooja Mehta,External SSD,Storage,2,8500.0,17000.0,12400,4600.0,West,Gujarat,Surat,Debit Card
ORD101029,2025-10-24,CUST1841,Karan Singh,Headphones,Accessories,1,3675.0,3675.0,2200,1475.0,West,Maharashtra,Nashik,Credit Card
ORD101030,2025-07-10,CUST1269,Sahil Mehta,Webcam,Accessories,2,2800.0,5600.0,3400,2200.0,West,Gujarat,Surat,Cash on Delivery
ORD101031,2025-06-27,CUST1514,Rohan Shah,Keyboard,Accessories,1,2200.0,2200.0,1400,800.0,West,Gujarat,Surat,UPI
ORD101032,2025-12-28,CUST1670,Sahil Singh,Monitor,Electronics,1,18900.0,18900.0,13500,5400.0,West,Maharashtra,Nashik,Debit Card
ORD101033,2025-03-29,CUST1514,Sahil Nair,Laptop,Electronics,1,61750.0,61750.0,52000,9750.0,East,West Bengal,Kolkata,Debit Card
ORD101034,2025-07-19,CUST1128,Rohan Chaudhary,Monitor,Electronics,3,18000.0,54000.0,40500,13500.0,South,Kerala,Kochi,Credit Card
ORD101035,2025-01-29,CUST1970,Ananya Gupta,Webcam,Accessories,2,2800.0,5600.0,3400,2200.0,South,Telangana,Hyderabad,UPI
ORD101036,2025-12-30,CUST1838,Meera Deshmukh,Mouse,Accessories,3,1200.0,3600.0,2100,1500.0,South,Telangana,Hyderabad,Credit Card
ORD101037,2025-01-10,CUST1856,Ananya Patil,Keyboard,Accessories,3,2200.0,6600.0,4200,2400.0,West,Gujarat,Surat,Debit Card
ORD101038,2025-02-02,CUST1508,Vikram Verma,External SSD,Storage,1,8075.0,8075.0,6200,1875.0,West,Maharashtra,Pune,Cash on Delivery
ORD101039,2025-04-02,CUST1845,Rohan Iyer,Keyboard,Accessories,1,2200.0,2200.0,1400,800.0,North,Uttar Pradesh,Noida,UPI
ORD101040,2025-06-29,CUST1324,Kavya Deshmukh,Keyboard,Accessories,2,2200.0,4400.0,2800,1600.0,West,Gujarat,Ahmedabad,Net Banking
ORD101041,2025-09-07,CUST1340,Priya Sharma,Desk,Furniture,1,12000.0,12000.0,9000,3000.0,East,West Bengal,Kolkata,Credit Card
ORD101042,2025-12-20,CUST1698,Neha Chaudhary,Desk,Furniture,1,12000.0,12000.0,9000,3000.0,North,Haryana,Gurugram,Net Banking
ORD101043,2025-10-19,CUST1292,Neha Patil,Office Chair,Furniture,4,9500.0,38000.0,28000,10000.0,North,Rajasthan,Jaipur,Debit Card
ORD101044,2025-08-09,CUST1766,Sneha Gupta,Laptop,Electronics,1,65000.0,65000.0,52000,13000.0,North,Haryana,Gurugram,Credit Card
ORD101045,2025-09-07,CUST1747,Aarav Gupta,Desk,Furniture,1,12000.0,12000.0,9000,3000.0,West,Maharashtra,Nashik,Net Banking
ORD101046,2025-09-02,CUST1858,Arjun Patil,Printer,Office Equipment,4,13125.0,52500.0,39200,13300.0,West,Gujarat,Ahmedabad,Credit Card
ORD101047,2025-06-16,CUST1066,Arjun Verma,Office Chair,Furniture,1,9500.0,9500.0,7000,2500.0,West,Maharashtra,Nashik,UPI
ORD101048,2025-11-20,CUST1105,Riya Deshmukh,External SSD,Storage,3,8925.0,26775.0,18600,8175.0,South,Karnataka,Bengaluru,UPI
ORD101049,2025-01-05,CUST1486,Rohan Patil,Desk,Furniture,1,12000.0,12000.0,9000,3000.0,East,Assam,Guwahati,Cash on Delivery
ORD101050,2025-08-22,CUST1637,Rahul Mehta,Mouse,Accessories,1,1200.0,1200.0,700,500.0,South,Andhra Pradesh,Vijayawada,Cash on Delivery
ORD101051,2025-11-03,CUST1187,Vikram Singh,Keyboard,Accessories,4,2090.0,8360.0,5600,2760.0,West,Goa,Panaji,Credit Card
ORD101052,2025-09-29,CUST1171,Arjun Chaudhary,Mouse,Accessories,1,1200.0,1200.0,700,500.0,West,Maharashtra,Nashik,Debit Card
ORD101053,2025-02-23,CUST1615,Vikram Reddy,Headphones,Accessories,1,3500.0,3500.0,2200,1300.0,North,Delhi,New Delhi,Debit Card
ORD101054,2025-04-29,CUST1823,Meera Verma,Keyboard,Accessories,3,2200.0,6600.0,4200,2400.0,East,West Bengal,Kolkata,Net Banking
ORD101055,2025-09-06,CUST1704,Vikram Deshmukh,Printer,Office Equipment,2,11875.0,23750.0,19600,4150.0,West,Maharashtra,Pune,Debit Card
ORD101056,2025-05-02,CUST1253,Kavya Sharma,Keyboard,Accessories,1,2200.0,2200.0,1400,800.0,West,Maharashtra,Mumbai,Net Banking
ORD101057,2025-07-19,CUST1464,Karan Chaudhary,Office Chair,Furniture,1,9500.0,9500.0,7000,2500.0,West,Goa,Panaji,Cash on Delivery
ORD101058,2025-12-12,CUST1741,Sneha Mehta,Tablet,Electronics,1,25200.0,25200.0,19500,5700.0,North,Punjab,Ludhiana,UPI
ORD101059,2025-06-14,CUST1080,Kavya Kulkarni,Laptop,Electronics,3,65000.0,195000.0,156000,39000.0,West,Maharashtra,Mumbai,Cash on Delivery
ORD101060,2025-10-25,CUST1917,Vikram Yadav,External SSD,Storage,1,8500.0,8500.0,6200,2300.0,South,Kerala,Kochi,Cash on Delivery
ORD101061,2025-01-25,CUST1739,Aarav Mehta,Office Chair,Furniture,1,9500.0,9500.0,7000,2500.0,South,Telangana,Hyderabad,Credit Card
ORD101062,2025-04-03,CUST1765,Kavya Singh,Desk,Furniture,1,11400.0,11400.0,9000,2400.0,West,Goa,Panaji,Cash on Delivery
ORD101063,2025-10-07,CUST1184,Nisha Patil,Desk,Furniture,1,11400.0,11400.0,9000,2400.0,East,Jharkhand,Ranchi,Credit Card
ORD101064,2025-08-10,CUST1983,Ananya Gupta,Webcam,Accessories,1,2800.0,2800.0,1700,1100.0,South,Tamil Nadu,Chennai,Credit Card
ORD101065,2025-11-09,CUST1647,Karan Kulkarni,Office Chair,Furniture,5,9500.0,47500.0,35000,12500.0,South,Karnataka,Bengaluru,Cash on Delivery
ORD101066,2025-03-15,CUST1447,Rohan Verma,Tablet,Electronics,2,22800.0,45600.0,39000,6600.0,North,Punjab,Ludhiana,Net Banking
ORD101067,2025-01-29,CUST1967,Tanvi Shah,Mouse,Accessories,2,1200.0,2400.0,1400,1000.0,North,Delhi,New Delhi,Credit Card
ORD101068,2025-09-22,CUST1353,Neha Nair,Printer,Office Equipment,2,12500.0,25000.0,19600,5400.0,South,Telangana,Hyderabad,Debit Card
ORD101069,2025-09-12,CUST1908,Rahul Nair,Smartphone,Electronics,3,32000.0,96000.0,81000,15000.0,South,Tamil Nadu,Chennai,Cash on Delivery
ORD101070,2025-06-17,CUST1867,Rohan Mehta,Office Chair,Furniture,1,9500.0,9500.0,7000,2500.0,North,Uttar Pradesh,Noida,Credit Card
ORD101071,2025-09-14,CUST1972,Vikram Joshi,Monitor,Electronics,1,18000.0,18000.0,13500,4500.0,South,Telangana,Hyderabad,Net Banking
ORD101072,2025-06-03,CUST1594,Rahul Shah,Webcam,Accessories,2,2800.0,5600.0,3400,2200.0,West,Maharashtra,Nashik,Cash on Delivery
ORD101073,2025-11-04,CUST1347,Rohan Iyer,Office Chair,Furniture,4,9500.0,38000.0,28000,10000.0,South,Telangana,Hyderabad,UPI
ORD101074,2025-12-22,CUST1492,Priya Kulkarni,Tablet,Electronics,2,24000.0,48000.0,39000,9000.0,West,Goa,Panaji,Cash on Delivery
ORD101075,2025-12-07,CUST1882,Riya Sharma,Headphones,Accessories,1,3500.0,3500.0,2200,1300.0,North,Haryana,Gurugram,UPI
ORD101076,2025-02-16,CUST1368,Aarav Iyer,Office Chair,Furniture,1,9025.0,9025.0,7000,2025.0,South,Kerala,Kochi,Net Banking
ORD101077,2025-09-13,CUST1586,Sahil Singh,Tablet,Electronics,1,25200.0,25200.0,19500,5700.0,North,Uttar Pradesh,Noida,UPI
ORD101078,2025-09-06,CUST1857,Ishaan Shah,External SSD,Storage,1,8500.0,8500.0,6200,2300.0,South,Tamil Nadu,Chennai,UPI
ORD101079,2025-12-03,CUST1348,Ishaan Singh,Mouse,Accessories,2,1200.0,2400.0,1400,1000.0,West,Gujarat,Surat,Debit Card
ORD101080,2025-10-10,CUST1651,Aditya Mehta,Laptop,Electronics,2,65000.0,130000.0,104000,26000.0,North,Delhi,New Delhi,Debit Card
ORD101081,2025-04-02,CUST1734,Rohan Sharma,Smartphone,Electronics,1,32000.0,32000.0,27000,5000.0,North,Haryana,Gurugram,Net Banking
ORD101082,2025-01-19,CUST1280,Sneha Chaudhary,External SSD,Storage,1,8925.0,8925.0,6200,2725.0,West,Maharashtra,Pune,Debit Card
ORD101083,2025-06-19,CUST1325,Priya Iyer,Mouse,Accessories,2,1200.0,2400.0,1400,1000.0,West,Maharashtra,Nashik,Cash on Delivery
ORD101084,2025-02-07,CUST1492,Nisha Deshmukh,Office Chair,Furniture,1,9025.0,9025.0,7000,2025.0,North,Rajasthan,Jaipur,Debit Card
ORD101085,2025-01-08,CUST1252,Sahil Iyer,Laptop,Electronics,1,65000.0,65000.0,52000,13000.0,West,Gujarat,Ahmedabad,Debit Card
ORD101086,2025-07-05,CUST1635,Vikram Chaudhary,Printer,Office Equipment,1,12500.0,12500.0,9800,2700.0,West,Gujarat,Surat,Net Banking
ORD101087,2025-01-11,CUST1950,Sneha Iyer,Tablet,Electronics,1,24000.0,24000.0,19500,4500.0,West,Gujarat,Surat,Cash on Delivery
ORD101088,2025-11-14,CUST1207,Sahil Iyer,Tablet,Electronics,1,24000.0,24000.0,19500,4500.0,West,Gujarat,Ahmedabad,Debit Card
ORD101089,2025-05-22,CUST1942,Tanvi Sharma,Headphones,Accessories,1,3500.0,3500.0,2200,1300.0,West,Gujarat,Ahmedabad,UPI
ORD101090,2025-01-15,CUST1056,Neha Kulkarni,Monitor,Electronics,2,18000.0,36000.0,27000,9000.0,South,Karnataka,Bengaluru,UPI
ORD101091,2025-07-01,CUST1552,Sneha Iyer,Office Chair,Furniture,1,9500.0,9500.0,7000,2500.0,North,Delhi,New Delhi,Debit Card
ORD101092,2025-09-29,CUST1018,Aarav Yadav,Headphones,Accessories,2,3675.0,7350.0,4400,2950.0,West,Maharashtra,Nashik,Net Banking
ORD101093,2025-10-30,CUST1999,Aarav Mehta,Mouse,Accessories,2,1140.0,2280.0,1400,880.0,West,Maharashtra,Nashik,Cash on Delivery
ORD101094,2025-12-23,CUST1172,Sneha Shah,Webcam,Accessories,4,2940.0,11760.0,6800,4960.0,North,Uttar Pradesh,Noida,Cash on Delivery
ORD101095,2025-06-04,CUST1757,Karan Kulkarni,Printer,Office Equipment,1,12500.0,12500.0,9800,2700.0,West,Gujarat,Ahmedabad,UPI
ORD101096,2025-12-01,CUST1307,Ananya Yadav,Mouse,Accessories,1,1140.0,1140.0,700,440.0,West,Gujarat,Surat,Credit Card
ORD101097,2025-06-27,CUST1563,Karan Joshi,Webcam,Accessories,3,2800.0,8400.0,5100,3300.0,West,Maharashtra,Nashik,Debit Card
ORD101098,2025-01-15,CUST1916,Nisha Verma,Tablet,Electronics,1,24000.0,24000.0,19500,4500.0,East,Assam,Guwahati,Cash on Delivery
ORD101099,2025-01-04,CUST1969,Rahul Kulkarni,Keyboard,Accessories,2,2200.0,4400.0,2800,1600.0,North,Rajasthan,Jaipur,Cash on Delivery
ORD101100,2025-04-02,CUST1554,Diya Singh,Headphones,Accessories,1,3500.0,3500.0,2200,1300.0,South,Andhra Pradesh,Vijayawada,Cash on Delivery
ORD101101,2025-03-29,CUST1798,Diya Chaudhary,Mouse,Accessories,3,1200.0,3600.0,2100,1500.0,East,Odisha,Bhubaneswar,Debit Card
ORD101102,2025-12-29,CUST1861,Rohan Iyer,Tablet,Electronics,3,24000.0,72000.0,58500,13500.0,North,Uttar Pradesh,Noida,UPI
ORD101103,2025-04-03,CUST1471,Arjun Shah,Headphones,Accessories,2,3325.0,6650.0,4400,2250.0,West,Maharashtra,Mumbai,UPI
ORD101104,2025-09-17,CUST1647,Riya Shah,Headphones,Accessories,2,3500.0,7000.0,4400,2600.0,North,Delhi,New Delhi,Cash on Delivery
ORD101105,2025-07-14,CUST1514,Arjun Iyer,Headphones,Accessories,4,3500.0,14000.0,8800,5200.0,North,Delhi,New Delhi,Credit Card
ORD101106,2025-03-23,CUST1538,Sahil Yadav,Headphones,Accessories,1,3500.0,3500.0,2200,1300.0,West,Gujarat,Surat,Debit Card
ORD101107,2025-11-21,CUST1617,Aditya Singh,Keyboard,Accessories,3,2200.0,6600.0,4200,2400.0,East,West Bengal,Kolkata,Debit Card
ORD101108,2025-06-14,CUST1331,Sneha Shah,Keyboard,Accessories,1,2310.0,2310.0,1400,910.0,West,Goa,Panaji,UPI
ORD101109,2025-08-05,CUST1492,Rahul Kulkarni,Printer,Office Equipment,2,12500.0,25000.0,19600,5400.0,North,Delhi,New Delhi,Debit Card
ORD101110,2025-05-27,CUST1314,Aarav Patil,Printer,Office Equipment,3,12500.0,37500.0,29400,8100.0,North,Haryana,Gurugram,Net Banking
ORD101111,2025-09-16,CUST1441,Riya Yadav,Office Chair,Furniture,1,9975.0,9975.0,7000,2975.0,West,Goa,Panaji,Debit Card
ORD101112,2025-09-03,CUST1275,Kavya Kulkarni,Monitor,Electronics,3,18000.0,54000.0,40500,13500.0,West,Maharashtra,Mumbai,Credit Card
ORD101113,2025-05-23,CUST1394,Ananya Verma,Webcam,Accessories,1,2800.0,2800.0,1700,1100.0,East,Assam,Guwahati,Debit Card
ORD101114,2025-04-30,CUST1098,Neha Singh,Office Chair,Furniture,1,9500.0,9500.0,7000,2500.0,South,Andhra Pradesh,Vijayawada,Cash on Delivery
ORD101115,2025-02-13,CUST1620,Pooja Mehta,Smartphone,Electronics,1,32000.0,32000.0,27000,5000.0,North,Haryana,Gurugram,Credit Card
ORD101116,2025-07-13,CUST1109,Priya Mehta,Monitor,Electronics,2,18000.0,36000.0,27000,9000.0,North,Uttar Pradesh,Noida,Debit Card
ORD101117,2025-06-15,CUST1963,Tanvi Mehta,Keyboard,Accessories,3,2310.0,6930.0,4200,2730.0,North,Punjab,Ludhiana,Cash on Delivery
ORD101118,2025-11-18,CUST1311,Vikram Gupta,Smartphone,Electronics,1,32000.0,32000.0,27000,5000.0,West,Goa,Panaji,Debit Card
ORD101119,2025-01-20,CUST1599,Pooja Joshi,Smartphone,Electronics,2,32000.0,64000.0,54000,10000.0,West,Maharashtra,Mumbai,Cash on Delivery
ORD101120,2025-04-11,CUST1982,Arjun Chaudhary,Desk,Furniture,1,12000.0,12000.0,9000,3000.0,West,Maharashtra,Pune,Credit Card
ORD101121,2025-03-31,CUST1465,Rahul Chaudhary,Laptop,Electronics,1,61750.0,61750.0,52000,9750.0,North,Delhi,New Delhi,Debit Card
ORD101122,2025-04-12,CUST1598,Neha Mehta,Smartphone,Electronics,1,32000.0,32000.0,27000,5000.0,North,Uttar Pradesh,Noida,UPI
ORD101123,2025-08-14,CUST1613,Riya Kulkarni,Laptop,Electronics,4,65000.0,260000.0,208000,52000.0,West,Gujarat,Surat,Net Banking
ORD101124,2025-06-14,CUST1044,Kavya Sharma,External SSD,Storage,2,8500.0,17000.0,12400,4600.0,South,Andhra Pradesh,Vijayawada,UPI
ORD101125,2025-11-03,CUST1524,Rohan Yadav,Mouse,Accessories,2,1200.0,2400.0,1400,1000.0,West,Gujarat,Surat,UPI
ORD101126,2025-10-03,CUST1768,Meera Mehta,Laptop,Electronics,1,65000.0,65000.0,52000,13000.0,West,Maharashtra,Mumbai,UPI
ORD101127,2025-01-23,CUST1803,Vikram Yadav,Smartphone,Electronics,1,30400.0,30400.0,27000,3400.0,North,Haryana,Gurugram,Credit Card
ORD101128,2025-12-05,CUST1175,Ananya Singh,Keyboard,Accessories,1,2200.0,2200.0,1400,800.0,West,Maharashtra,Pune,Credit Card
ORD101129,2025-04-12,CUST1420,Rahul Verma,External SSD,Storage,3,8500.0,25500.0,18600,6900.0,West,Goa,Panaji,UPI
ORD101130,2025-05-30,CUST1235,Sahil Mehta,Webcam,Accessories,3,2800.0,8400.0,5100,3300.0,North,Rajasthan,Jaipur,Cash on Delivery
ORD101131,2025-12-08,CUST1566,Kavya Shah,Laptop,Electronics,1,65000.0,65000.0,52000,13000.0,West,Gujarat,Surat,Net Banking
ORD101132,2025-12-28,CUST1447,Tanvi Yadav,Smartphone,Electronics,1,32000.0,32000.0,27000,5000.0,South,Telangana,Hyderabad,Net Banking
ORD101133,2025-11-05,CUST1991,Rahul Verma,Mouse,Accessories,1,1200.0,1200.0,700,500.0,West,Gujarat,Surat,Debit Card
ORD101134,2025-04-30,CUST1624,Sahil Gupta,Office Chair,Furniture,2,9500.0,19000.0,14000,5000.0,East,West Bengal,Kolkata,Credit Card
ORD101135,2025-12-30,CUST1774,Rohan Kulkarni,Mouse,Accessories,1,1200.0,1200.0,700,500.0,North,Delhi,New Delhi,Credit Card
ORD101136,2025-07-27,CUST1892,Meera Patil,Webcam,Accessories,1,2800.0,2800.0,1700,1100.0,South,Kerala,Kochi,Cash on Delivery
ORD101137,2025-01-07,CUST1788,Aarav Yadav,Smartphone,Electronics,1,32000.0,32000.0,27000,5000.0,North,Punjab,Ludhiana,Debit Card
ORD101138,2025-07-22,CUST1848,Ishaan Mehta,Smartphone,Electronics,1,33600.0,33600.0,27000,6600.0,West,Goa,Panaji,Cash on Delivery
ORD101139,2025-12-31,CUST1274,Ishaan Reddy,Webcam,Accessories,1,2800.0,2800.0,1700,1100.0,South,Andhra Pradesh,Vijayawada,Cash on Delivery
ORD101140,2025-05-05,CUST1478,Aditya Gupta,Headphones,Accessories,1,3500.0,3500.0,2200,1300.0,South,Andhra Pradesh,Vijayawada,UPI
ORD101141,2025-12-08,CUST1689,Rahul Joshi,Monitor,Electronics,1,18000.0,18000.0,13500,4500.0,West,Maharashtra,Mumbai,Cash on Delivery
ORD101142,2025-08-08,CUST1447,Diya Verma,Smartphone,Electronics,1,33600.0,33600.0,27000,6600.0,West,Gujarat,Ahmedabad,UPI
ORD101143,2025-03-26,CUST1526,Tanvi Shah,Smartphone,Electronics,3,32000.0,96000.0,81000,15000.0,West,Maharashtra,Mumbai,Debit Card
ORD101144,2025-11-27,CUST1389,Vikram Patil,External SSD,Storage,4,8500.0,34000.0,24800,9200.0,South,Telangana,Hyderabad,Credit Card
ORD101145,2025-12-28,CUST1621,Tanvi Sharma,Desk,Furniture,4,12000.0,48000.0,36000,12000.0,West,Maharashtra,Mumbai,UPI
ORD101146,2025-09-17,CUST1399,Rohan Singh,Laptop,Electronics,2,65000.0,130000.0,104000,26000.0,East,Jharkhand,Ranchi,Net Banking
ORD101147,2025-06-10,CUST1846,Neha Kulkarni,Monitor,Electronics,1,18000.0,18000.0,13500,4500.0,West,Gujarat,Ahmedabad,Cash on Delivery
ORD101148,2025-02-17,CUST1371,Sahil Patil,Smartphone,Electronics,4,32000.0,128000.0,108000,20000.0,West,Maharashtra,Mumbai,Debit Card
ORD101149,2025-05-14,CUST1270,Meera Kulkarni,Tablet,Electronics,5,24000.0,120000.0,97500,22500.0,West,Goa,Panaji,Credit Card
ORD101150,2025-08-28,CUST1147,Karan Nair,Tablet,Electronics,2,24000.0,48000.0,39000,9000.0,South,Karnataka,Bengaluru,UPI
ORD101151,2025-10-06,CUST1985,Tanvi Chaudhary,Desk,Furniture,1,12000.0,12000.0,9000,3000.0,South,Karnataka,Bengaluru,Net Banking
ORD101152,2025-06-29,CUST1254,Ishaan Patil,Desk,Furniture,2,12000.0,24000.0,18000,6000.0,North,Uttar Pradesh,Noida,Cash on Delivery
ORD101153,2025-12-09,CUST1022,Ananya Reddy,Tablet,Electronics,2,25200.0,50400.0,39000,11400.0,North,Haryana,Gurugram,Cash on Delivery
ORD101154,2025-11-14,CUST1464,Sahil Sharma,Smartphone,Electronics,4,32000.0,128000.0,108000,20000.0,West,Gujarat,Surat,Cash on Delivery
ORD101155,2025-06-27,CUST1645,Rahul Chaudhary,Smartphone,Electronics,1,32000.0,32000.0,27000,5000.0,West,Goa,Panaji,Credit Card
ORD101156,2025-09-04,CUST1137,Karan Joshi,Smartphone,Electronics,1,30400.0,30400.0,27000,3400.0,South,Tamil Nadu,Chennai,Debit Card
ORD101157,2025-04-10,CUST1489,Sahil Sharma,Smartphone,Electronics,2,32000.0,64000.0,54000,10000.0,West,Gujarat,Surat,Net Banking
ORD101158,2025-10-14,CUST1011,Priya Mehta,Webcam,Accessories,1,2800.0,2800.0,1700,1100.0,South,Kerala,Kochi,Net Banking
ORD101159,2025-06-28,CUST1897,Karan Verma,External SSD,Storage,4,8500.0,34000.0,24800,9200.0,South,Tamil Nadu,Chennai,Cash on Delivery
ORD101160,2025-02-27,CUST1180,Meera Nair,Mouse,Accessories,4,1200.0,4800.0,2800,2000.0,North,Uttar Pradesh,Noida,Cash on Delivery
ORD101161,2025-01-20,CUST1496,Ishaan Sharma,Monitor,Electronics,2,18000.0,36000.0,27000,9000.0,North,Rajasthan,Jaipur,UPI
ORD101162,2025-09-26,CUST1385,Pooja Sharma,Desk,Furniture,1,12000.0,12000.0,9000,3000.0,West,Maharashtra,Pune,Debit Card
ORD101163,2025-02-20,CUST1403,Rahul Verma,Webcam,Accessories,2,2800.0,5600.0,3400,2200.0,West,Maharashtra,Pune,Net Banking
ORD101164,2025-03-03,CUST1678,Arjun Kulkarni,Smartphone,Electronics,2,32000.0,64000.0,54000,10000.0,North,Punjab,Ludhiana,Cash on Delivery
ORD101165,2025-11-02,CUST1749,Sahil Mehta,Smartphone,Electronics,1,32000.0,32000.0,27000,5000.0,West,Maharashtra,Mumbai,UPI
ORD101166,2025-06-21,CUST1944,Nisha Patil,Webcam,Accessories,5,2800.0,14000.0,8500,5500.0,South,Telangana,Hyderabad,UPI
ORD101167,2025-10-31,CUST1138,Aditya Kulkarni,Keyboard,Accessories,2,2310.0,4620.0,2800,1820.0,North,Rajasthan,Jaipur,Debit Card
ORD101168,2025-10-22,CUST1611,Tanvi Deshmukh,Monitor,Electronics,1,18900.0,18900.0,13500,5400.0,South,Karnataka,Bengaluru,Cash on Delivery
ORD101169,2025-05-21,CUST1502,Ishaan Patil,Tablet,Electronics,2,24000.0,48000.0,39000,9000.0,South,Kerala,Kochi,Net Banking
ORD101170,2025-11-16,CUST1371,Riya Chaudhary,Desk,Furniture,1,12000.0,12000.0,9000,3000.0,West,Maharashtra,Mumbai,Credit Card
ORD101171,2025-07-12,CUST1227,Sneha Patil,External SSD,Storage,1,8500.0,8500.0,6200,2300.0,South,Karnataka,Bengaluru,Credit Card
ORD101172,2025-06-01,CUST1822,Nisha Joshi,Headphones,Accessories,3,3325.0,9975.0,6600,3375.0,South,Andhra Pradesh,Vijayawada,Cash on Delivery
ORD101173,2025-03-11,CUST1120,Arjun Patil,Printer,Office Equipment,1,13125.0,13125.0,9800,3325.0,North,Delhi,New Delhi,Net Banking
ORD101174,2025-03-10,CUST1326,Sneha Sharma,Keyboard,Accessories,1,2310.0,2310.0,1400,910.0,West,Goa,Panaji,UPI
ORD101175,2025-10-31,CUST1923,Priya Sharma,External SSD,Storage,3,8500.0,25500.0,18600,6900.0,East,Assam,Guwahati,Net Banking
ORD101176,2025-06-09,CUST1941,Karan Deshmukh,Keyboard,Accessories,1,2200.0,2200.0,1400,800.0,South,Kerala,Kochi,UPI
ORD101177,2025-03-09,CUST1017,Sahil Sharma,Webcam,Accessories,2,2800.0,5600.0,3400,2200.0,East,Odisha,Bhubaneswar,Cash on Delivery
ORD101178,2025-08-30,CUST1695,Riya Mehta,External SSD,Storage,1,8500.0,8500.0,6200,2300.0,North,Uttar Pradesh,Noida,Cash on Delivery
ORD101179,2025-06-01,CUST1533,Rahul Patil,Desk,Furniture,2,12000.0,24000.0,18000,6000.0,South,Kerala,Kochi,Debit Card
ORD101180,2025-08-24,CUST1938,Kavya Sharma,Tablet,Electronics,1,24000.0,24000.0,19500,4500.0,North,Delhi,New Delhi,Credit Card
ORD101181,2025-08-05,CUST1261,Rahul Iyer,Office Chair,Furniture,1,9500.0,9500.0,7000,2500.0,South,Kerala,Kochi,UPI
ORD101182,2025-07-07,CUST1273,Tanvi Kulkarni,External SSD,Storage,1,8925.0,8925.0,6200,2725.0,North,Delhi,New Delhi,Debit Card
ORD101183,2025-01-24,CUST1901,Arjun Deshmukh,Office Chair,Furniture,1,9500.0,9500.0,7000,2500.0,East,Bihar,Patna,Net Banking
ORD101184,2025-01-03,CUST1909,Pooja Kulkarni,Desk,Furniture,1,12000.0,12000.0,9000,3000.0,South,Kerala,Kochi,UPI
ORD101185,2025-11-29,CUST1581,Pooja Nair,Printer,Office Equipment,2,12500.0,25000.0,19600,5400.0,North,Haryana,Gurugram,UPI
ORD101186,2025-05-20,CUST1248,Ishaan Shah,Printer,Office Equipment,1,13125.0,13125.0,9800,3325.0,South,Kerala,Kochi,Net Banking
ORD101187,2025-07-25,CUST1624,Tanvi Kulkarni,Keyboard,Accessories,4,2200.0,8800.0,5600,3200.0,North,Haryana,Gurugram,Debit Card
ORD101188,2025-11-21,CUST1950,Ananya Yadav,Laptop,Electronics,2,68250.0,136500.0,104000,32500.0,West,Maharashtra,Mumbai,Credit Card
ORD101189,2025-12-05,CUST1291,Ishaan Kulkarni,Printer,Office Equipment,2,12500.0,25000.0,19600,5400.0,South,Tamil Nadu,Chennai,Cash on Delivery
ORD101190,2025-09-25,CUST1659,Arjun Chaudhary,External SSD,Storage,1,8500.0,8500.0,6200,2300.0,West,Maharashtra,Nashik,Debit Card
ORD101191,2025-05-31,CUST1156,Ananya Gupta,Webcam,Accessories,2,2800.0,5600.0,3400,2200.0,North,Punjab,Ludhiana,Debit Card
ORD101192,2025-12-08,CUST1013,Rohan Patil,Office Chair,Furniture,1,9500.0,9500.0,7000,2500.0,South,Kerala,Kochi,Debit Card
ORD101193,2025-01-14,CUST1789,Tanvi Joshi,Webcam,Accessories,4,2800.0,11200.0,6800,4400.0,West,Goa,Panaji,UPI
ORD101194,2025-03-31,CUST1115,Vikram Reddy,Desk,Furniture,2,12000.0,24000.0,18000,6000.0,West,Gujarat,Ahmedabad,Net Banking
ORD101195,2025-09-23,CUST1259,Vikram Shah,Webcam,Accessories,1,2800.0,2800.0,1700,1100.0,West,Maharashtra,Pune,UPI
ORD101196,2025-03-10,CUST1584,Nisha Mehta,Keyboard,Accessories,4,2200.0,8800.0,5600,3200.0,West,Gujarat,Surat,Cash on Delivery
ORD101197,2025-12-15,CUST1848,Arjun Chaudhary,Tablet,Electronics,2,24000.0,48000.0,39000,9000.0,West,Gujarat,Ahmedabad,Net Banking
ORD101198,2025-02-25,CUST1044,Tanvi Gupta,Webcam,Accessories,4,2800.0,11200.0,6800,4400.0,South,Karnataka,Bengaluru,Credit Card
ORD101199,2025-03-10,CUST1502,Priya Iyer,Mouse,Accessories,2,1200.0,2400.0,1400,1000.0,South,Andhra Pradesh,Vijayawada,Cash on Delivery
ORD101200,2025-07-09,CUST1101,Meera Kulkarni,Webcam,Accessories,1,2800.0,2800.0,1700,1100.0,South,Kerala,Kochi,Credit Card
ORD101201,2025-01-01,CUST1608,Diya Chaudhary,Monitor,Electronics,1,18000.0,18000.0,13500,4500.0,South,Karnataka,Bengaluru,UPI
ORD101202,2025-01-27,CUST1941,Meera Shah,Office Chair,Furniture,2,9500.0,19000.0,14000,5000.0,North,Rajasthan,Jaipur,Net Banking
ORD101203,2025-09-20,CUST1115,Karan Chaudhary,Monitor,Electronics,5,18000.0,90000.0,67500,22500.0,South,Telangana,Hyderabad,Credit Card
ORD101204,2025-12-18,CUST1221,Diya Joshi,Webcam,Accessories,1,2800.0,2800.0,1700,1100.0,South,Karnataka,Bengaluru,Net Banking
ORD101205,2025-08-06,CUST1131,Neha Kulkarni,Headphones,Accessories,2,3500.0,7000.0,4400,2600.0,North,Punjab,Ludhiana,Debit Card
ORD101206,2025-04-14,CUST1218,Pooja Shah,Desk,Furniture,1,12000.0,12000.0,9000,3000.0,South,Karnataka,Bengaluru,UPI
ORD101207,2025-10-25,CUST1945,Meera Mehta,Office Chair,Furniture,2,9500.0,19000.0,14000,5000.0,West,Maharashtra,Mumbai,Debit Card
ORD101208,2025-03-07,CUST1879,Pooja Patil,Smartphone,Electronics,1,32000.0,32000.0,27000,5000.0,South,Andhra Pradesh,Vijayawada,Cash on Delivery
ORD101209,2025-02-12,CUST1282,Meera Iyer,Office Chair,Furniture,1,9500.0,9500.0,7000,2500.0,North,Haryana,Gurugram,Debit Card
ORD101210,2025-11-17,CUST1679,Neha Deshmukh,Desk,Furniture,1,12000.0,12000.0,9000,3000.0,East,Jharkhand,Ranchi,Credit Card
ORD101211,2025-07-04,CUST1599,Diya Iyer,Smartphone,Electronics,2,32000.0,64000.0,54000,10000.0,East,Bihar,Patna,Debit Card
ORD101212,2025-06-25,CUST1663,Arjun Kulkarni,Tablet,Electronics,3,24000.0,72000.0,58500,13500.0,North,Delhi,New Delhi,Debit Card
ORD101213,2025-12-16,CUST1470,Rahul Sharma,Office Chair,Furniture,2,9500.0,19000.0,14000,5000.0,West,Maharashtra,Nashik,UPI
ORD101214,2025-05-15,CUST1561,Sahil Sharma,Headphones,Accessories,1,3500.0,3500.0,2200,1300.0,West,Goa,Panaji,Cash on Delivery
ORD101215,2025-11-01,CUST1544,Aditya Iyer,Keyboard,Accessories,1,2200.0,2200.0,1400,800.0,South,Andhra Pradesh,Vijayawada,Cash on Delivery
ORD101216,2025-07-29,CUST1389,Sahil Patil,Printer,Office Equipment,2,12500.0,25000.0,19600,5400.0,South,Tamil Nadu,Chennai,Net Banking
ORD101217,2025-12-06,CUST1805,Sneha Chaudhary,Smartphone,Electronics,1,32000.0,32000.0,27000,5000.0,North,Delhi,New Delhi,Net Banking
ORD101218,2025-12-06,CUST1382,Priya Deshmukh,Webcam,Accessories,1,2800.0,2800.0,1700,1100.0,West,Goa,Panaji,Cash on Delivery
ORD101219,2025-08-02,CUST1168,Arjun Kulkarni,External SSD,Storage,1,8500.0,8500.0,6200,2300.0,East,Odisha,Bhubaneswar,Debit Card
ORD101220,2025-08-22,CUST1543,Karan Sharma,Tablet,Electronics,2,24000.0,48000.0,39000,9000.0,East,Jharkhand,Ranchi,Credit Card
ORD101221,2025-10-28,CUST1627,Neha Reddy,Headphones,Accessories,2,3500.0,7000.0,4400,2600.0,North,Uttar Pradesh,Noida,Net Banking
ORD101222,2025-07-27,CUST1720,Ishaan Shah,Headphones,Accessories,2,3500.0,7000.0,4400,2600.0,North,Rajasthan,Jaipur,Debit Card
ORD101223,2025-10-31,CUST1973,Rahul Singh,Laptop,Electronics,2,65000.0,130000.0,104000,26000.0,West,Gujarat,Surat,Debit Card
ORD101224,2025-10-03,CUST1511,Meera Gupta,Webcam,Accessories,1,2800.0,2800.0,1700,1100.0,South,Karnataka,Bengaluru,Cash on Delivery
ORD101225,2025-06-17,CUST1118,Riya Deshmukh,Webcam,Accessories,2,2800.0,5600.0,3400,2200.0,South,Andhra Pradesh,Vijayawada,Cash on Delivery
ORD101226,2025-03-06,CUST1078,Vikram Deshmukh,Desk,Furniture,2,12600.0,25200.0,18000,7200.0,South,Kerala,Kochi,Debit Card
ORD101227,2025-03-25,CUST1445,Karan Sharma,Headphones,Accessories,2,3325.0,6650.0,4400,2250.0,West,Maharashtra,Nashik,Credit Card
ORD101228,2025-08-06,CUST1053,Kavya Shah,Monitor,Electronics,1,18000.0,18000.0,13500,4500.0,North,Uttar Pradesh,Noida,Net Banking
ORD101229,2025-02-04,CUST1669,Sahil Nair,External SSD,Storage,5,8925.0,44625.0,31000,13625.0,East,Odisha,Bhubaneswar,Debit Card
ORD101230,2025-06-13,CUST1221,Priya Verma,Laptop,Electronics,2,65000.0,130000.0,104000,26000.0,North,Delhi,New Delhi,Net Banking
ORD101231,2025-01-19,CUST1808,Rahul Yadav,External SSD,Storage,1,8500.0,8500.0,6200,2300.0,West,Gujarat,Ahmedabad,UPI
ORD101232,2025-04-04,CUST1468,Aarav Mehta,Keyboard,Accessories,2,2200.0,4400.0,2800,1600.0,West,Maharashtra,Mumbai,Credit Card
ORD101233,2025-04-01,CUST1862,Rohan Joshi,Headphones,Accessories,3,3325.0,9975.0,6600,3375.0,South,Telangana,Hyderabad,Net Banking
ORD101234,2025-01-11,CUST1897,Vikram Patil,Office Chair,Furniture,3,9500.0,28500.0,21000,7500.0,South,Telangana,Hyderabad,Credit Card
ORD101235,2025-08-15,CUST1010,Karan Reddy,Laptop,Electronics,1,65000.0,65000.0,52000,13000.0,West,Goa,Panaji,Credit Card
ORD101236,2025-03-01,CUST1502,Nisha Mehta,Headphones,Accessories,1,3500.0,3500.0,2200,1300.0,North,Punjab,Ludhiana,Debit Card
ORD101237,2025-12-24,CUST1849,Priya Patil,Webcam,Accessories,2,2800.0,5600.0,3400,2200.0,North,Rajasthan,Jaipur,Cash on Delivery
ORD101238,2025-01-09,CUST1076,Riya Nair,Smartphone,Electronics,1,30400.0,30400.0,27000,3400.0,North,Haryana,Gurugram,Net Banking
ORD101239,2025-02-20,CUST1900,Vikram Patil,Smartphone,Electronics,2,32000.0,64000.0,54000,10000.0,South,Telangana,Hyderabad,Net Banking
ORD101240,2025-12-03,CUST1193,Riya Shah,Office Chair,Furniture,1,9500.0,9500.0,7000,2500.0,West,Maharashtra,Pune,Cash on Delivery
ORD101241,2025-06-12,CUST1525,Priya Singh,Webcam,Accessories,1,2660.0,2660.0,1700,960.0,West,Gujarat,Ahmedabad,Debit Card
ORD101242,2025-03-07,CUST1975,Diya Patil,Webcam,Accessories,1,2800.0,2800.0,1700,1100.0,West,Gujarat,Ahmedabad,Debit Card
ORD101243,2025-10-07,CUST1178,Pooja Kulkarni,Smartphone,Electronics,4,30400.0,121600.0,108000,13600.0,West,Gujarat,Surat,UPI
ORD101244,2025-09-20,CUST1029,Ananya Sharma,Tablet,Electronics,2,24000.0,48000.0,39000,9000.0,West,Gujarat,Ahmedabad,Cash on Delivery
ORD101245,2025-10-07,CUST1117,Rahul Iyer,Headphones,Accessories,1,3500.0,3500.0,2200,1300.0,North,Delhi,New Delhi,Credit Card
ORD101246,2025-08-21,CUST1036,Neha Mehta,Office Chair,Furniture,4,9500.0,38000.0,28000,10000.0,East,Odisha,Bhubaneswar,UPI
ORD101247,2025-03-24,CUST1454,Pooja Verma,Office Chair,Furniture,2,9500.0,19000.0,14000,5000.0,West,Maharashtra,Nashik,Cash on Delivery
ORD101248,2025-03-12,CUST1795,Rohan Reddy,Desk,Furniture,1,12000.0,12000.0,9000,3000.0,West,Gujarat,Surat,Net Banking
ORD101249,2025-01-03,CUST1013,Sahil Yadav,Monitor,Electronics,1,18000.0,18000.0,13500,4500.0,West,Gujarat,Surat,Credit Card
ORD101250,2025-07-14,CUST1014,Karan Verma,Office Chair,Furniture,1,9025.0,9025.0,7000,2025.0,West,Goa,Panaji,Cash on Delivery
ORD101251,2025-09-14,CUST1747,Arjun Verma,Monitor,Electronics,2,18000.0,36000.0,27000,9000.0,South,Telangana,Hyderabad,UPI
ORD101252,2025-02-15,CUST1464,Tanvi Chaudhary,Smartphone,Electronics,2,33600.0,67200.0,54000,13200.0,West,Gujarat,Ahmedabad,Net Banking
ORD101253,2025-04-14,CUST1640,Karan Chaudhary,Laptop,Electronics,1,65000.0,65000.0,52000,13000.0,East,Assam,Guwahati,Credit Card
ORD101254,2025-08-25,CUST1526,Riya Yadav,Monitor,Electronics,2,17100.0,34200.0,27000,7200.0,North,Rajasthan,Jaipur,Cash on Delivery
ORD101255,2025-09-19,CUST1538,Meera Singh,Office Chair,Furniture,1,9500.0,9500.0,7000,2500.0,South,Andhra Pradesh,Vijayawada,Net Banking
ORD101256,2025-01-18,CUST1275,Diya Chaudhary,Mouse,Accessories,3,1200.0,3600.0,2100,1500.0,West,Maharashtra,Nashik,Debit Card
ORD101257,2025-08-11,CUST1172,Arjun Yadav,Headphones,Accessories,2,3325.0,6650.0,4400,2250.0,South,Tamil Nadu,Chennai,UPI
ORD101258,2025-11-28,CUST1199,Sneha Singh,Headphones,Accessories,1,3500.0,3500.0,2200,1300.0,West,Maharashtra,Mumbai,Cash on Delivery
ORD101259,2025-11-14,CUST1979,Ishaan Yadav,Monitor,Electronics,3,18000.0,54000.0,40500,13500.0,West,Maharashtra,Nashik,UPI
ORD101260,2025-02-10,CUST1119,Neha Yadav,Laptop,Electronics,4,61750.0,247000.0,208000,39000.0,West,Maharashtra,Pune,Credit Card
ORD101261,2025-04-17,CUST1625,Meera Patil,Desk,Furniture,2,12000.0,24000.0,18000,6000.0,West,Goa,Panaji,Credit Card
ORD101262,2025-09-02,CUST1636,Tanvi Deshmukh,Printer,Office Equipment,2,12500.0,25000.0,19600,5400.0,West,Maharashtra,Nashik,Net Banking
ORD101263,2025-02-19,CUST1348,Sneha Singh,Desk,Furniture,1,12000.0,12000.0,9000,3000.0,West,Gujarat,Surat,Net Banking
ORD101264,2025-11-18,CUST1301,Neha Gupta,Printer,Office Equipment,1,11875.0,11875.0,9800,2075.0,West,Maharashtra,Nashik,Cash on Delivery
ORD101265,2025-11-30,CUST1321,Ananya Gupta,Printer,Office Equipment,4,12500.0,50000.0,39200,10800.0,North,Uttar Pradesh,Noida,UPI
ORD101266,2025-08-22,CUST1647,Ananya Deshmukh,Tablet,Electronics,1,24000.0,24000.0,19500,4500.0,West,Goa,Panaji,Cash on Delivery
ORD101267,2025-04-16,CUST1640,Meera Shah,Mouse,Accessories,1,1200.0,1200.0,700,500.0,West,Maharashtra,Pune,Cash on Delivery
ORD101268,2025-12-15,CUST1608,Arjun Iyer,Smartphone,Electronics,1,32000.0,32000.0,27000,5000.0,South,Karnataka,Bengaluru,Credit Card
ORD101269,2025-08-28,CUST1016,Rohan Singh,Headphones,Accessories,5,3500.0,17500.0,11000,6500.0,South,Tamil Nadu,Chennai,Credit Card
ORD101270,2025-11-17,CUST1269,Arjun Reddy,Tablet,Electronics,1,25200.0,25200.0,19500,5700.0,West,Gujarat,Ahmedabad,UPI
ORD101271,2025-03-17,CUST1575,Rahul Joshi,Webcam,Accessories,3,2800.0,8400.0,5100,3300.0,West,Maharashtra,Nashik,Net Banking
ORD101272,2025-12-08,CUST1071,Nisha Yadav,Laptop,Electronics,1,65000.0,65000.0,52000,13000.0,South,Karnataka,Bengaluru,Credit Card
ORD101273,2025-12-23,CUST1966,Sneha Deshmukh,Headphones,Accessories,1,3500.0,3500.0,2200,1300.0,South,Andhra Pradesh,Vijayawada,UPI
ORD101274,2025-01-08,CUST1549,Diya Reddy,Laptop,Electronics,5,65000.0,325000.0,260000,65000.0,North,Uttar Pradesh,Noida,Cash on Delivery
ORD101275,2025-08-03,CUST1461,Aditya Yadav,Tablet,Electronics,2,24000.0,48000.0,39000,9000.0,South,Telangana,Hyderabad,UPI
ORD101276,2025-05-07,CUST1102,Meera Patil,External SSD,Storage,2,8500.0,17000.0,12400,4600.0,North,Delhi,New Delhi,Cash on Delivery
ORD101277,2025-03-02,CUST1304,Priya Deshmukh,Tablet,Electronics,3,24000.0,72000.0,58500,13500.0,South,Andhra Pradesh,Vijayawada,Net Banking
ORD101278,2025-10-09,CUST1733,Sneha Mehta,Tablet,Electronics,2,24000.0,48000.0,39000,9000.0,South,Kerala,Kochi,Net Banking
ORD101279,2025-07-04,CUST1122,Rohan Joshi,Printer,Office Equipment,1,12500.0,12500.0,9800,2700.0,West,Gujarat,Ahmedabad,Debit Card
ORD101280,2025-06-07,CUST1456,Karan Chaudhary,Office Chair,Furniture,1,9025.0,9025.0,7000,2025.0,East,Jharkhand,Ranchi,UPI
ORD101281,2025-04-23,CUST1981,Nisha Nair,Office Chair,Furniture,1,9025.0,9025.0,7000,2025.0,East,Jharkhand,Ranchi,UPI
ORD101282,2025-04-18,CUST1560,Aarav Singh,Printer,Office Equipment,2,12500.0,25000.0,19600,5400.0,North,Punjab,Ludhiana,UPI
ORD101283,2025-02-14,CUST1030,Vikram Mehta,Laptop,Electronics,1,65000.0,65000.0,52000,13000.0,East,Odisha,Bhubaneswar,Cash on Delivery
ORD101284,2025-10-11,CUST1034,Arjun Chaudhary,Laptop,Electronics,1,61750.0,61750.0,52000,9750.0,West,Gujarat,Ahmedabad,Credit Card
ORD101285,2025-07-31,CUST1376,Rahul Yadav,Monitor,Electronics,2,18000.0,36000.0,27000,9000.0,North,Haryana,Gurugram,Debit Card
ORD101286,2025-05-14,CUST1923,Nisha Sharma,Office Chair,Furniture,3,9975.0,29925.0,21000,8925.0,South,Andhra Pradesh,Vijayawada,Credit Card
ORD101287,2025-11-21,CUST1317,Kavya Patil,Monitor,Electronics,2,18000.0,36000.0,27000,9000.0,West,Gujarat,Ahmedabad,Credit Card
ORD101288,2025-12-20,CUST1916,Diya Deshmukh,Desk,Furniture,4,11400.0,45600.0,36000,9600.0,North,Punjab,Ludhiana,Debit Card
ORD101289,2025-06-25,CUST1147,Kavya Sharma,Monitor,Electronics,1,18000.0,18000.0,13500,4500.0,South,Tamil Nadu,Chennai,Debit Card
ORD101290,2025-11-02,CUST1014,Karan Sharma,Smartphone,Electronics,1,32000.0,32000.0,27000,5000.0,North,Delhi,New Delhi,UPI
ORD101291,2025-11-25,CUST1494,Pooja Iyer,Headphones,Accessories,1,3675.0,3675.0,2200,1475.0,West,Gujarat,Ahmedabad,UPI
ORD101292,2025-09-24,CUST1955,Meera Reddy,Keyboard,Accessories,3,2200.0,6600.0,4200,2400.0,South,Karnataka,Bengaluru,Debit Card
ORD101293,2025-05-16,CUST1987,Rahul Mehta,Tablet,Electronics,1,25200.0,25200.0,19500,5700.0,West,Goa,Panaji,Net Banking
ORD101294,2025-08-29,CUST1406,Rohan Shah,Tablet,Electronics,1,25200.0,25200.0,19500,5700.0,West,Maharashtra,Nashik,Debit Card
ORD101295,2025-10-13,CUST1724,Diya Sharma,Monitor,Electronics,4,18000.0,72000.0,54000,18000.0,East,West Bengal,Kolkata,Cash on Delivery
ORD101296,2025-10-29,CUST1699,Meera Shah,Tablet,Electronics,1,24000.0,24000.0,19500,4500.0,North,Delhi,New Delhi,Cash on Delivery
ORD101297,2025-11-07,CUST1645,Sahil Verma,Keyboard,Accessories,5,2200.0,11000.0,7000,4000.0,West,Maharashtra,Nashik,Cash on Delivery
ORD101298,2025-12-11,CUST1913,Aditya Verma,Mouse,Accessories,1,1200.0,1200.0,700,500.0,North,Haryana,Gurugram,Credit Card
ORD101299,2025-09-26,CUST1468,Sneha Chaudhary,External SSD,Storage,1,8500.0,8500.0,6200,2300.0,West,Maharashtra,Mumbai,Net Banking
ORD101300,2025-12-08,CUST1132,Ishaan Reddy,Monitor,Electronics,5,18000.0,90000.0,67500,22500.0,East,Bihar,Patna,Debit Card
ORD101301,2025-12-02,CUST1234,Aarav Patil,Smartphone,Electronics,1,30400.0,30400.0,27000,3400.0,North,Haryana,Gurugram,UPI
ORD101302,2025-10-15,CUST1039,Karan Kulkarni,External SSD,Storage,1,8500.0,8500.0,6200,2300.0,South,Karnataka,Bengaluru,Net Banking
ORD101303,2025-12-03,CUST1561,Karan Sharma,External SSD,Storage,1,8500.0,8500.0,6200,2300.0,South,Kerala,Kochi,Credit Card
ORD101304,2025-01-23,CUST1495,Sahil Chaudhary,Mouse,Accessories,1,1200.0,1200.0,700,500.0,South,Andhra Pradesh,Vijayawada,UPI
ORD101305,2025-03-19,CUST1633,Vikram Shah,Keyboard,Accessories,1,2200.0,2200.0,1400,800.0,West,Maharashtra,Pune,Credit Card
ORD101306,2025-10-22,CUST1464,Aditya Sharma,Smartphone,Electronics,1,32000.0,32000.0,27000,5000.0,South,Tamil Nadu,Chennai,Debit Card
ORD101307,2025-02-10,CUST1868,Neha Deshmukh,Tablet,Electronics,2,25200.0,50400.0,39000,11400.0,South,Karnataka,Bengaluru,Net Banking
ORD101308,2025-05-16,CUST1845,Kavya Mehta,External SSD,Storage,3,8500.0,25500.0,18600,6900.0,West,Goa,Panaji,Cash on Delivery
ORD101309,2025-01-18,CUST1277,Sahil Gupta,External SSD,Storage,3,8500.0,25500.0,18600,6900.0,North,Uttar Pradesh,Noida,Cash on Delivery
ORD101310,2025-07-20,CUST1401,Priya Verma,Webcam,Accessories,1,2800.0,2800.0,1700,1100.0,North,Uttar Pradesh,Noida,UPI
ORD101311,2025-11-18,CUST1079,Karan Gupta,Keyboard,Accessories,1,2200.0,2200.0,1400,800.0,North,Haryana,Gurugram,UPI
ORD101312,2025-01-15,CUST1437,Vikram Verma,Monitor,Electronics,2,18000.0,36000.0,27000,9000.0,West,Maharashtra,Pune,Credit Card
ORD101313,2025-08-20,CUST1135,Rohan Sharma,Smartphone,Electronics,2,32000.0,64000.0,54000,10000.0,North,Haryana,Gurugram,Net Banking
ORD101314,2025-03-06,CUST1917,Sneha Patil,Keyboard,Accessories,1,2200.0,2200.0,1400,800.0,South,Kerala,Kochi,Net Banking
ORD101315,2025-11-02,CUST1627,Pooja Deshmukh,Monitor,Electronics,4,18000.0,72000.0,54000,18000.0,East,Assam,Guwahati,Debit Card
ORD101316,2025-05-19,CUST1584,Sahil Singh,Desk,Furniture,3,12000.0,36000.0,27000,9000.0,West,Gujarat,Ahmedabad,Cash on Delivery
ORD101317,2025-03-03,CUST1077,Aditya Reddy,Headphones,Accessories,1,3500.0,3500.0,2200,1300.0,North,Delhi,New Delhi,Cash on Delivery
ORD101318,2025-06-22,CUST1357,Rahul Verma,Webcam,Accessories,2,2660.0,5320.0,3400,1920.0,North,Uttar Pradesh,Noida,Cash on Delivery
ORD101319,2025-10-20,CUST1725,Sahil Gupta,Monitor,Electronics,2,18000.0,36000.0,27000,9000.0,South,Tamil Nadu,Chennai,Debit Card
ORD101320,2025-10-08,CUST1065,Nisha Kulkarni,Desk,Furniture,2,12000.0,24000.0,18000,6000.0,North,Uttar Pradesh,Noida,Debit Card
ORD101321,2025-06-08,CUST1921,Pooja Chaudhary,Smartphone,Electronics,2,32000.0,64000.0,54000,10000.0,North,Rajasthan,Jaipur,UPI
ORD101322,2025-10-07,CUST1993,Nisha Joshi,Mouse,Accessories,5,1140.0,5700.0,3500,2200.0,South,Tamil Nadu,Chennai,Cash on Delivery
ORD101323,2025-08-23,CUST1759,Tanvi Shah,External SSD,Storage,2,8500.0,17000.0,12400,4600.0,North,Uttar Pradesh,Noida,UPI
ORD101324,2025-07-10,CUST1236,Sahil Verma,Mouse,Accessories,2,1260.0,2520.0,1400,1120.0,West,Maharashtra,Pune,Cash on Delivery
ORD101325,2025-05-13,CUST1965,Rahul Verma,Printer,Office Equipment,1,12500.0,12500.0,9800,2700.0,West,Gujarat,Ahmedabad,UPI
ORD101326,2025-08-28,CUST1348,Aarav Chaudhary,Desk,Furniture,2,12000.0,24000.0,18000,6000.0,West,Maharashtra,Nashik,Credit Card
ORD101327,2025-11-21,CUST1328,Aarav Singh,Office Chair,Furniture,2,9500.0,19000.0,14000,5000.0,North,Delhi,New Delhi,Net Banking
ORD101328,2025-09-04,CUST1611,Aditya Joshi,Webcam,Accessories,3,2800.0,8400.0,5100,3300.0,West,Goa,Panaji,Net Banking
ORD101329,2025-11-13,CUST1834,Ishaan Mehta,Laptop,Electronics,3,65000.0,195000.0,156000,39000.0,North,Punjab,Ludhiana,UPI
ORD101330,2025-02-17,CUST1725,Neha Sharma,Monitor,Electronics,1,18900.0,18900.0,13500,5400.0,West,Gujarat,Surat,UPI
ORD101331,2025-02-23,CUST1845,Aarav Deshmukh,Headphones,Accessories,1,3500.0,3500.0,2200,1300.0,South,Tamil Nadu,Chennai,Cash on Delivery
ORD101332,2025-09-01,CUST1463,Aarav Singh,Laptop,Electronics,3,68250.0,204750.0,156000,48750.0,West,Maharashtra,Pune,Cash on Delivery
ORD101333,2025-10-08,CUST1620,Pooja Iyer,Monitor,Electronics,1,18000.0,18000.0,13500,4500.0,South,Telangana,Hyderabad,Credit Card
ORD101334,2025-01-16,CUST1610,Arjun Sharma,Webcam,Accessories,2,2800.0,5600.0,3400,2200.0,South,Telangana,Hyderabad,Credit Card
ORD101335,2025-06-17,CUST1974,Sahil Shah,Tablet,Electronics,2,24000.0,48000.0,39000,9000.0,North,Haryana,Gurugram,UPI
ORD101336,2025-09-20,CUST1964,Ishaan Chaudhary,External SSD,Storage,3,8500.0,25500.0,18600,6900.0,West,Gujarat,Surat,Debit Card
ORD101337,2025-05-04,CUST1294,Tanvi Gupta,Smartphone,Electronics,1,32000.0,32000.0,27000,5000.0,South,Karnataka,Bengaluru,Cash on Delivery
ORD101338,2025-01-14,CUST1099,Riya Iyer,External SSD,Storage,1,8500.0,8500.0,6200,2300.0,East,West Bengal,Kolkata,Credit Card
ORD101339,2025-06-20,CUST1745,Rahul Chaudhary,Mouse,Accessories,1,1200.0,1200.0,700,500.0,South,Kerala,Kochi,Cash on Delivery
ORD101340,2025-05-29,CUST1201,Diya Deshmukh,Keyboard,Accessories,5,2200.0,11000.0,7000,4000.0,South,Andhra Pradesh,Vijayawada,Net Banking
ORD101341,2025-07-04,CUST1044,Aarav Chaudhary,Mouse,Accessories,2,1200.0,2400.0,1400,1000.0,South,Tamil Nadu,Chennai,Debit Card
ORD101342,2025-10-30,CUST1040,Riya Patil,Desk,Furniture,1,12000.0,12000.0,9000,3000.0,South,Tamil Nadu,Chennai,UPI
ORD101343,2025-01-28,CUST1557,Arjun Gupta,Smartphone,Electronics,1,32000.0,32000.0,27000,5000.0,South,Andhra Pradesh,Vijayawada,Credit Card
ORD101344,2025-12-16,CUST1202,Ananya Gupta,Smartphone,Electronics,2,32000.0,64000.0,54000,10000.0,North,Punjab,Ludhiana,Cash on Delivery
ORD101345,2025-03-09,CUST1517,Nisha Gupta,Printer,Office Equipment,1,12500.0,12500.0,9800,2700.0,West,Gujarat,Surat,Net Banking
ORD101346,2025-01-26,CUST1920,Tanvi Kulkarni,Desk,Furniture,2,12600.0,25200.0,18000,7200.0,West,Maharashtra,Pune,Debit Card
ORD101347,2025-12-16,CUST1136,Aditya Kulkarni,Mouse,Accessories,2,1200.0,2400.0,1400,1000.0,West,Maharashtra,Mumbai,Debit Card
ORD101348,2025-04-19,CUST1947,Rohan Deshmukh,Smartphone,Electronics,1,30400.0,30400.0,27000,3400.0,North,Delhi,New Delhi,UPI
ORD101349,2025-07-10,CUST1649,Ishaan Singh,Office Chair,Furniture,1,9500.0,9500.0,7000,2500.0,South,Telangana,Hyderabad,Cash on Delivery
ORD101350,2025-08-20,CUST1111,Ananya Deshmukh,Headphones,Accessories,1,3500.0,3500.0,2200,1300.0,North,Delhi,New Delhi,UPI
ORD101351,2025-11-06,CUST1819,Pooja Reddy,Smartphone,Electronics,2,32000.0,64000.0,54000,10000.0,West,Goa,Panaji,Debit Card
ORD101352,2025-01-07,CUST1435,Pooja Sharma,Office Chair,Furniture,2,9975.0,19950.0,14000,5950.0,West,Gujarat,Ahmedabad,Cash on Delivery
ORD101353,2025-02-11,CUST1204,Meera Mehta,Smartphone,Electronics,2,32000.0,64000.0,54000,10000.0,West,Goa,Panaji,Cash on Delivery
ORD101354,2025-12-01,CUST1254,Diya Verma,Office Chair,Furniture,1,9500.0,9500.0,7000,2500.0,West,Maharashtra,Nashik,Credit Card
ORD101355,2025-03-01,CUST1367,Neha Deshmukh,Monitor,Electronics,3,18000.0,54000.0,40500,13500.0,North,Punjab,Ludhiana,UPI
ORD101356,2025-03-14,CUST1429,Karan Iyer,Tablet,Electronics,2,24000.0,48000.0,39000,9000.0,South,Andhra Pradesh,Vijayawada,UPI
ORD101357,2025-01-27,CUST1646,Meera Iyer,Laptop,Electronics,2,65000.0,130000.0,104000,26000.0,West,Maharashtra,Pune,Net Banking
ORD101358,2025-08-01,CUST1030,Rohan Shah,Desk,Furniture,3,12000.0,36000.0,27000,9000.0,West,Goa,Panaji,Cash on Delivery
ORD101359,2025-05-26,CUST1499,Karan Singh,External SSD,Storage,1,8500.0,8500.0,6200,2300.0,South,Telangana,Hyderabad,UPI
ORD101360,2025-11-10,CUST1385,Sahil Singh,Smartphone,Electronics,2,32000.0,64000.0,54000,10000.0,North,Uttar Pradesh,Noida,Debit Card
ORD101361,2025-03-28,CUST1830,Sahil Verma,Headphones,Accessories,1,3500.0,3500.0,2200,1300.0,East,Bihar,Patna,Debit Card
ORD101362,2025-12-18,CUST1223,Aarav Yadav,Desk,Furniture,1,12000.0,12000.0,9000,3000.0,South,Kerala,Kochi,Credit Card
ORD101363,2025-07-10,CUST1393,Neha Singh,Mouse,Accessories,4,1200.0,4800.0,2800,2000.0,West,Maharashtra,Mumbai,Cash on Delivery
ORD101364,2025-10-04,CUST1484,Aditya Kulkarni,Webcam,Accessories,1,2800.0,2800.0,1700,1100.0,North,Haryana,Gurugram,Debit Card
ORD101365,2025-01-08,CUST1071,Aarav Yadav,Tablet,Electronics,1,24000.0,24000.0,19500,4500.0,South,Kerala,Kochi,UPI
ORD101366,2025-08-19,CUST1380,Ishaan Verma,Monitor,Electronics,1,18000.0,18000.0,13500,4500.0,North,Rajasthan,Jaipur,Net Banking
ORD101367,2025-02-27,CUST1258,Sahil Gupta,Keyboard,Accessories,1,2200.0,2200.0,1400,800.0,North,Haryana,Gurugram,Net Banking
ORD101368,2025-04-08,CUST1032,Nisha Iyer,Tablet,Electronics,4,24000.0,96000.0,78000,18000.0,West,Maharashtra,Mumbai,Debit Card
ORD101369,2025-04-17,CUST1037,Neha Joshi,Webcam,Accessories,3,2800.0,8400.0,5100,3300.0,South,Andhra Pradesh,Vijayawada,Net Banking
ORD101370,2025-06-16,CUST1078,Ananya Gupta,Mouse,Accessories,3,1200.0,3600.0,2100,1500.0,North,Uttar Pradesh,Noida,Credit Card
ORD101371,2025-06-23,CUST1312,Rohan Patil,Tablet,Electronics,4,24000.0,96000.0,78000,18000.0,North,Uttar Pradesh,Noida,Cash on Delivery
ORD101372,2025-02-12,CUST1047,Neha Gupta,Headphones,Accessories,4,3500.0,14000.0,8800,5200.0,South,Kerala,Kochi,UPI
ORD101373,2025-11-28,CUST1553,Nisha Chaudhary,Monitor,Electronics,4,18000.0,72000.0,54000,18000.0,East,West Bengal,Kolkata,Debit Card
ORD101374,2025-09-20,CUST1249,Rahul Iyer,Printer,Office Equipment,1,12500.0,12500.0,9800,2700.0,East,Assam,Guwahati,Net Banking
ORD101375,2025-01-10,CUST1378,Tanvi Mehta,Headphones,Accessories,1,3500.0,3500.0,2200,1300.0,South,Kerala,Kochi,UPI
ORD101376,2025-01-09,CUST1118,Rahul Kulkarni,Headphones,Accessories,1,3500.0,3500.0,2200,1300.0,North,Rajasthan,Jaipur,UPI
ORD101377,2025-03-25,CUST1851,Kavya Yadav,Desk,Furniture,1,11400.0,11400.0,9000,2400.0,South,Karnataka,Bengaluru,Net Banking
ORD101378,2025-12-08,CUST1753,Meera Chaudhary,Smartphone,Electronics,1,32000.0,32000.0,27000,5000.0,East,West Bengal,Kolkata,Credit Card
ORD101379,2025-12-13,CUST1706,Rahul Patil,Tablet,Electronics,1,25200.0,25200.0,19500,5700.0,West,Maharashtra,Mumbai,Cash on Delivery
ORD101380,2025-06-27,CUST1036,Arjun Mehta,Headphones,Accessories,2,3500.0,7000.0,4400,2600.0,West,Gujarat,Ahmedabad,Debit Card
ORD101381,2025-08-15,CUST1162,Kavya Reddy,Laptop,Electronics,1,65000.0,65000.0,52000,13000.0,West,Goa,Panaji,UPI
ORD101382,2025-10-08,CUST1206,Tanvi Reddy,Tablet,Electronics,2,24000.0,48000.0,39000,9000.0,South,Tamil Nadu,Chennai,Net Banking
ORD101383,2025-05-03,CUST1010,Sahil Mehta,Mouse,Accessories,2,1200.0,2400.0,1400,1000.0,West,Maharashtra,Mumbai,Credit Card
ORD101384,2025-10-26,CUST1866,Neha Joshi,External SSD,Storage,1,8500.0,8500.0,6200,2300.0,South,Karnataka,Bengaluru,Credit Card
ORD101385,2025-01-13,CUST1677,Pooja Sharma,Printer,Office Equipment,3,12500.0,37500.0,29400,8100.0,East,Assam,Guwahati,Debit Card
ORD101386,2025-09-06,CUST1149,Kavya Singh,Mouse,Accessories,2,1140.0,2280.0,1400,880.0,West,Gujarat,Surat,Credit Card
ORD101387,2025-03-26,CUST1565,Tanvi Verma,Office Chair,Furniture,1,9500.0,9500.0,7000,2500.0,North,Rajasthan,Jaipur,UPI
ORD101388,2025-03-22,CUST1967,Pooja Yadav,Tablet,Electronics,2,24000.0,48000.0,39000,9000.0,East,West Bengal,Kolkata,UPI
ORD101389,2025-10-20,CUST1901,Priya Chaudhary,Headphones,Accessories,1,3675.0,3675.0,2200,1475.0,North,Haryana,Gurugram,Net Banking
ORD101390,2025-02-15,CUST1300,Sahil Nair,Keyboard,Accessories,2,2200.0,4400.0,2800,1600.0,West,Goa,Panaji,Credit Card
ORD101391,2025-02-28,CUST1084,Tanvi Singh,Keyboard,Accessories,2,2090.0,4180.0,2800,1380.0,West,Maharashtra,Nashik,Cash on Delivery
ORD101392,2025-04-16,CUST1757,Riya Sharma,Office Chair,Furniture,1,9500.0,9500.0,7000,2500.0,West,Maharashtra,Pune,UPI
ORD101393,2025-06-16,CUST1138,Ishaan Shah,Office Chair,Furniture,3,9025.0,27075.0,21000,6075.0,North,Uttar Pradesh,Noida,Credit Card
ORD101394,2025-10-18,CUST1281,Riya Mehta,External SSD,Storage,2,8500.0,17000.0,12400,4600.0,West,Goa,Panaji,Debit Card
ORD101395,2025-01-04,CUST1618,Meera Gupta,Webcam,Accessories,2,2800.0,5600.0,3400,2200.0,West,Maharashtra,Nashik,Credit Card
ORD101396,2025-10-28,CUST1059,Arjun Singh,Keyboard,Accessories,3,2200.0,6600.0,4200,2400.0,East,Odisha,Bhubaneswar,UPI
ORD101397,2025-09-22,CUST1528,Nisha Reddy,Webcam,Accessories,1,2940.0,2940.0,1700,1240.0,North,Rajasthan,Jaipur,Cash on Delivery
ORD101398,2025-03-21,CUST1214,Diya Reddy,Mouse,Accessories,3,1200.0,3600.0,2100,1500.0,West,Maharashtra,Pune,Credit Card
ORD101399,2025-07-11,CUST1261,Riya Kulkarni,Monitor,Electronics,2,18000.0,36000.0,27000,9000.0,East,Odisha,Bhubaneswar,Cash on Delivery
ORD101400,2025-07-23,CUST1529,Aditya Kulkarni,Desk,Furniture,1,12000.0,12000.0,9000,3000.0,West,Goa,Panaji,UPI
ORD101401,2025-03-19,CUST1992,Nisha Nair,Tablet,Electronics,3,24000.0,72000.0,58500,13500.0,North,Uttar Pradesh,Noida,Credit Card
ORD101402,2025-03-24,CUST1899,Diya Joshi,Office Chair,Furniture,5,9500.0,47500.0,35000,12500.0,South,Karnataka,Bengaluru,Cash on Delivery
ORD101403,2025-05-28,CUST1294,Ananya Gupta,External SSD,Storage,1,8500.0,8500.0,6200,2300.0,North,Uttar Pradesh,Noida,Debit Card
ORD101404,2025-06-07,CUST1610,Sneha Reddy,External SSD,Storage,1,8500.0,8500.0,6200,2300.0,South,Kerala,Kochi,Debit Card
ORD101405,2025-11-09,CUST1071,Nisha Verma,Webcam,Accessories,1,2660.0,2660.0,1700,960.0,North,Uttar Pradesh,Noida,Debit Card
ORD101406,2025-10-24,CUST1005,Ishaan Gupta,Tablet,Electronics,3,24000.0,72000.0,58500,13500.0,South,Telangana,Hyderabad,Net Banking
ORD101407,2025-10-08,CUST1188,Sneha Reddy,Smartphone,Electronics,1,32000.0,32000.0,27000,5000.0,North,Rajasthan,Jaipur,Credit Card
ORD101408,2025-01-16,CUST1783,Rohan Reddy,Keyboard,Accessories,1,2090.0,2090.0,1400,690.0,West,Maharashtra,Mumbai,Credit Card
ORD101409,2025-08-15,CUST1230,Rahul Sharma,Monitor,Electronics,1,18000.0,18000.0,13500,4500.0,West,Gujarat,Surat,Debit Card
ORD101410,2025-08-08,CUST1853,Kavya Patil,Mouse,Accessories,1,1200.0,1200.0,700,500.0,East,Bihar,Patna,Credit Card
ORD101411,2025-05-10,CUST1689,Nisha Shah,Mouse,Accessories,1,1200.0,1200.0,700,500.0,West,Maharashtra,Mumbai,Debit Card
ORD101412,2025-11-27,CUST1921,Sahil Yadav,Desk,Furniture,4,12600.0,50400.0,36000,14400.0,West,Maharashtra,Nashik,Debit Card
ORD101413,2025-11-29,CUST1530,Arjun Patil,External SSD,Storage,2,8500.0,17000.0,12400,4600.0,East,Assam,Guwahati,Debit Card
ORD101414,2025-07-02,CUST1678,Nisha Reddy,Headphones,Accessories,3,3500.0,10500.0,6600,3900.0,North,Punjab,Ludhiana,Net Banking
ORD101415,2025-11-04,CUST1762,Arjun Mehta,Office Chair,Furniture,4,9500.0,38000.0,28000,10000.0,West,Maharashtra,Pune,Net Banking
ORD101416,2025-04-05,CUST1250,Rohan Nair,External SSD,Storage,2,8500.0,17000.0,12400,4600.0,South,Kerala,Kochi,Net Banking
ORD101417,2025-09-06,CUST1783,Meera Singh,Desk,Furniture,2,12000.0,24000.0,18000,6000.0,North,Delhi,New Delhi,UPI
ORD101418,2025-11-09,CUST1211,Ishaan Shah,Smartphone,Electronics,2,32000.0,64000.0,54000,10000.0,North,Punjab,Ludhiana,Net Banking
ORD101419,2025-05-26,CUST1387,Ananya Reddy,Laptop,Electronics,4,65000.0,260000.0,208000,52000.0,North,Punjab,Ludhiana,UPI
ORD101420,2025-09-04,CUST1661,Kavya Mehta,Desk,Furniture,3,12000.0,36000.0,27000,9000.0,North,Rajasthan,Jaipur,Net Banking
ORD101421,2025-12-07,CUST1963,Karan Yadav,Office Chair,Furniture,1,9500.0,9500.0,7000,2500.0,West,Maharashtra,Mumbai,Cash on Delivery
ORD101422,2025-10-22,CUST1577,Rohan Iyer,Monitor,Electronics,1,18000.0,18000.0,13500,4500.0,South,Karnataka,Bengaluru,Debit Card
ORD101423,2025-06-15,CUST1748,Rohan Gupta,Office Chair,Furniture,4,9500.0,38000.0,28000,10000.0,South,Andhra Pradesh,Vijayawada,Debit Card
ORD101424,2025-06-14,CUST1876,Neha Singh,Office Chair,Furniture,2,9500.0,19000.0,14000,5000.0,South,Andhra Pradesh,Vijayawada,UPI
ORD101425,2025-11-26,CUST1210,Aarav Joshi,Webcam,Accessories,1,2800.0,2800.0,1700,1100.0,North,Delhi,New Delhi,Net Banking
ORD101426,2025-08-18,CUST1348,Kavya Sharma,Laptop,Electronics,1,65000.0,65000.0,52000,13000.0,East,Assam,Guwahati,Cash on Delivery
ORD101427,2025-04-23,CUST1219,Ishaan Patil,Webcam,Accessories,1,2660.0,2660.0,1700,960.0,West,Maharashtra,Mumbai,Cash on Delivery
ORD101428,2025-12-05,CUST1420,Sahil Patil,Mouse,Accessories,1,1200.0,1200.0,700,500.0,East,Odisha,Bhubaneswar,UPI
ORD101429,2025-09-22,CUST1696,Vikram Reddy,Smartphone,Electronics,1,32000.0,32000.0,27000,5000.0,West,Maharashtra,Nashik,Cash on Delivery
ORD101430,2025-12-27,CUST1903,Meera Sharma,Smartphone,Electronics,4,32000.0,128000.0,108000,20000.0,North,Rajasthan,Jaipur,Net Banking
ORD101431,2025-07-25,CUST1068,Pooja Iyer,Keyboard,Accessories,2,2090.0,4180.0,2800,1380.0,North,Uttar Pradesh,Noida,Net Banking
ORD101432,2025-11-26,CUST1387,Ananya Shah,Tablet,Electronics,4,24000.0,96000.0,78000,18000.0,South,Karnataka,Bengaluru,Credit Card
ORD101433,2025-10-27,CUST1953,Diya Yadav,Laptop,Electronics,1,61750.0,61750.0,52000,9750.0,North,Punjab,Ludhiana,Cash on Delivery
ORD101434,2025-01-21,CUST1307,Vikram Yadav,Tablet,Electronics,1,24000.0,24000.0,19500,4500.0,East,Assam,Guwahati,Net Banking
ORD101435,2025-03-06,CUST1590,Rohan Mehta,Keyboard,Accessories,2,2200.0,4400.0,2800,1600.0,West,Goa,Panaji,Credit Card
ORD101436,2025-08-06,CUST1258,Sahil Joshi,Tablet,Electronics,2,24000.0,48000.0,39000,9000.0,South,Telangana,Hyderabad,Credit Card
ORD101437,2025-11-01,CUST1055,Tanvi Joshi,Tablet,Electronics,1,24000.0,24000.0,19500,4500.0,North,Haryana,Gurugram,Credit Card
ORD101438,2025-06-21,CUST1299,Priya Gupta,Printer,Office Equipment,3,12500.0,37500.0,29400,8100.0,West,Goa,Panaji,Credit Card
ORD101439,2025-06-25,CUST1676,Sneha Gupta,Keyboard,Accessories,4,2200.0,8800.0,5600,3200.0,South,Andhra Pradesh,Vijayawada,Net Banking
ORD101440,2025-07-02,CUST1344,Vikram Sharma,Keyboard,Accessories,1,2200.0,2200.0,1400,800.0,South,Karnataka,Bengaluru,Net Banking
ORD101441,2025-08-27,CUST1201,Priya Nair,Office Chair,Furniture,2,9500.0,19000.0,14000,5000.0,North,Haryana,Gurugram,Debit Card
ORD101442,2025-03-27,CUST1570,Vikram Reddy,Printer,Office Equipment,2,13125.0,26250.0,19600,6650.0,South,Telangana,Hyderabad,UPI
ORD101443,2025-07-17,CUST1988,Meera Sharma,Office Chair,Furniture,1,9025.0,9025.0,7000,2025.0,South,Kerala,Kochi,Net Banking
ORD101444,2025-01-01,CUST1286,Sneha Joshi,Headphones,Accessories,1,3500.0,3500.0,2200,1300.0,West,Maharashtra,Mumbai,Credit Card
ORD101445,2025-10-03,CUST1949,Priya Chaudhary,Headphones,Accessories,1,3500.0,3500.0,2200,1300.0,East,Bihar,Patna,Credit Card
ORD101446,2025-08-11,CUST1382,Nisha Kulkarni,Monitor,Electronics,1,18000.0,18000.0,13500,4500.0,West,Gujarat,Surat,Debit Card
ORD101447,2025-06-22,CUST1766,Meera Deshmukh,Laptop,Electronics,3,68250.0,204750.0,156000,48750.0,North,Haryana,Gurugram,Debit Card
ORD101448,2025-08-27,CUST1307,Sneha Verma,Webcam,Accessories,1,2800.0,2800.0,1700,1100.0,West,Maharashtra,Mumbai,Cash on Delivery
ORD101449,2025-07-30,CUST1512,Neha Yadav,Desk,Furniture,1,12000.0,12000.0,9000,3000.0,North,Punjab,Ludhiana,Net Banking
ORD101450,2025-11-01,CUST1678,Tanvi Chaudhary,Desk,Furniture,1,12000.0,12000.0,9000,3000.0,West,Goa,Panaji,Debit Card
ORD101451,2025-04-25,CUST1030,Meera Joshi,Printer,Office Equipment,1,12500.0,12500.0,9800,2700.0,East,Assam,Guwahati,UPI
ORD101452,2025-01-30,CUST1438,Tanvi Joshi,Keyboard,Accessories,3,2200.0,6600.0,4200,2400.0,South,Kerala,Kochi,Cash on Delivery
ORD101453,2025-01-07,CUST1995,Vikram Yadav,Office Chair,Furniture,1,9500.0,9500.0,7000,2500.0,South,Tamil Nadu,Chennai,Credit Card
ORD101454,2025-02-19,CUST1850,Kavya Gupta,Monitor,Electronics,3,18000.0,54000.0,40500,13500.0,West,Gujarat,Ahmedabad,Net Banking
ORD101455,2025-07-24,CUST1663,Riya Patil,Webcam,Accessories,1,2800.0,2800.0,1700,1100.0,West,Gujarat,Surat,UPI
ORD101456,2025-12-26,CUST1898,Tanvi Gupta,Printer,Office Equipment,1,12500.0,12500.0,9800,2700.0,West,Maharashtra,Pune,Credit Card
ORD101457,2025-01-08,CUST1599,Tanvi Joshi,Keyboard,Accessories,1,2310.0,2310.0,1400,910.0,West,Gujarat,Ahmedabad,Cash on Delivery
ORD101458,2025-12-13,CUST1053,Vikram Iyer,Tablet,Electronics,3,24000.0,72000.0,58500,13500.0,East,West Bengal,Kolkata,UPI
ORD101459,2025-02-03,CUST1610,Neha Singh,Tablet,Electronics,1,24000.0,24000.0,19500,4500.0,South,Telangana,Hyderabad,Debit Card
ORD101460,2025-11-13,CUST1112,Ananya Sharma,Smartphone,Electronics,3,30400.0,91200.0,81000,10200.0,West,Maharashtra,Pune,UPI
ORD101461,2025-12-26,CUST1778,Priya Mehta,Laptop,Electronics,1,65000.0,65000.0,52000,13000.0,North,Haryana,Gurugram,Net Banking
ORD101462,2025-01-09,CUST1030,Ananya Yadav,Webcam,Accessories,1,2940.0,2940.0,1700,1240.0,South,Tamil Nadu,Chennai,Cash on Delivery
ORD101463,2025-08-03,CUST1456,Pooja Shah,Webcam,Accessories,1,2800.0,2800.0,1700,1100.0,South,Telangana,Hyderabad,Debit Card
ORD101464,2025-12-01,CUST1790,Vikram Shah,Smartphone,Electronics,3,32000.0,96000.0,81000,15000.0,South,Telangana,Hyderabad,Debit Card
ORD101465,2025-10-25,CUST1906,Nisha Chaudhary,Webcam,Accessories,1,2940.0,2940.0,1700,1240.0,North,Delhi,New Delhi,Cash on Delivery
ORD101466,2025-02-13,CUST1082,Rohan Gupta,Office Chair,Furniture,1,9500.0,9500.0,7000,2500.0,West,Gujarat,Ahmedabad,Credit Card
ORD101467,2025-08-16,CUST1317,Aarav Kulkarni,Monitor,Electronics,2,18000.0,36000.0,27000,9000.0,West,Maharashtra,Mumbai,UPI
ORD101468,2025-01-23,CUST1150,Sneha Nair,Mouse,Accessories,1,1200.0,1200.0,700,500.0,North,Haryana,Gurugram,Net Banking
ORD101469,2025-04-30,CUST1295,Meera Singh,Smartphone,Electronics,1,32000.0,32000.0,27000,5000.0,South,Tamil Nadu,Chennai,Credit Card
ORD101470,2025-10-24,CUST1329,Kavya Reddy,Printer,Office Equipment,3,12500.0,37500.0,29400,8100.0,North,Uttar Pradesh,Noida,Net Banking
ORD101471,2025-10-07,CUST1109,Aarav Sharma,Office Chair,Furniture,1,9500.0,9500.0,7000,2500.0,West,Gujarat,Ahmedabad,Debit Card
ORD101472,2025-10-16,CUST1522,Vikram Joshi,Smartphone,Electronics,2,32000.0,64000.0,54000,10000.0,North,Punjab,Ludhiana,Debit Card
ORD101473,2025-08-17,CUST1324,Arjun Shah,Mouse,Accessories,1,1200.0,1200.0,700,500.0,South,Andhra Pradesh,Vijayawada,Net Banking
ORD101474,2025-02-06,CUST1994,Vikram Iyer,External SSD,Storage,1,8500.0,8500.0,6200,2300.0,South,Andhra Pradesh,Vijayawada,Debit Card
ORD101475,2025-03-30,CUST1199,Ananya Nair,Webcam,Accessories,4,2800.0,11200.0,6800,4400.0,North,Haryana,Gurugram,Debit Card
ORD101476,2025-09-27,CUST1540,Arjun Gupta,Monitor,Electronics,1,18900.0,18900.0,13500,5400.0,West,Maharashtra,Pune,Net Banking
ORD101477,2025-04-05,CUST1250,Neha Yadav,Monitor,Electronics,1,17100.0,17100.0,13500,3600.0,North,Delhi,New Delhi,UPI
ORD101478,2025-09-10,CUST1220,Sahil Verma,Headphones,Accessories,1,3500.0,3500.0,2200,1300.0,West,Maharashtra,Mumbai,UPI
ORD101479,2025-09-28,CUST1508,Ishaan Nair,External SSD,Storage,1,8925.0,8925.0,6200,2725.0,South,Kerala,Kochi,Net Banking
ORD101480,2025-08-10,CUST1308,Ananya Patil,External SSD,Storage,2,8500.0,17000.0,12400,4600.0,West,Gujarat,Surat,Cash on Delivery
ORD101481,2025-08-21,CUST1138,Priya Shah,Mouse,Accessories,2,1260.0,2520.0,1400,1120.0,North,Rajasthan,Jaipur,Net Banking
ORD101482,2025-08-02,CUST1303,Vikram Gupta,Keyboard,Accessories,1,2200.0,2200.0,1400,800.0,North,Rajasthan,Jaipur,Credit Card
ORD101483,2025-09-04,CUST1166,Aditya Patil,Webcam,Accessories,2,2800.0,5600.0,3400,2200.0,West,Maharashtra,Pune,Debit Card
ORD101484,2025-10-28,CUST1228,Diya Sharma,Mouse,Accessories,1,1200.0,1200.0,700,500.0,West,Maharashtra,Nashik,Credit Card
ORD101485,2025-06-21,CUST1721,Vikram Sharma,Monitor,Electronics,1,18000.0,18000.0,13500,4500.0,North,Haryana,Gurugram,Credit Card
ORD101486,2025-08-30,CUST1620,Rahul Gupta,Mouse,Accessories,1,1200.0,1200.0,700,500.0,West,Gujarat,Surat,Net Banking
ORD101487,2025-07-27,CUST1641,Vikram Yadav,Tablet,Electronics,1,24000.0,24000.0,19500,4500.0,South,Telangana,Hyderabad,Cash on Delivery
ORD101488,2025-09-01,CUST1557,Kavya Singh,Keyboard,Accessories,4,2200.0,8800.0,5600,3200.0,West,Maharashtra,Mumbai,UPI
ORD101489,2025-11-10,CUST1221,Neha Verma,Headphones,Accessories,2,3500.0,7000.0,4400,2600.0,East,Assam,Guwahati,Net Banking
ORD101490,2025-02-27,CUST1686,Vikram Joshi,Desk,Furniture,2,12000.0,24000.0,18000,6000.0,West,Maharashtra,Nashik,UPI
ORD101491,2025-01-14,CUST1052,Nisha Reddy,Tablet,Electronics,3,24000.0,72000.0,58500,13500.0,North,Uttar Pradesh,Noida,Debit Card
ORD101492,2025-02-21,CUST1495,Ananya Patil,External SSD,Storage,3,8500.0,25500.0,18600,6900.0,North,Haryana,Gurugram,Cash on Delivery
ORD101493,2025-04-26,CUST1581,Vikram Sharma,Mouse,Accessories,4,1200.0,4800.0,2800,2000.0,North,Rajasthan,Jaipur,Net Banking
ORD101494,2025-07-20,CUST1872,Priya Iyer,Desk,Furniture,2,12000.0,24000.0,18000,6000.0,North,Delhi,New Delhi,Debit Card
ORD101495,2025-09-16,CUST1799,Pooja Chaudhary,Desk,Furniture,3,12000.0,36000.0,27000,9000.0,South,Andhra Pradesh,Vijayawada,Cash on Delivery
ORD101496,2025-11-16,CUST1216,Ananya Chaudhary,Keyboard,Accessories,1,2310.0,2310.0,1400,910.0,East,Odisha,Bhubaneswar,Credit Card
ORD101497,2025-05-18,CUST1973,Kavya Reddy,Smartphone,Electronics,1,30400.0,30400.0,27000,3400.0,North,Delhi,New Delhi,Credit Card
ORD101498,2025-07-09,CUST1001,Riya Chaudhary,Laptop,Electronics,1,61750.0,61750.0,52000,9750.0,West,Maharashtra,Mumbai,Cash on Delivery
ORD101499,2025-07-03,CUST1808,Meera Chaudhary,External SSD,Storage,2,8500.0,17000.0,12400,4600.0,South,Kerala,Kochi,Debit Card
ORD101500,2025-06-22,CUST1238,Rahul Verma,Tablet,Electronics,1,22800.0,22800.0,19500,3300.0,West,Maharashtra,Mumbai,Credit Card
ORD101501,2025-08-24,CUST1828,Neha Iyer,Mouse,Accessories,4,1260.0,5040.0,2800,2240.0,North,Rajasthan,Jaipur,Cash on Delivery
ORD101502,2025-02-21,CUST1420,Ishaan Verma,External SSD,Storage,1,8075.0,8075.0,6200,1875.0,South,Karnataka,Bengaluru,UPI
ORD101503,2025-06-27,CUST1145,Aarav Singh,Keyboard,Accessories,1,2200.0,2200.0,1400,800.0,West,Goa,Panaji,Credit Card
ORD101504,2025-12-17,CUST1986,Aditya Patil,Webcam,Accessories,2,2800.0,5600.0,3400,2200.0,West,Maharashtra,Pune,UPI
ORD101505,2025-08-24,CUST1702,Neha Deshmukh,Mouse,Accessories,1,1140.0,1140.0,700,440.0,West,Maharashtra,Nashik,Credit Card
ORD101506,2025-01-29,CUST1871,Neha Deshmukh,Printer,Office Equipment,3,13125.0,39375.0,29400,9975.0,West,Gujarat,Surat,Debit Card
ORD101507,2025-11-26,CUST1662,Karan Deshmukh,Mouse,Accessories,1,1200.0,1200.0,700,500.0,West,Maharashtra,Nashik,Credit Card
ORD101508,2025-06-11,CUST1782,Karan Yadav,External SSD,Storage,2,8500.0,17000.0,12400,4600.0,North,Delhi,New Delhi,Debit Card
ORD101509,2025-10-09,CUST1716,Diya Gupta,Printer,Office Equipment,1,12500.0,12500.0,9800,2700.0,West,Maharashtra,Pune,Credit Card
ORD101510,2025-01-11,CUST1262,Rahul Sharma,External SSD,Storage,1,8925.0,8925.0,6200,2725.0,North,Haryana,Gurugram,Credit Card
ORD101511,2025-04-26,CUST1333,Pooja Gupta,Smartphone,Electronics,2,33600.0,67200.0,54000,13200.0,West,Gujarat,Surat,Cash on Delivery
ORD101512,2025-09-14,CUST1948,Ishaan Verma,Printer,Office Equipment,3,12500.0,37500.0,29400,8100.0,South,Tamil Nadu,Chennai,UPI
ORD101513,2025-10-28,CUST1876,Karan Gupta,Headphones,Accessories,1,3500.0,3500.0,2200,1300.0,West,Maharashtra,Mumbai,Net Banking
ORD101514,2025-12-31,CUST1066,Vikram Chaudhary,Headphones,Accessories,2,3500.0,7000.0,4400,2600.0,West,Maharashtra,Pune,Debit Card
ORD101515,2025-12-29,CUST1849,Vikram Yadav,Desk,Furniture,2,12000.0,24000.0,18000,6000.0,West,Maharashtra,Pune,Cash on Delivery
ORD101516,2025-08-02,CUST1176,Diya Gupta,Office Chair,Furniture,5,9500.0,47500.0,35000,12500.0,West,Maharashtra,Nashik,Net Banking
ORD101517,2025-06-01,CUST1229,Rohan Singh,Smartphone,Electronics,5,32000.0,160000.0,135000,25000.0,West,Maharashtra,Pune,Net Banking
ORD101518,2025-03-12,CUST1275,Arjun Reddy,Laptop,Electronics,1,65000.0,65000.0,52000,13000.0,South,Kerala,Kochi,Debit Card
ORD101519,2025-08-08,CUST1977,Arjun Sharma,Keyboard,Accessories,1,2200.0,2200.0,1400,800.0,North,Punjab,Ludhiana,Cash on Delivery
ORD101520,2025-03-11,CUST1372,Arjun Verma,Mouse,Accessories,2,1140.0,2280.0,1400,880.0,North,Rajasthan,Jaipur,Debit Card
ORD101521,2025-09-06,CUST1424,Aditya Nair,Smartphone,Electronics,1,32000.0,32000.0,27000,5000.0,East,Jharkhand,Ranchi,Cash on Delivery
ORD101522,2025-03-26,CUST1183,Arjun Deshmukh,Mouse,Accessories,4,1200.0,4800.0,2800,2000.0,North,Rajasthan,Jaipur,Cash on Delivery
ORD101523,2025-11-26,CUST1618,Nisha Reddy,Headphones,Accessories,1,3325.0,3325.0,2200,1125.0,West,Goa,Panaji,Credit Card
ORD101524,2025-05-25,CUST1074,Meera Kulkarni,Smartphone,Electronics,3,32000.0,96000.0,81000,15000.0,North,Delhi,New Delhi,UPI
ORD101525,2025-10-15,CUST1640,Meera Iyer,Tablet,Electronics,4,25200.0,100800.0,78000,22800.0,South,Tamil Nadu,Chennai,Cash on Delivery
ORD101526,2025-03-30,CUST1318,Riya Chaudhary,Office Chair,Furniture,1,9500.0,9500.0,7000,2500.0,East,Odisha,Bhubaneswar,Cash on Delivery
ORD101527,2025-10-12,CUST1279,Arjun Kulkarni,Laptop,Electronics,1,65000.0,65000.0,52000,13000.0,West,Goa,Panaji,Credit Card
ORD101528,2025-10-06,CUST1793,Meera Yadav,Headphones,Accessories,1,3500.0,3500.0,2200,1300.0,South,Kerala,Kochi,Net Banking
ORD101529,2025-07-24,CUST1260,Neha Yadav,Desk,Furniture,1,12000.0,12000.0,9000,3000.0,South,Karnataka,Bengaluru,Net Banking
ORD101530,2025-04-16,CUST1502,Arjun Sharma,Smartphone,Electronics,1,32000.0,32000.0,27000,5000.0,West,Maharashtra,Pune,Credit Card
ORD101531,2025-05-21,CUST1188,Karan Joshi,Desk,Furniture,1,12000.0,12000.0,9000,3000.0,South,Tamil Nadu,Chennai,Debit Card
ORD101532,2025-09-26,CUST1741,Riya Mehta,Mouse,Accessories,3,1200.0,3600.0,2100,1500.0,East,Jharkhand,Ranchi,Cash on Delivery
ORD101533,2025-06-07,CUST1376,Vikram Joshi,External SSD,Storage,2,8500.0,17000.0,12400,4600.0,North,Punjab,Ludhiana,Net Banking
ORD101534,2025-08-17,CUST1987,Rohan Shah,Headphones,Accessories,4,3675.0,14700.0,8800,5900.0,South,Andhra Pradesh,Vijayawada,Net Banking
ORD101535,2025-02-18,CUST1990,Arjun Reddy,Smartphone,Electronics,2,32000.0,64000.0,54000,10000.0,South,Andhra Pradesh,Vijayawada,Credit Card
ORD101536,2025-12-31,CUST1042,Arjun Mehta,Keyboard,Accessories,1,2200.0,2200.0,1400,800.0,South,Andhra Pradesh,Vijayawada,Credit Card
ORD101537,2025-12-27,CUST1103,Sahil Gupta,Office Chair,Furniture,1,9500.0,9500.0,7000,2500.0,West,Maharashtra,Nashik,Debit Card
ORD101538,2025-02-22,CUST1675,Priya Reddy,External SSD,Storage,5,8500.0,42500.0,31000,11500.0,West,Goa,Panaji,Credit Card
ORD101539,2025-11-21,CUST1347,Aditya Yadav,Keyboard,Accessories,1,2200.0,2200.0,1400,800.0,South,Andhra Pradesh,Vijayawada,Cash on Delivery
ORD101540,2025-08-28,CUST1108,Rohan Iyer,Desk,Furniture,3,12000.0,36000.0,27000,9000.0,West,Gujarat,Ahmedabad,UPI
ORD101541,2025-05-25,CUST1395,Arjun Verma,Headphones,Accessories,2,3500.0,7000.0,4400,2600.0,South,Karnataka,Bengaluru,Net Banking
ORD101542,2025-10-10,CUST1276,Meera Iyer,Monitor,Electronics,2,18000.0,36000.0,27000,9000.0,North,Rajasthan,Jaipur,Cash on Delivery
ORD101543,2025-05-05,CUST1645,Arjun Deshmukh,External SSD,Storage,1,8500.0,8500.0,6200,2300.0,East,Bihar,Patna,Credit Card
ORD101544,2025-07-12,CUST1963,Sahil Deshmukh,Webcam,Accessories,4,2800.0,11200.0,6800,4400.0,East,Odisha,Bhubaneswar,Credit Card
ORD101545,2025-06-20,CUST1589,Diya Iyer,Keyboard,Accessories,1,2200.0,2200.0,1400,800.0,West,Maharashtra,Pune,UPI
ORD101546,2025-04-17,CUST1768,Riya Singh,Webcam,Accessories,3,2800.0,8400.0,5100,3300.0,South,Telangana,Hyderabad,Cash on Delivery
ORD101547,2025-09-16,CUST1134,Rohan Shah,Office Chair,Furniture,2,9500.0,19000.0,14000,5000.0,East,Odisha,Bhubaneswar,Net Banking
ORD101548,2025-01-15,CUST1984,Aarav Reddy,Monitor,Electronics,2,18000.0,36000.0,27000,9000.0,North,Punjab,Ludhiana,Cash on Delivery
ORD101549,2025-02-01,CUST1290,Aditya Deshmukh,Desk,Furniture,1,12000.0,12000.0,9000,3000.0,West,Maharashtra,Nashik,Cash on Delivery
ORD101550,2025-09-16,CUST1337,Riya Gupta,Smartphone,Electronics,1,32000.0,32000.0,27000,5000.0,South,Tamil Nadu,Chennai,UPI
ORD101551,2025-11-07,CUST1814,Sahil Singh,Office Chair,Furniture,2,9500.0,19000.0,14000,5000.0,West,Maharashtra,Mumbai,Debit Card
ORD101552,2025-03-14,CUST1450,Diya Verma,External SSD,Storage,1,8500.0,8500.0,6200,2300.0,North,Haryana,Gurugram,Debit Card
ORD101553,2025-12-04,CUST1993,Ishaan Deshmukh,Keyboard,Accessories,1,2310.0,2310.0,1400,910.0,West,Maharashtra,Nashik,Cash on Delivery
ORD101554,2025-08-30,CUST1830,Sahil Kulkarni,Webcam,Accessories,1,2940.0,2940.0,1700,1240.0,West,Maharashtra,Nashik,UPI
ORD101555,2025-04-02,CUST1258,Nisha Kulkarni,Tablet,Electronics,2,22800.0,45600.0,39000,6600.0,West,Maharashtra,Pune,Debit Card
ORD101556,2025-08-22,CUST1819,Ishaan Chaudhary,Laptop,Electronics,1,65000.0,65000.0,52000,13000.0,North,Haryana,Gurugram,Debit Card
ORD101557,2025-12-18,CUST1223,Arjun Mehta,Monitor,Electronics,1,18000.0,18000.0,13500,4500.0,East,Assam,Guwahati,Cash on Delivery
ORD101558,2025-10-19,CUST1418,Vikram Yadav,Monitor,Electronics,1,18000.0,18000.0,13500,4500.0,West,Maharashtra,Pune,UPI
ORD101559,2025-09-20,CUST1926,Arjun Deshmukh,Keyboard,Accessories,4,2200.0,8800.0,5600,3200.0,North,Delhi,New Delhi,UPI
ORD101560,2025-01-06,CUST1587,Sahil Chaudhary,Monitor,Electronics,1,18000.0,18000.0,13500,4500.0,West,Maharashtra,Nashik,Cash on Delivery
ORD101561,2025-06-01,CUST1693,Diya Verma,Laptop,Electronics,4,65000.0,260000.0,208000,52000.0,East,Odisha,Bhubaneswar,Credit Card
ORD101562,2025-11-14,CUST1123,Ishaan Shah,Webcam,Accessories,1,2800.0,2800.0,1700,1100.0,West,Maharashtra,Mumbai,Net Banking
ORD101563,2025-02-27,CUST1594,Rahul Yadav,Office Chair,Furniture,3,9500.0,28500.0,21000,7500.0,South,Telangana,Hyderabad,Cash on Delivery
ORD101564,2025-06-09,CUST1841,Meera Sharma,Headphones,Accessories,1,3675.0,3675.0,2200,1475.0,North,Rajasthan,Jaipur,UPI
ORD101565,2025-12-08,CUST1047,Aditya Deshmukh,Tablet,Electronics,1,24000.0,24000.0,19500,4500.0,North,Punjab,Ludhiana,Credit Card
ORD101566,2025-01-13,CUST1164,Tanvi Nair,Office Chair,Furniture,4,9500.0,38000.0,28000,10000.0,North,Delhi,New Delhi,Cash on Delivery
ORD101567,2025-02-28,CUST1474,Priya Singh,Mouse,Accessories,1,1200.0,1200.0,700,500.0,North,Haryana,Gurugram,Cash on Delivery
ORD101568,2025-10-20,CUST1826,Pooja Joshi,External SSD,Storage,1,8500.0,8500.0,6200,2300.0,West,Maharashtra,Pune,UPI
ORD101569,2025-11-23,CUST1133,Neha Deshmukh,Keyboard,Accessories,2,2200.0,4400.0,2800,1600.0,South,Andhra Pradesh,Vijayawada,UPI
ORD101570,2025-05-08,CUST1927,Meera Joshi,Office Chair,Furniture,2,9500.0,19000.0,14000,5000.0,West,Goa,Panaji,Cash on Delivery
ORD101571,2025-12-09,CUST1247,Meera Sharma,Office Chair,Furniture,1,9500.0,9500.0,7000,2500.0,East,West Bengal,Kolkata,Cash on Delivery
ORD101572,2025-02-25,CUST1755,Ananya Verma,Printer,Office Equipment,1,12500.0,12500.0,9800,2700.0,North,Punjab,Ludhiana,UPI
ORD101573,2025-12-11,CUST1591,Ishaan Reddy,Office Chair,Furniture,1,9500.0,9500.0,7000,2500.0,North,Haryana,Gurugram,Credit Card
ORD101574,2025-12-11,CUST1721,Karan Kulkarni,Laptop,Electronics,1,65000.0,65000.0,52000,13000.0,North,Punjab,Ludhiana,UPI
ORD101575,2025-11-30,CUST1324,Riya Yadav,External SSD,Storage,1,8500.0,8500.0,6200,2300.0,West,Maharashtra,Nashik,Cash on Delivery
ORD101576,2025-01-04,CUST1873,Tanvi Singh,Laptop,Electronics,1,61750.0,61750.0,52000,9750.0,South,Kerala,Kochi,Cash on Delivery
ORD101577,2025-04-13,CUST1833,Ananya Sharma,Tablet,Electronics,1,24000.0,24000.0,19500,4500.0,West,Maharashtra,Pune,Cash on Delivery
ORD101578,2025-03-15,CUST1501,Rohan Sharma,Laptop,Electronics,2,65000.0,130000.0,104000,26000.0,North,Uttar Pradesh,Noida,Debit Card
ORD101579,2025-11-01,CUST1322,Nisha Iyer,Smartphone,Electronics,1,30400.0,30400.0,27000,3400.0,South,Andhra Pradesh,Vijayawada,Credit Card
ORD101580,2025-06-01,CUST1071,Tanvi Sharma,Office Chair,Furniture,1,9025.0,9025.0,7000,2025.0,South,Kerala,Kochi,UPI
ORD101581,2025-06-16,CUST1988,Sahil Chaudhary,Desk,Furniture,1,12000.0,12000.0,9000,3000.0,East,Bihar,Patna,Net Banking
ORD101582,2025-05-02,CUST1202,Karan Shah,Mouse,Accessories,1,1200.0,1200.0,700,500.0,North,Delhi,New Delhi,Cash on Delivery
ORD101583,2025-05-27,CUST1786,Karan Shah,Headphones,Accessories,1,3500.0,3500.0,2200,1300.0,East,Odisha,Bhubaneswar,Net Banking
ORD101584,2025-12-20,CUST1428,Ishaan Iyer,Tablet,Electronics,2,24000.0,48000.0,39000,9000.0,West,Maharashtra,Nashik,Debit Card
ORD101585,2025-10-29,CUST1918,Rahul Deshmukh,Mouse,Accessories,2,1140.0,2280.0,1400,880.0,West,Gujarat,Ahmedabad,Cash on Delivery
ORD101586,2025-01-02,CUST1776,Nisha Singh,Headphones,Accessories,1,3675.0,3675.0,2200,1475.0,North,Rajasthan,Jaipur,Net Banking
ORD101587,2025-12-04,CUST1175,Aarav Gupta,Keyboard,Accessories,2,2090.0,4180.0,2800,1380.0,West,Maharashtra,Mumbai,Net Banking
ORD101588,2025-01-31,CUST1019,Aditya Deshmukh,Laptop,Electronics,3,65000.0,195000.0,156000,39000.0,West,Gujarat,Ahmedabad,Cash on Delivery
ORD101589,2025-06-09,CUST1929,Nisha Kulkarni,Printer,Office Equipment,4,12500.0,50000.0,39200,10800.0,West,Maharashtra,Nashik,Debit Card
ORD101590,2025-02-26,CUST1182,Aarav Verma,External SSD,Storage,1,8500.0,8500.0,6200,2300.0,West,Gujarat,Ahmedabad,Credit Card
ORD101591,2025-08-06,CUST1512,Rahul Singh,Monitor,Electronics,1,18000.0,18000.0,13500,4500.0,North,Uttar Pradesh,Noida,Debit Card
ORD101592,2025-12-19,CUST1984,Vikram Patil,Printer,Office Equipment,1,12500.0,12500.0,9800,2700.0,West,Gujarat,Ahmedabad,UPI
ORD101593,2025-12-02,CUST1944,Arjun Sharma,Printer,Office Equipment,1,12500.0,12500.0,9800,2700.0,West,Maharashtra,Nashik,UPI
ORD101594,2025-05-01,CUST1162,Vikram Deshmukh,Office Chair,Furniture,2,9500.0,19000.0,14000,5000.0,West,Maharashtra,Nashik,Net Banking
ORD101595,2025-11-24,CUST1432,Arjun Gupta,Webcam,Accessories,1,2800.0,2800.0,1700,1100.0,North,Delhi,New Delhi,UPI
ORD101596,2025-08-27,CUST1012,Kavya Nair,Office Chair,Furniture,2,9500.0,19000.0,14000,5000.0,East,West Bengal,Kolkata,UPI
ORD101597,2025-02-05,CUST1754,Aarav Shah,Headphones,Accessories,2,3500.0,7000.0,4400,2600.0,North,Haryana,Gurugram,Net Banking
ORD101598,2025-07-23,CUST1339,Sahil Yadav,Keyboard,Accessories,2,2200.0,4400.0,2800,1600.0,West,Gujarat,Surat,Net Banking
ORD101599,2025-05-05,CUST1658,Aarav Sharma,External SSD,Storage,1,8500.0,8500.0,6200,2300.0,West,Maharashtra,Nashik,Cash on Delivery
ORD101600,2025-06-14,CUST1010,Ishaan Sharma,Printer,Office Equipment,1,12500.0,12500.0,9800,2700.0,South,Andhra Pradesh,Vijayawada,Net Banking
ORD101601,2025-08-05,CUST1778,Sahil Joshi,Laptop,Electronics,2,65000.0,130000.0,104000,26000.0,North,Punjab,Ludhiana,Net Banking
ORD101602,2025-10-06,CUST1388,Rohan Mehta,External SSD,Storage,1,8500.0,8500.0,6200,2300.0,West,Maharashtra,Mumbai,Cash on Delivery
ORD101603,2025-06-27,CUST1631,Rohan Joshi,Laptop,Electronics,1,65000.0,65000.0,52000,13000.0,South,Karnataka,Bengaluru,Net Banking
ORD101604,2025-04-07,CUST1382,Sahil Gupta,Monitor,Electronics,3,18000.0,54000.0,40500,13500.0,South,Kerala,Kochi,Credit Card
ORD101605,2025-07-17,CUST1455,Ananya Chaudhary,Keyboard,Accessories,3,2310.0,6930.0,4200,2730.0,East,Bihar,Patna,Credit Card
ORD101606,2025-09-03,CUST1147,Nisha Singh,Webcam,Accessories,2,2800.0,5600.0,3400,2200.0,West,Gujarat,Ahmedabad,Net Banking
ORD101607,2025-03-21,CUST1534,Nisha Deshmukh,Laptop,Electronics,1,61750.0,61750.0,52000,9750.0,West,Goa,Panaji,Credit Card
ORD101608,2025-09-10,CUST1441,Ananya Mehta,Mouse,Accessories,1,1200.0,1200.0,700,500.0,North,Punjab,Ludhiana,Cash on Delivery
ORD101609,2025-12-06,CUST1409,Sahil Patil,Monitor,Electronics,2,17100.0,34200.0,27000,7200.0,South,Kerala,Kochi,UPI
ORD101610,2025-09-15,CUST1959,Rohan Joshi,Headphones,Accessories,2,3500.0,7000.0,4400,2600.0,South,Kerala,Kochi,Debit Card
ORD101611,2025-06-30,CUST1891,Diya Singh,Webcam,Accessories,1,2800.0,2800.0,1700,1100.0,West,Maharashtra,Nashik,Debit Card
ORD101612,2025-04-21,CUST1317,Aarav Chaudhary,Smartphone,Electronics,3,32000.0,96000.0,81000,15000.0,North,Haryana,Gurugram,Debit Card
ORD101613,2025-12-27,CUST1055,Vikram Reddy,Desk,Furniture,2,11400.0,22800.0,18000,4800.0,North,Rajasthan,Jaipur,Net Banking
ORD101614,2025-09-02,CUST1685,Arjun Joshi,Headphones,Accessories,2,3500.0,7000.0,4400,2600.0,South,Telangana,Hyderabad,Cash on Delivery
ORD101615,2025-10-20,CUST1282,Ishaan Reddy,Mouse,Accessories,1,1260.0,1260.0,700,560.0,West,Maharashtra,Nashik,Cash on Delivery
ORD101616,2025-01-26,CUST1701,Pooja Iyer,Headphones,Accessories,2,3500.0,7000.0,4400,2600.0,South,Kerala,Kochi,Credit Card
ORD101617,2025-03-28,CUST1445,Aditya Chaudhary,Desk,Furniture,3,12000.0,36000.0,27000,9000.0,North,Rajasthan,Jaipur,Cash on Delivery
ORD101618,2025-07-25,CUST1655,Diya Sharma,Laptop,Electronics,2,65000.0,130000.0,104000,26000.0,East,Jharkhand,Ranchi,UPI
ORD101619,2025-06-04,CUST1781,Riya Nair,Desk,Furniture,2,12000.0,24000.0,18000,6000.0,South,Tamil Nadu,Chennai,Debit Card
ORD101620,2025-08-31,CUST1259,Sahil Chaudhary,Office Chair,Furniture,1,9500.0,9500.0,7000,2500.0,West,Gujarat,Surat,Cash on Delivery
ORD101621,2025-06-08,CUST1170,Meera Verma,Tablet,Electronics,4,24000.0,96000.0,78000,18000.0,South,Tamil Nadu,Chennai,Cash on Delivery
ORD101622,2025-11-12,CUST1376,Priya Deshmukh,Office Chair,Furniture,1,9500.0,9500.0,7000,2500.0,South,Telangana,Hyderabad,UPI
ORD101623,2025-11-03,CUST2000,Rahul Singh,Tablet,Electronics,1,24000.0,24000.0,19500,4500.0,North,Punjab,Ludhiana,UPI
ORD101624,2025-05-18,CUST1345,Meera Chaudhary,Laptop,Electronics,1,65000.0,65000.0,52000,13000.0,East,Jharkhand,Ranchi,UPI
ORD101625,2025-09-22,CUST1922,Rohan Chaudhary,Tablet,Electronics,2,24000.0,48000.0,39000,9000.0,West,Gujarat,Ahmedabad,Net Banking
ORD101626,2025-10-20,CUST1969,Aarav Joshi,Tablet,Electronics,1,22800.0,22800.0,19500,3300.0,West,Maharashtra,Mumbai,Debit Card
ORD101627,2025-08-11,CUST1970,Diya Reddy,Tablet,Electronics,1,22800.0,22800.0,19500,3300.0,West,Gujarat,Surat,UPI
ORD101628,2025-11-13,CUST1608,Arjun Kulkarni,Tablet,Electronics,2,25200.0,50400.0,39000,11400.0,North,Delhi,New Delhi,UPI
ORD101629,2025-06-10,CUST1631,Rohan Singh,Headphones,Accessories,1,3500.0,3500.0,2200,1300.0,West,Maharashtra,Mumbai,Net Banking
ORD101630,2025-06-16,CUST1546,Vikram Gupta,Monitor,Electronics,4,18000.0,72000.0,54000,18000.0,West,Maharashtra,Nashik,Cash on Delivery
ORD101631,2025-01-31,CUST1849,Rahul Kulkarni,Desk,Furniture,1,12000.0,12000.0,9000,3000.0,North,Uttar Pradesh,Noida,Cash on Delivery
ORD101632,2025-07-17,CUST1547,Aditya Yadav,Monitor,Electronics,1,18000.0,18000.0,13500,4500.0,West,Goa,Panaji,Cash on Delivery
ORD101633,2025-08-27,CUST1646,Vikram Nair,Headphones,Accessories,1,3500.0,3500.0,2200,1300.0,West,Gujarat,Surat,UPI
ORD101634,2025-08-08,CUST1982,Rohan Verma,Mouse,Accessories,1,1200.0,1200.0,700,500.0,South,Tamil Nadu,Chennai,Credit Card
ORD101635,2025-02-27,CUST1584,Sneha Gupta,Webcam,Accessories,2,2800.0,5600.0,3400,2200.0,North,Delhi,New Delhi,Net Banking
ORD101636,2025-02-19,CUST1043,Nisha Verma,Keyboard,Accessories,2,2090.0,4180.0,2800,1380.0,South,Tamil Nadu,Chennai,Debit Card
ORD101637,2025-07-26,CUST1202,Tanvi Deshmukh,Tablet,Electronics,1,24000.0,24000.0,19500,4500.0,West,Gujarat,Ahmedabad,Cash on Delivery
ORD101638,2025-01-25,CUST1204,Vikram Mehta,Office Chair,Furniture,1,9500.0,9500.0,7000,2500.0,East,Bihar,Patna,Cash on Delivery
ORD101639,2025-03-31,CUST1707,Ananya Joshi,Printer,Office Equipment,4,12500.0,50000.0,39200,10800.0,West,Gujarat,Ahmedabad,Credit Card
ORD101640,2025-11-18,CUST1787,Aditya Singh,Laptop,Electronics,1,65000.0,65000.0,52000,13000.0,North,Haryana,Gurugram,Net Banking
ORD101641,2025-10-16,CUST1494,Kavya Chaudhary,Keyboard,Accessories,4,2200.0,8800.0,5600,3200.0,West,Gujarat,Surat,Credit Card
ORD101642,2025-12-01,CUST1964,Kavya Chaudhary,Laptop,Electronics,2,61750.0,123500.0,104000,19500.0,East,Odisha,Bhubaneswar,UPI
ORD101643,2025-10-12,CUST1634,Sahil Reddy,Laptop,Electronics,2,65000.0,130000.0,104000,26000.0,West,Gujarat,Surat,Credit Card
ORD101644,2025-01-12,CUST1851,Sahil Kulkarni,Tablet,Electronics,2,24000.0,48000.0,39000,9000.0,North,Uttar Pradesh,Noida,Net Banking
ORD101645,2025-06-15,CUST1022,Ananya Nair,Laptop,Electronics,3,65000.0,195000.0,156000,39000.0,West,Maharashtra,Mumbai,Debit Card
ORD101646,2025-05-31,CUST1788,Vikram Joshi,Monitor,Electronics,4,18000.0,72000.0,54000,18000.0,West,Maharashtra,Mumbai,Net Banking
ORD101647,2025-10-17,CUST1636,Pooja Patil,Headphones,Accessories,1,3675.0,3675.0,2200,1475.0,North,Delhi,New Delhi,Cash on Delivery
ORD101648,2025-06-20,CUST1641,Pooja Chaudhary,Laptop,Electronics,4,65000.0,260000.0,208000,52000.0,West,Goa,Panaji,Debit Card
ORD101649,2025-07-05,CUST1613,Sneha Reddy,Smartphone,Electronics,2,30400.0,60800.0,54000,6800.0,North,Haryana,Gurugram,Debit Card
ORD101650,2025-12-09,CUST1114,Meera Nair,Tablet,Electronics,2,24000.0,48000.0,39000,9000.0,East,Bihar,Patna,Net Banking
ORD101651,2025-01-06,CUST1049,Vikram Gupta,Laptop,Electronics,1,65000.0,65000.0,52000,13000.0,North,Punjab,Ludhiana,Debit Card
ORD101652,2025-08-02,CUST1698,Vikram Yadav,Office Chair,Furniture,1,9500.0,9500.0,7000,2500.0,West,Maharashtra,Pune,Credit Card
ORD101653,2025-02-13,CUST1768,Sneha Iyer,Mouse,Accessories,1,1200.0,1200.0,700,500.0,North,Haryana,Gurugram,Net Banking
ORD101654,2025-03-14,CUST1783,Rahul Sharma,Keyboard,Accessories,1,2200.0,2200.0,1400,800.0,West,Goa,Panaji,Net Banking
ORD101655,2025-01-30,CUST1816,Nisha Yadav,Keyboard,Accessories,4,2200.0,8800.0,5600,3200.0,North,Delhi,New Delhi,UPI
ORD101656,2025-09-28,CUST1358,Ishaan Iyer,Desk,Furniture,1,12000.0,12000.0,9000,3000.0,North,Uttar Pradesh,Noida,Debit Card
ORD101657,2025-12-10,CUST1552,Pooja Shah,Desk,Furniture,1,12600.0,12600.0,9000,3600.0,South,Telangana,Hyderabad,Net Banking
ORD101658,2025-04-07,CUST1073,Tanvi Shah,Tablet,Electronics,2,24000.0,48000.0,39000,9000.0,West,Maharashtra,Nashik,UPI
ORD101659,2025-02-03,CUST1655,Rohan Sharma,Office Chair,Furniture,1,9500.0,9500.0,7000,2500.0,East,Bihar,Patna,Credit Card
ORD101660,2025-07-21,CUST1127,Karan Mehta,Mouse,Accessories,3,1260.0,3780.0,2100,1680.0,North,Delhi,New Delhi,UPI
ORD101661,2025-08-18,CUST1412,Nisha Deshmukh,Monitor,Electronics,1,18000.0,18000.0,13500,4500.0,East,Bihar,Patna,Net Banking
ORD101662,2025-10-20,CUST1021,Sahil Mehta,Desk,Furniture,3,12000.0,36000.0,27000,9000.0,West,Maharashtra,Mumbai,Credit Card
ORD101663,2025-12-11,CUST1180,Meera Chaudhary,Tablet,Electronics,3,24000.0,72000.0,58500,13500.0,East,Assam,Guwahati,Net Banking
ORD101664,2025-05-14,CUST1550,Pooja Shah,Printer,Office Equipment,3,12500.0,37500.0,29400,8100.0,East,Odisha,Bhubaneswar,Cash on Delivery
ORD101665,2025-08-04,CUST1659,Sahil Reddy,Webcam,Accessories,4,2800.0,11200.0,6800,4400.0,South,Andhra Pradesh,Vijayawada,Net Banking
ORD101666,2025-12-08,CUST1832,Nisha Shah,Desk,Furniture,1,12000.0,12000.0,9000,3000.0,West,Maharashtra,Pune,Debit Card
ORD101667,2025-04-12,CUST1889,Vikram Yadav,Headphones,Accessories,2,3675.0,7350.0,4400,2950.0,West,Maharashtra,Mumbai,Net Banking
ORD101668,2025-08-16,CUST1205,Meera Shah,External SSD,Storage,2,8500.0,17000.0,12400,4600.0,West,Gujarat,Surat,Cash on Delivery
ORD101669,2025-11-04,CUST1407,Karan Mehta,External SSD,Storage,1,8500.0,8500.0,6200,2300.0,West,Maharashtra,Nashik,UPI
ORD101670,2025-04-21,CUST1487,Ananya Reddy,Headphones,Accessories,1,3325.0,3325.0,2200,1125.0,West,Gujarat,Surat,UPI
ORD101671,2025-03-06,CUST1502,Sneha Chaudhary,Laptop,Electronics,3,65000.0,195000.0,156000,39000.0,West,Gujarat,Surat,Cash on Delivery
ORD101672,2025-09-08,CUST1310,Sahil Deshmukh,Printer,Office Equipment,2,12500.0,25000.0,19600,5400.0,West,Maharashtra,Pune,UPI
ORD101673,2025-01-14,CUST1714,Rohan Verma,Webcam,Accessories,1,2800.0,2800.0,1700,1100.0,North,Haryana,Gurugram,Debit Card
ORD101674,2025-06-13,CUST1260,Pooja Kulkarni,Webcam,Accessories,4,2940.0,11760.0,6800,4960.0,West,Maharashtra,Nashik,Cash on Delivery
ORD101675,2025-08-22,CUST1843,Priya Verma,Office Chair,Furniture,3,9500.0,28500.0,21000,7500.0,West,Maharashtra,Mumbai,UPI
ORD101676,2025-10-31,CUST1743,Tanvi Verma,Headphones,Accessories,1,3500.0,3500.0,2200,1300.0,South,Andhra Pradesh,Vijayawada,Net Banking
ORD101677,2025-03-27,CUST1651,Sahil Patil,Headphones,Accessories,2,3500.0,7000.0,4400,2600.0,North,Haryana,Gurugram,Debit Card
ORD101678,2025-09-13,CUST1129,Rahul Joshi,External SSD,Storage,1,8500.0,8500.0,6200,2300.0,West,Maharashtra,Mumbai,UPI
ORD101679,2025-09-17,CUST1033,Nisha Iyer,Printer,Office Equipment,2,12500.0,25000.0,19600,5400.0,West,Maharashtra,Pune,Debit Card
ORD101680,2025-05-08,CUST1170,Nisha Chaudhary,Mouse,Accessories,4,1200.0,4800.0,2800,2000.0,East,Assam,Guwahati,Cash on Delivery
ORD101681,2025-03-01,CUST1364,Pooja Yadav,Office Chair,Furniture,1,9500.0,9500.0,7000,2500.0,East,Bihar,Patna,Debit Card
ORD101682,2025-05-26,CUST1405,Neha Mehta,Mouse,Accessories,1,1200.0,1200.0,700,500.0,North,Haryana,Gurugram,Debit Card
ORD101683,2025-10-14,CUST1509,Nisha Gupta,External SSD,Storage,1,8500.0,8500.0,6200,2300.0,North,Rajasthan,Jaipur,Credit Card
ORD101684,2025-05-05,CUST1176,Vikram Reddy,Monitor,Electronics,1,18000.0,18000.0,13500,4500.0,South,Kerala,Kochi,Debit Card
ORD101685,2025-07-24,CUST1020,Tanvi Reddy,Keyboard,Accessories,2,2200.0,4400.0,2800,1600.0,West,Gujarat,Ahmedabad,Debit Card
ORD101686,2025-12-31,CUST1925,Meera Kulkarni,External SSD,Storage,5,8500.0,42500.0,31000,11500.0,South,Andhra Pradesh,Vijayawada,Net Banking
ORD101687,2025-04-12,CUST1447,Rahul Sharma,Monitor,Electronics,3,18000.0,54000.0,40500,13500.0,West,Goa,Panaji,Debit Card
ORD101688,2025-03-06,CUST1280,Ananya Reddy,Keyboard,Accessories,1,2090.0,2090.0,1400,690.0,East,Assam,Guwahati,Credit Card
ORD101689,2025-03-07,CUST1355,Kavya Mehta,Mouse,Accessories,2,1200.0,2400.0,1400,1000.0,West,Gujarat,Ahmedabad,UPI
ORD101690,2025-09-11,CUST1021,Rohan Deshmukh,Laptop,Electronics,1,65000.0,65000.0,52000,13000.0,North,Uttar Pradesh,Noida,Credit Card
ORD101691,2025-04-17,CUST1983,Arjun Chaudhary,Tablet,Electronics,1,24000.0,24000.0,19500,4500.0,South,Telangana,Hyderabad,Cash on Delivery
ORD101692,2025-09-07,CUST1894,Vikram Gupta,Tablet,Electronics,1,25200.0,25200.0,19500,5700.0,East,West Bengal,Kolkata,UPI
ORD101693,2025-08-07,CUST1822,Ishaan Mehta,Smartphone,Electronics,1,30400.0,30400.0,27000,3400.0,South,Tamil Nadu,Chennai,Credit Card
ORD101694,2025-11-10,CUST1563,Meera Deshmukh,Webcam,Accessories,2,2800.0,5600.0,3400,2200.0,West,Gujarat,Ahmedabad,UPI
ORD101695,2025-04-29,CUST1146,Rahul Nair,Headphones,Accessories,4,3325.0,13300.0,8800,4500.0,South,Telangana,Hyderabad,Debit Card
ORD101696,2025-07-02,CUST1275,Diya Verma,Keyboard,Accessories,1,2200.0,2200.0,1400,800.0,South,Karnataka,Bengaluru,Cash on Delivery
ORD101697,2025-03-27,CUST1310,Diya Nair,Headphones,Accessories,1,3500.0,3500.0,2200,1300.0,North,Delhi,New Delhi,UPI
ORD101698,2025-11-22,CUST1125,Vikram Yadav,Keyboard,Accessories,1,2200.0,2200.0,1400,800.0,North,Punjab,Ludhiana,UPI
ORD101699,2025-04-23,CUST1381,Karan Deshmukh,Printer,Office Equipment,1,12500.0,12500.0,9800,2700.0,West,Maharashtra,Mumbai,Net Banking
ORD101700,2025-09-26,CUST1014,Riya Deshmukh,Webcam,Accessories,1,2800.0,2800.0,1700,1100.0,West,Maharashtra,Mumbai,Net Banking
ORD101701,2025-06-29,CUST1162,Ishaan Patil,Office Chair,Furniture,1,9975.0,9975.0,7000,2975.0,West,Maharashtra,Pune,UPI
ORD101702,2025-07-20,CUST1754,Rahul Mehta,Keyboard,Accessories,2,2200.0,4400.0,2800,1600.0,East,West Bengal,Kolkata,Net Banking
ORD101703,2025-05-14,CUST1596,Nisha Deshmukh,Tablet,Electronics,2,24000.0,48000.0,39000,9000.0,West,Gujarat,Ahmedabad,Cash on Delivery
ORD101704,2025-05-25,CUST1497,Meera Kulkarni,Monitor,Electronics,1,18000.0,18000.0,13500,4500.0,West,Goa,Panaji,Cash on Delivery
ORD101705,2025-03-07,CUST1017,Tanvi Reddy,Mouse,Accessories,1,1200.0,1200.0,700,500.0,East,West Bengal,Kolkata,Cash on Delivery
ORD101706,2025-11-24,CUST1392,Kavya Gupta,Desk,Furniture,1,12000.0,12000.0,9000,3000.0,North,Rajasthan,Jaipur,Debit Card
ORD101707,2025-09-22,CUST1479,Nisha Kulkarni,Monitor,Electronics,3,17100.0,51300.0,40500,10800.0,West,Gujarat,Ahmedabad,Debit Card
ORD101708,2025-10-12,CUST1811,Ananya Verma,Keyboard,Accessories,1,2200.0,2200.0,1400,800.0,South,Karnataka,Bengaluru,Credit Card
ORD101709,2025-10-06,CUST1063,Vikram Kulkarni,External SSD,Storage,2,8925.0,17850.0,12400,5450.0,East,Jharkhand,Ranchi,Debit Card
ORD101710,2025-07-31,CUST1346,Sneha Singh,Office Chair,Furniture,1,9500.0,9500.0,7000,2500.0,South,Kerala,Kochi,Cash on Delivery
ORD101711,2025-08-20,CUST1051,Aditya Patil,Mouse,Accessories,1,1200.0,1200.0,700,500.0,North,Rajasthan,Jaipur,Debit Card
ORD101712,2025-01-10,CUST1533,Priya Mehta,Smartphone,Electronics,2,33600.0,67200.0,54000,13200.0,West,Maharashtra,Mumbai,UPI
ORD101713,2025-08-10,CUST1516,Tanvi Gupta,Printer,Office Equipment,3,12500.0,37500.0,29400,8100.0,West,Goa,Panaji,Credit Card
ORD101714,2025-03-06,CUST1516,Priya Joshi,Desk,Furniture,1,12000.0,12000.0,9000,3000.0,West,Gujarat,Surat,Credit Card
ORD101715,2025-10-24,CUST1554,Priya Singh,Tablet,Electronics,1,24000.0,24000.0,19500,4500.0,North,Delhi,New Delhi,Debit Card
ORD101716,2025-04-09,CUST1041,Ananya Shah,Printer,Office Equipment,2,11875.0,23750.0,19600,4150.0,East,Odisha,Bhubaneswar,Credit Card
ORD101717,2025-05-02,CUST1477,Karan Sharma,Tablet,Electronics,1,24000.0,24000.0,19500,4500.0,East,Assam,Guwahati,Cash on Delivery
ORD101718,2025-06-17,CUST1230,Riya Singh,Tablet,Electronics,1,24000.0,24000.0,19500,4500.0,South,Karnataka,Bengaluru,UPI
ORD101719,2025-12-22,CUST1464,Aditya Sharma,Printer,Office Equipment,3,12500.0,37500.0,29400,8100.0,South,Telangana,Hyderabad,Credit Card
ORD101720,2025-09-18,CUST1766,Vikram Singh,Monitor,Electronics,3,18000.0,54000.0,40500,13500.0,West,Maharashtra,Nashik,Credit Card
ORD101721,2025-03-09,CUST1212,Nisha Patil,Tablet,Electronics,1,24000.0,24000.0,19500,4500.0,North,Haryana,Gurugram,Cash on Delivery
ORD101722,2025-12-27,CUST1895,Arjun Patil,Tablet,Electronics,1,24000.0,24000.0,19500,4500.0,West,Goa,Panaji,Credit Card
ORD101723,2025-10-17,CUST1064,Diya Sharma,Laptop,Electronics,3,68250.0,204750.0,156000,48750.0,North,Delhi,New Delhi,Credit Card
ORD101724,2025-11-16,CUST1496,Sahil Yadav,Office Chair,Furniture,1,9500.0,9500.0,7000,2500.0,West,Maharashtra,Nashik,Cash on Delivery
ORD101725,2025-11-26,CUST1393,Rohan Verma,Monitor,Electronics,2,18900.0,37800.0,27000,10800.0,West,Goa,Panaji,UPI
ORD101726,2025-10-19,CUST1388,Vikram Yadav,Monitor,Electronics,1,18900.0,18900.0,13500,5400.0,North,Delhi,New Delhi,UPI
ORD101727,2025-10-09,CUST1609,Rohan Verma,Office Chair,Furniture,2,9500.0,19000.0,14000,5000.0,North,Haryana,Gurugram,Net Banking
ORD101728,2025-06-24,CUST1681,Diya Mehta,Headphones,Accessories,4,3500.0,14000.0,8800,5200.0,South,Andhra Pradesh,Vijayawada,Cash on Delivery
ORD101729,2025-08-06,CUST1236,Rahul Nair,External SSD,Storage,2,8500.0,17000.0,12400,4600.0,South,Tamil Nadu,Chennai,UPI
ORD101730,2025-04-01,CUST1813,Tanvi Sharma,Office Chair,Furniture,4,9500.0,38000.0,28000,10000.0,West,Maharashtra,Pune,Credit Card
ORD101731,2025-07-17,CUST1505,Diya Shah,Webcam,Accessories,1,2800.0,2800.0,1700,1100.0,East,West Bengal,Kolkata,Cash on Delivery
ORD101732,2025-06-09,CUST1423,Kavya Yadav,Monitor,Electronics,3,18000.0,54000.0,40500,13500.0,North,Haryana,Gurugram,Cash on Delivery
ORD101733,2025-02-04,CUST1755,Meera Kulkarni,Monitor,Electronics,1,18900.0,18900.0,13500,5400.0,South,Tamil Nadu,Chennai,Cash on Delivery
ORD101734,2025-09-17,CUST1656,Aditya Yadav,Keyboard,Accessories,2,2200.0,4400.0,2800,1600.0,South,Andhra Pradesh,Vijayawada,UPI
ORD101735,2025-03-06,CUST1792,Kavya Mehta,Monitor,Electronics,2,18000.0,36000.0,27000,9000.0,North,Punjab,Ludhiana,Cash on Delivery
ORD101736,2025-10-31,CUST1607,Tanvi Kulkarni,Headphones,Accessories,2,3500.0,7000.0,4400,2600.0,West,Gujarat,Ahmedabad,Debit Card
ORD101737,2025-07-11,CUST1758,Tanvi Verma,Monitor,Electronics,3,18900.0,56700.0,40500,16200.0,East,Bihar,Patna,Debit Card
ORD101738,2025-03-30,CUST1772,Kavya Singh,Printer,Office Equipment,2,12500.0,25000.0,19600,5400.0,East,Assam,Guwahati,UPI
ORD101739,2025-06-09,CUST1324,Neha Kulkarni,External SSD,Storage,4,8500.0,34000.0,24800,9200.0,South,Andhra Pradesh,Vijayawada,Credit Card
ORD101740,2025-01-19,CUST1036,Ishaan Patil,Monitor,Electronics,2,18000.0,36000.0,27000,9000.0,North,Punjab,Ludhiana,Debit Card
ORD101741,2025-01-28,CUST1538,Pooja Singh,Mouse,Accessories,2,1200.0,2400.0,1400,1000.0,South,Karnataka,Bengaluru,Net Banking
ORD101742,2025-03-05,CUST1740,Pooja Mehta,Keyboard,Accessories,2,2200.0,4400.0,2800,1600.0,East,Odisha,Bhubaneswar,Net Banking
ORD101743,2025-03-22,CUST1807,Rahul Joshi,Keyboard,Accessories,1,2200.0,2200.0,1400,800.0,West,Gujarat,Surat,Credit Card
ORD101744,2025-09-14,CUST1371,Priya Patil,Desk,Furniture,1,12000.0,12000.0,9000,3000.0,South,Telangana,Hyderabad,UPI
ORD101745,2025-02-25,CUST1898,Tanvi Verma,Office Chair,Furniture,1,9975.0,9975.0,7000,2975.0,South,Andhra Pradesh,Vijayawada,Cash on Delivery
ORD101746,2025-06-05,CUST1877,Diya Yadav,Laptop,Electronics,1,65000.0,65000.0,52000,13000.0,South,Karnataka,Bengaluru,Net Banking
ORD101747,2025-07-18,CUST1631,Rohan Shah,Tablet,Electronics,1,24000.0,24000.0,19500,4500.0,North,Delhi,New Delhi,UPI
ORD101748,2025-10-10,CUST1503,Priya Verma,Monitor,Electronics,4,18000.0,72000.0,54000,18000.0,West,Gujarat,Ahmedabad,Debit Card
ORD101749,2025-12-24,CUST1764,Ananya Patil,Desk,Furniture,3,12000.0,36000.0,27000,9000.0,South,Kerala,Kochi,Net Banking
ORD101750,2025-10-17,CUST1788,Aditya Sharma,Tablet,Electronics,3,25200.0,75600.0,58500,17100.0,East,Odisha,Bhubaneswar,UPI
ORD101751,2025-12-09,CUST1991,Rohan Reddy,Printer,Office Equipment,1,12500.0,12500.0,9800,2700.0,West,Maharashtra,Nashik,UPI
ORD101752,2025-10-21,CUST1861,Rahul Verma,Printer,Office Equipment,2,12500.0,25000.0,19600,5400.0,West,Goa,Panaji,UPI
ORD101753,2025-10-04,CUST1287,Vikram Nair,Tablet,Electronics,2,22800.0,45600.0,39000,6600.0,West,Goa,Panaji,Debit Card
ORD101754,2025-09-10,CUST1268,Nisha Joshi,Monitor,Electronics,2,18000.0,36000.0,27000,9000.0,West,Maharashtra,Nashik,Net Banking
ORD101755,2025-05-03,CUST1945,Kavya Singh,Laptop,Electronics,1,65000.0,65000.0,52000,13000.0,West,Maharashtra,Pune,Credit Card
ORD101756,2025-07-01,CUST1648,Rohan Iyer,Mouse,Accessories,2,1140.0,2280.0,1400,880.0,South,Telangana,Hyderabad,UPI
ORD101757,2025-04-03,CUST1730,Rahul Shah,Keyboard,Accessories,3,2200.0,6600.0,4200,2400.0,West,Gujarat,Ahmedabad,Cash on Delivery
ORD101758,2025-01-19,CUST1336,Aditya Yadav,Desk,Furniture,1,12000.0,12000.0,9000,3000.0,North,Punjab,Ludhiana,Credit Card
ORD101759,2025-03-14,CUST1176,Karan Nair,Laptop,Electronics,1,65000.0,65000.0,52000,13000.0,South,Kerala,Kochi,Net Banking
ORD101760,2025-07-01,CUST1305,Riya Deshmukh,Tablet,Electronics,1,24000.0,24000.0,19500,4500.0,North,Rajasthan,Jaipur,Cash on Delivery
ORD101761,2025-01-08,CUST1869,Neha Nair,Mouse,Accessories,2,1200.0,2400.0,1400,1000.0,South,Telangana,Hyderabad,Cash on Delivery
ORD101762,2025-06-05,CUST1186,Tanvi Mehta,Smartphone,Electronics,4,32000.0,128000.0,108000,20000.0,West,Maharashtra,Nashik,Cash on Delivery
ORD101763,2025-09-26,CUST1978,Pooja Deshmukh,Printer,Office Equipment,4,12500.0,50000.0,39200,10800.0,East,Odisha,Bhubaneswar,Cash on Delivery
ORD101764,2025-06-05,CUST1769,Vikram Singh,Monitor,Electronics,1,18000.0,18000.0,13500,4500.0,West,Gujarat,Surat,UPI
ORD101765,2025-08-13,CUST1709,Vikram Gupta,Office Chair,Furniture,1,9500.0,9500.0,7000,2500.0,North,Delhi,New Delhi,Debit Card
ORD101766,2025-06-07,CUST1616,Neha Iyer,Desk,Furniture,2,12000.0,24000.0,18000,6000.0,North,Haryana,Gurugram,Debit Card
ORD101767,2025-05-26,CUST1891,Meera Shah,Mouse,Accessories,1,1200.0,1200.0,700,500.0,West,Maharashtra,Pune,Debit Card
ORD101768,2025-10-29,CUST1725,Arjun Gupta,Monitor,Electronics,2,18000.0,36000.0,27000,9000.0,West,Maharashtra,Pune,Cash on Delivery
ORD101769,2025-10-28,CUST1170,Karan Reddy,Printer,Office Equipment,2,12500.0,25000.0,19600,5400.0,West,Gujarat,Surat,Net Banking
ORD101770,2025-07-18,CUST1481,Diya Nair,Desk,Furniture,2,12000.0,24000.0,18000,6000.0,South,Telangana,Hyderabad,Credit Card
ORD101771,2025-08-18,CUST1880,Nisha Patil,Webcam,Accessories,2,2800.0,5600.0,3400,2200.0,East,Assam,Guwahati,UPI
ORD101772,2025-09-28,CUST1167,Priya Mehta,Desk,Furniture,1,12000.0,12000.0,9000,3000.0,West,Maharashtra,Mumbai,Cash on Delivery
ORD101773,2025-07-16,CUST1031,Rahul Chaudhary,Laptop,Electronics,1,65000.0,65000.0,52000,13000.0,North,Delhi,New Delhi,Cash on Delivery
ORD101774,2025-10-10,CUST1065,Ananya Yadav,External SSD,Storage,2,8500.0,17000.0,12400,4600.0,West,Gujarat,Surat,Debit Card
ORD101775,2025-07-01,CUST1234,Ananya Chaudhary,Monitor,Electronics,3,18000.0,54000.0,40500,13500.0,West,Gujarat,Ahmedabad,Credit Card
ORD101776,2025-08-29,CUST1827,Aarav Joshi,Monitor,Electronics,3,18000.0,54000.0,40500,13500.0,South,Karnataka,Bengaluru,Credit Card
ORD101777,2025-05-22,CUST1252,Sneha Patil,External SSD,Storage,3,8500.0,25500.0,18600,6900.0,East,West Bengal,Kolkata,Credit Card
ORD101778,2025-09-07,CUST1126,Vikram Yadav,Monitor,Electronics,1,18900.0,18900.0,13500,5400.0,North,Rajasthan,Jaipur,Cash on Delivery
ORD101779,2025-04-15,CUST1862,Aditya Verma,Headphones,Accessories,1,3675.0,3675.0,2200,1475.0,North,Haryana,Gurugram,Credit Card
ORD101780,2025-01-29,CUST1420,Arjun Singh,External SSD,Storage,2,8500.0,17000.0,12400,4600.0,West,Maharashtra,Nashik,Net Banking
ORD101781,2025-06-10,CUST1543,Arjun Reddy,Headphones,Accessories,2,3325.0,6650.0,4400,2250.0,North,Haryana,Gurugram,Net Banking
ORD101782,2025-01-03,CUST1121,Pooja Kulkarni,Printer,Office Equipment,1,12500.0,12500.0,9800,2700.0,East,West Bengal,Kolkata,Net Banking
ORD101783,2025-04-22,CUST1058,Kavya Joshi,External SSD,Storage,1,8075.0,8075.0,6200,1875.0,North,Delhi,New Delhi,Debit Card
ORD101784,2025-10-16,CUST1916,Neha Sharma,Printer,Office Equipment,2,13125.0,26250.0,19600,6650.0,East,Assam,Guwahati,Debit Card
ORD101785,2025-09-04,CUST1635,Rahul Kulkarni,Monitor,Electronics,3,18000.0,54000.0,40500,13500.0,North,Punjab,Ludhiana,Cash on Delivery
ORD101786,2025-05-09,CUST1205,Meera Iyer,Headphones,Accessories,2,3500.0,7000.0,4400,2600.0,West,Maharashtra,Nashik,Debit Card
ORD101787,2025-02-13,CUST1755,Ananya Yadav,Headphones,Accessories,1,3500.0,3500.0,2200,1300.0,West,Maharashtra,Nashik,Net Banking
ORD101788,2025-07-31,CUST1458,Ishaan Singh,Smartphone,Electronics,4,32000.0,128000.0,108000,20000.0,South,Telangana,Hyderabad,Credit Card
ORD101789,2025-04-22,CUST1215,Aarav Verma,Laptop,Electronics,4,65000.0,260000.0,208000,52000.0,South,Karnataka,Bengaluru,Credit Card
ORD101790,2025-06-02,CUST1258,Meera Verma,Monitor,Electronics,1,18000.0,18000.0,13500,4500.0,West,Gujarat,Ahmedabad,Debit Card
ORD101791,2025-03-10,CUST1227,Sahil Sharma,Tablet,Electronics,3,24000.0,72000.0,58500,13500.0,West,Maharashtra,Pune,Net Banking
ORD101792,2025-05-23,CUST1625,Riya Patil,Laptop,Electronics,4,65000.0,260000.0,208000,52000.0,South,Andhra Pradesh,Vijayawada,Credit Card
ORD101793,2025-08-03,CUST1634,Ishaan Reddy,Office Chair,Furniture,1,9025.0,9025.0,7000,2025.0,North,Rajasthan,Jaipur,UPI
ORD101794,2025-05-24,CUST1100,Riya Singh,Smartphone,Electronics,2,32000.0,64000.0,54000,10000.0,South,Karnataka,Bengaluru,UPI
ORD101795,2025-10-01,CUST1197,Sneha Reddy,Monitor,Electronics,1,17100.0,17100.0,13500,3600.0,South,Andhra Pradesh,Vijayawada,Cash on Delivery
ORD101796,2025-02-02,CUST1572,Pooja Shah,Smartphone,Electronics,3,33600.0,100800.0,81000,19800.0,North,Uttar Pradesh,Noida,Cash on Delivery
ORD101797,2025-02-02,CUST1279,Rahul Kulkarni,Tablet,Electronics,2,24000.0,48000.0,39000,9000.0,South,Karnataka,Bengaluru,Net Banking
ORD101798,2025-09-19,CUST1819,Arjun Iyer,Printer,Office Equipment,3,12500.0,37500.0,29400,8100.0,East,Jharkhand,Ranchi,Debit Card
ORD101799,2025-08-22,CUST1233,Arjun Patil,Headphones,Accessories,3,3500.0,10500.0,6600,3900.0,North,Uttar Pradesh,Noida,UPI
ORD101800,2025-12-09,CUST1802,Meera Iyer,Desk,Furniture,1,12000.0,12000.0,9000,3000.0,South,Telangana,Hyderabad,UPI
ORD101801,2025-04-10,CUST1399,Ishaan Verma,Smartphone,Electronics,2,32000.0,64000.0,54000,10000.0,West,Goa,Panaji,Cash on Delivery
ORD101802,2025-04-28,CUST1832,Meera Yadav,Keyboard,Accessories,2,2200.0,4400.0,2800,1600.0,North,Rajasthan,Jaipur,Credit Card
ORD101803,2025-03-28,CUST1758,Tanvi Iyer,Desk,Furniture,2,12000.0,24000.0,18000,6000.0,West,Maharashtra,Mumbai,Cash on Delivery
ORD101804,2025-10-24,CUST1678,Aarav Nair,Printer,Office Equipment,3,13125.0,39375.0,29400,9975.0,South,Telangana,Hyderabad,Credit Card
ORD101805,2025-03-10,CUST1614,Aditya Reddy,Printer,Office Equipment,1,13125.0,13125.0,9800,3325.0,North,Punjab,Ludhiana,Cash on Delivery
ORD101806,2025-11-19,CUST1542,Tanvi Sharma,Keyboard,Accessories,2,2200.0,4400.0,2800,1600.0,West,Gujarat,Ahmedabad,Net Banking
ORD101807,2025-07-20,CUST1358,Priya Sharma,Laptop,Electronics,3,65000.0,195000.0,156000,39000.0,North,Rajasthan,Jaipur,Net Banking
ORD101808,2025-06-02,CUST1506,Rahul Nair,Headphones,Accessories,1,3500.0,3500.0,2200,1300.0,North,Haryana,Gurugram,Debit Card
ORD101809,2025-05-16,CUST1879,Diya Reddy,Printer,Office Equipment,1,12500.0,12500.0,9800,2700.0,West,Gujarat,Ahmedabad,UPI
ORD101810,2025-10-04,CUST1527,Diya Reddy,Headphones,Accessories,2,3500.0,7000.0,4400,2600.0,West,Maharashtra,Pune,UPI
ORD101811,2025-06-22,CUST1391,Pooja Gupta,Laptop,Electronics,1,65000.0,65000.0,52000,13000.0,West,Goa,Panaji,Debit Card
ORD101812,2025-05-10,CUST1812,Meera Joshi,Monitor,Electronics,1,18000.0,18000.0,13500,4500.0,East,West Bengal,Kolkata,Cash on Delivery
ORD101813,2025-01-30,CUST1596,Pooja Patil,Tablet,Electronics,2,24000.0,48000.0,39000,9000.0,West,Gujarat,Ahmedabad,UPI
ORD101814,2025-03-09,CUST1589,Ishaan Nair,Tablet,Electronics,1,24000.0,24000.0,19500,4500.0,West,Maharashtra,Nashik,Cash on Delivery
ORD101815,2025-02-15,CUST1368,Nisha Deshmukh,Laptop,Electronics,4,65000.0,260000.0,208000,52000.0,West,Gujarat,Surat,Debit Card
ORD101816,2025-11-26,CUST1708,Sneha Patil,Desk,Furniture,1,12000.0,12000.0,9000,3000.0,North,Delhi,New Delhi,Debit Card
ORD101817,2025-10-26,CUST1149,Pooja Reddy,Mouse,Accessories,1,1200.0,1200.0,700,500.0,West,Gujarat,Surat,Net Banking
ORD101818,2025-07-08,CUST1842,Sneha Chaudhary,Headphones,Accessories,4,3325.0,13300.0,8800,4500.0,West,Goa,Panaji,Debit Card
ORD101819,2025-01-23,CUST1100,Vikram Iyer,Webcam,Accessories,1,2800.0,2800.0,1700,1100.0,West,Maharashtra,Nashik,Net Banking
ORD101820,2025-10-05,CUST1721,Arjun Chaudhary,Tablet,Electronics,1,24000.0,24000.0,19500,4500.0,West,Maharashtra,Pune,UPI
ORD101821,2025-08-16,CUST1920,Priya Chaudhary,Laptop,Electronics,1,65000.0,65000.0,52000,13000.0,North,Haryana,Gurugram,Debit Card
ORD101822,2025-03-24,CUST1720,Ishaan Reddy,Webcam,Accessories,1,2800.0,2800.0,1700,1100.0,South,Telangana,Hyderabad,Debit Card
ORD101823,2025-03-14,CUST1058,Pooja Kulkarni,Headphones,Accessories,4,3325.0,13300.0,8800,4500.0,East,West Bengal,Kolkata,Net Banking
ORD101824,2025-07-03,CUST1575,Pooja Sharma,Office Chair,Furniture,3,9500.0,28500.0,21000,7500.0,South,Tamil Nadu,Chennai,Cash on Delivery
ORD101825,2025-10-20,CUST1906,Riya Singh,Monitor,Electronics,2,18000.0,36000.0,27000,9000.0,South,Telangana,Hyderabad,Cash on Delivery
ORD101826,2025-01-15,CUST1474,Neha Yadav,Tablet,Electronics,4,24000.0,96000.0,78000,18000.0,South,Kerala,Kochi,Cash on Delivery
ORD101827,2025-10-13,CUST1377,Meera Chaudhary,Printer,Office Equipment,5,12500.0,62500.0,49000,13500.0,North,Delhi,New Delhi,Credit Card
ORD101828,2025-02-28,CUST1608,Sahil Sharma,Smartphone,Electronics,1,33600.0,33600.0,27000,6600.0,North,Punjab,Ludhiana,UPI
ORD101829,2025-04-07,CUST1868,Rohan Sharma,Office Chair,Furniture,2,9025.0,18050.0,14000,4050.0,North,Punjab,Ludhiana,Cash on Delivery
ORD101830,2025-03-09,CUST1114,Tanvi Yadav,Tablet,Electronics,2,25200.0,50400.0,39000,11400.0,North,Delhi,New Delhi,Debit Card
ORD101831,2025-05-27,CUST1940,Ishaan Singh,Keyboard,Accessories,1,2310.0,2310.0,1400,910.0,East,West Bengal,Kolkata,Debit Card
ORD101832,2025-05-03,CUST1508,Karan Nair,Webcam,Accessories,2,2800.0,5600.0,3400,2200.0,West,Maharashtra,Nashik,UPI
ORD101833,2025-08-18,CUST1113,Aditya Mehta,Smartphone,Electronics,3,32000.0,96000.0,81000,15000.0,North,Punjab,Ludhiana,Debit Card
ORD101834,2025-09-23,CUST1938,Neha Verma,Headphones,Accessories,1,3500.0,3500.0,2200,1300.0,South,Tamil Nadu,Chennai,Debit Card
ORD101835,2025-07-18,CUST1200,Neha Verma,Tablet,Electronics,3,24000.0,72000.0,58500,13500.0,East,Jharkhand,Ranchi,Net Banking
ORD101836,2025-11-28,CUST1367,Rohan Verma,Office Chair,Furniture,5,9025.0,45125.0,35000,10125.0,South,Telangana,Hyderabad,Net Banking
ORD101837,2025-05-19,CUST1240,Meera Deshmukh,Webcam,Accessories,3,2660.0,7980.0,5100,2880.0,East,Odisha,Bhubaneswar,Credit Card
ORD101838,2025-06-03,CUST1145,Sneha Verma,Mouse,Accessories,1,1260.0,1260.0,700,560.0,South,Tamil Nadu,Chennai,UPI
ORD101839,2025-09-08,CUST1398,Sahil Deshmukh,External SSD,Storage,3,8500.0,25500.0,18600,6900.0,North,Rajasthan,Jaipur,Debit Card
ORD101840,2025-03-29,CUST1685,Aarav Singh,Tablet,Electronics,3,24000.0,72000.0,58500,13500.0,West,Maharashtra,Pune,Credit Card
ORD101841,2025-06-24,CUST1950,Ananya Deshmukh,Monitor,Electronics,5,18000.0,90000.0,67500,22500.0,South,Karnataka,Bengaluru,Credit Card
ORD101842,2025-11-10,CUST1050,Ananya Sharma,Laptop,Electronics,1,65000.0,65000.0,52000,13000.0,South,Tamil Nadu,Chennai,Cash on Delivery
ORD101843,2025-03-21,CUST1941,Vikram Nair,Desk,Furniture,1,12000.0,12000.0,9000,3000.0,North,Delhi,New Delhi,Debit Card
ORD101844,2025-09-24,CUST1478,Neha Patil,Tablet,Electronics,2,24000.0,48000.0,39000,9000.0,South,Karnataka,Bengaluru,Net Banking
ORD101845,2025-08-14,CUST1693,Sahil Reddy,Keyboard,Accessories,1,2200.0,2200.0,1400,800.0,West,Maharashtra,Mumbai,Cash on Delivery
ORD101846,2025-05-01,CUST1876,Nisha Joshi,Mouse,Accessories,1,1200.0,1200.0,700,500.0,South,Karnataka,Bengaluru,UPI
ORD101847,2025-02-24,CUST1880,Vikram Reddy,Keyboard,Accessories,1,2200.0,2200.0,1400,800.0,East,West Bengal,Kolkata,Debit Card
ORD101848,2025-11-13,CUST1239,Aditya Gupta,Keyboard,Accessories,1,2200.0,2200.0,1400,800.0,South,Kerala,Kochi,Net Banking
ORD101849,2025-09-25,CUST1306,Ananya Joshi,Monitor,Electronics,1,18000.0,18000.0,13500,4500.0,North,Punjab,Ludhiana,Net Banking
ORD101850,2025-11-06,CUST1746,Priya Gupta,Headphones,Accessories,4,3500.0,14000.0,8800,5200.0,West,Maharashtra,Nashik,UPI
ORD101851,2025-04-11,CUST1632,Diya Shah,Keyboard,Accessories,3,2200.0,6600.0,4200,2400.0,East,Bihar,Patna,Credit Card
ORD101852,2025-06-17,CUST1951,Karan Verma,Monitor,Electronics,1,17100.0,17100.0,13500,3600.0,South,Tamil Nadu,Chennai,Cash on Delivery
ORD101853,2025-10-23,CUST1214,Neha Verma,Office Chair,Furniture,4,9975.0,39900.0,28000,11900.0,South,Karnataka,Bengaluru,Debit Card
ORD101854,2025-02-09,CUST1408,Ananya Yadav,Mouse,Accessories,2,1200.0,2400.0,1400,1000.0,South,Kerala,Kochi,Cash on Delivery
ORD101855,2025-05-02,CUST1646,Karan Patil,Mouse,Accessories,2,1200.0,2400.0,1400,1000.0,South,Kerala,Kochi,Debit Card
ORD101856,2025-01-29,CUST1500,Rohan Singh,Headphones,Accessories,1,3500.0,3500.0,2200,1300.0,North,Delhi,New Delhi,Cash on Delivery
ORD101857,2025-03-30,CUST1135,Pooja Mehta,Headphones,Accessories,1,3500.0,3500.0,2200,1300.0,South,Karnataka,Bengaluru,Cash on Delivery
ORD101858,2025-08-04,CUST1524,Pooja Chaudhary,Office Chair,Furniture,1,9025.0,9025.0,7000,2025.0,West,Gujarat,Surat,Cash on Delivery
ORD101859,2025-06-25,CUST1747,Neha Patil,Tablet,Electronics,1,24000.0,24000.0,19500,4500.0,East,Jharkhand,Ranchi,Debit Card
ORD101860,2025-06-19,CUST1384,Arjun Iyer,Desk,Furniture,3,12000.0,36000.0,27000,9000.0,South,Karnataka,Bengaluru,Cash on Delivery
ORD101861,2025-06-26,CUST1032,Tanvi Iyer,Webcam,Accessories,2,2800.0,5600.0,3400,2200.0,North,Haryana,Gurugram,Cash on Delivery
ORD101862,2025-03-23,CUST1366,Neha Gupta,Laptop,Electronics,1,65000.0,65000.0,52000,13000.0,North,Uttar Pradesh,Noida,Cash on Delivery
ORD101863,2025-06-06,CUST1133,Priya Joshi,Webcam,Accessories,1,2660.0,2660.0,1700,960.0,North,Delhi,New Delhi,Cash on Delivery
ORD101864,2025-07-07,CUST1454,Rahul Yadav,Desk,Furniture,3,12600.0,37800.0,27000,10800.0,West,Goa,Panaji,Credit Card
ORD101865,2025-06-29,CUST1736,Karan Patil,Keyboard,Accessories,3,2200.0,6600.0,4200,2400.0,North,Haryana,Gurugram,Debit Card
ORD101866,2025-10-29,CUST1597,Diya Kulkarni,Headphones,Accessories,2,3500.0,7000.0,4400,2600.0,North,Rajasthan,Jaipur,Net Banking
ORD101867,2025-10-31,CUST1484,Pooja Reddy,Webcam,Accessories,2,2800.0,5600.0,3400,2200.0,West,Maharashtra,Nashik,Credit Card
ORD101868,2025-01-07,CUST1318,Meera Sharma,Tablet,Electronics,2,22800.0,45600.0,39000,6600.0,West,Maharashtra,Pune,Debit Card
ORD101869,2025-07-15,CUST1706,Nisha Gupta,Laptop,Electronics,3,65000.0,195000.0,156000,39000.0,South,Karnataka,Bengaluru,Credit Card
ORD101870,2025-02-13,CUST1779,Diya Yadav,External SSD,Storage,4,8925.0,35700.0,24800,10900.0,North,Punjab,Ludhiana,UPI
ORD101871,2025-09-01,CUST1853,Riya Shah,Headphones,Accessories,1,3500.0,3500.0,2200,1300.0,North,Uttar Pradesh,Noida,Cash on Delivery
ORD101872,2025-05-17,CUST1418,Sneha Sharma,Smartphone,Electronics,2,32000.0,64000.0,54000,10000.0,West,Goa,Panaji,Cash on Delivery
ORD101873,2025-09-12,CUST1560,Tanvi Reddy,Headphones,Accessories,1,3500.0,3500.0,2200,1300.0,West,Gujarat,Surat,Credit Card
ORD101874,2025-04-19,CUST1290,Arjun Sharma,Keyboard,Accessories,2,2200.0,4400.0,2800,1600.0,North,Punjab,Ludhiana,UPI
ORD101875,2025-06-01,CUST1633,Ishaan Kulkarni,External SSD,Storage,1,8500.0,8500.0,6200,2300.0,West,Maharashtra,Mumbai,Cash on Delivery
ORD101876,2025-03-12,CUST1396,Aditya Patil,Tablet,Electronics,3,24000.0,72000.0,58500,13500.0,West,Maharashtra,Mumbai,UPI
ORD101877,2025-08-27,CUST1934,Arjun Nair,Tablet,Electronics,1,25200.0,25200.0,19500,5700.0,North,Delhi,New Delhi,Net Banking
ORD101878,2025-05-19,CUST1958,Sneha Chaudhary,Webcam,Accessories,1,2800.0,2800.0,1700,1100.0,West,Maharashtra,Pune,Credit Card
ORD101879,2025-05-12,CUST1441,Ishaan Patil,Headphones,Accessories,1,3500.0,3500.0,2200,1300.0,South,Karnataka,Bengaluru,Debit Card
ORD101880,2025-11-17,CUST1443,Sahil Patil,Tablet,Electronics,2,24000.0,48000.0,39000,9000.0,South,Kerala,Kochi,Cash on Delivery
ORD101881,2025-02-28,CUST1401,Neha Iyer,Tablet,Electronics,1,24000.0,24000.0,19500,4500.0,East,Bihar,Patna,Credit Card
ORD101882,2025-11-24,CUST1140,Vikram Shah,Desk,Furniture,1,12000.0,12000.0,9000,3000.0,South,Kerala,Kochi,Cash on Delivery
ORD101883,2025-11-11,CUST1190,Aarav Kulkarni,Keyboard,Accessories,3,2200.0,6600.0,4200,2400.0,West,Gujarat,Surat,Cash on Delivery
ORD101884,2025-11-28,CUST1694,Sneha Joshi,Laptop,Electronics,3,65000.0,195000.0,156000,39000.0,West,Goa,Panaji,Cash on Delivery
ORD101885,2025-08-02,CUST1112,Aditya Verma,Smartphone,Electronics,1,32000.0,32000.0,27000,5000.0,East,Bihar,Patna,Credit Card
ORD101886,2025-05-30,CUST1713,Diya Iyer,Webcam,Accessories,2,2800.0,5600.0,3400,2200.0,West,Gujarat,Surat,Net Banking
ORD101887,2025-11-17,CUST1649,Rohan Mehta,Tablet,Electronics,2,24000.0,48000.0,39000,9000.0,South,Tamil Nadu,Chennai,Debit Card
ORD101888,2025-03-24,CUST1774,Aarav Gupta,External SSD,Storage,1,8500.0,8500.0,6200,2300.0,West,Goa,Panaji,Credit Card
ORD101889,2025-11-10,CUST1464,Rahul Patil,Monitor,Electronics,1,18000.0,18000.0,13500,4500.0,East,Jharkhand,Ranchi,Credit Card
ORD101890,2025-05-22,CUST1714,Riya Kulkarni,Mouse,Accessories,1,1200.0,1200.0,700,500.0,North,Haryana,Gurugram,Debit Card
ORD101891,2025-11-23,CUST1062,Tanvi Verma,Webcam,Accessories,3,2940.0,8820.0,5100,3720.0,South,Tamil Nadu,Chennai,Net Banking
ORD101892,2025-02-15,CUST1306,Kavya Deshmukh,Keyboard,Accessories,1,2200.0,2200.0,1400,800.0,South,Andhra Pradesh,Vijayawada,Credit Card
ORD101893,2025-03-03,CUST1953,Aarav Sharma,External SSD,Storage,1,8500.0,8500.0,6200,2300.0,West,Goa,Panaji,Net Banking
ORD101894,2025-07-21,CUST1456,Sneha Shah,Laptop,Electronics,1,65000.0,65000.0,52000,13000.0,North,Uttar Pradesh,Noida,Credit Card
ORD101895,2025-02-17,CUST1541,Diya Iyer,Tablet,Electronics,3,24000.0,72000.0,58500,13500.0,West,Maharashtra,Pune,Credit Card
ORD101896,2025-04-04,CUST1930,Rahul Deshmukh,Monitor,Electronics,1,18000.0,18000.0,13500,4500.0,West,Gujarat,Surat,Credit Card
ORD101897,2025-03-10,CUST1622,Kavya Deshmukh,Headphones,Accessories,1,3500.0,3500.0,2200,1300.0,West,Gujarat,Surat,Credit Card
ORD101898,2025-02-13,CUST1132,Rahul Mehta,Webcam,Accessories,1,2800.0,2800.0,1700,1100.0,North,Delhi,New Delhi,Debit Card
ORD101899,2025-02-25,CUST1158,Pooja Singh,Tablet,Electronics,1,25200.0,25200.0,19500,5700.0,East,Bihar,Patna,UPI
ORD101900,2025-12-23,CUST1377,Priya Mehta,Tablet,Electronics,3,24000.0,72000.0,58500,13500.0,North,Uttar Pradesh,Noida,Cash on Delivery
ORD101901,2025-11-30,CUST1141,Kavya Verma,Laptop,Electronics,1,68250.0,68250.0,52000,16250.0,East,Bihar,Patna,Cash on Delivery
ORD101902,2025-02-15,CUST1729,Kavya Yadav,Monitor,Electronics,3,18000.0,54000.0,40500,13500.0,West,Gujarat,Surat,UPI
ORD101903,2025-06-14,CUST1371,Nisha Verma,External SSD,Storage,1,8500.0,8500.0,6200,2300.0,South,Karnataka,Bengaluru,UPI
ORD101904,2025-03-03,CUST1849,Sneha Mehta,Printer,Office Equipment,1,13125.0,13125.0,9800,3325.0,North,Punjab,Ludhiana,Debit Card
ORD101905,2025-01-21,CUST1964,Riya Deshmukh,Headphones,Accessories,1,3500.0,3500.0,2200,1300.0,West,Maharashtra,Pune,Debit Card
ORD101906,2025-11-11,CUST1961,Ishaan Verma,Printer,Office Equipment,2,13125.0,26250.0,19600,6650.0,West,Maharashtra,Mumbai,Net Banking
ORD101907,2025-08-04,CUST1016,Sneha Chaudhary,Monitor,Electronics,1,18000.0,18000.0,13500,4500.0,West,Maharashtra,Pune,Net Banking
ORD101908,2025-01-28,CUST1300,Sneha Deshmukh,Webcam,Accessories,1,2940.0,2940.0,1700,1240.0,North,Punjab,Ludhiana,Credit Card
ORD101909,2025-02-18,CUST1950,Priya Joshi,Keyboard,Accessories,1,2090.0,2090.0,1400,690.0,West,Gujarat,Ahmedabad,Net Banking
ORD101910,2025-01-02,CUST1354,Karan Sharma,Mouse,Accessories,3,1200.0,3600.0,2100,1500.0,North,Haryana,Gurugram,Cash on Delivery
ORD101911,2025-07-14,CUST1506,Riya Iyer,Smartphone,Electronics,2,32000.0,64000.0,54000,10000.0,West,Gujarat,Ahmedabad,Debit Card
ORD101912,2025-11-06,CUST1225,Diya Patil,Monitor,Electronics,2,18000.0,36000.0,27000,9000.0,West,Maharashtra,Pune,Cash on Delivery
ORD101913,2025-02-10,CUST1469,Pooja Patil,Headphones,Accessories,1,3500.0,3500.0,2200,1300.0,West,Maharashtra,Nashik,Debit Card
ORD101914,2025-10-05,CUST1680,Karan Verma,Webcam,Accessories,2,2800.0,5600.0,3400,2200.0,South,Andhra Pradesh,Vijayawada,Cash on Delivery
ORD101915,2025-01-19,CUST1158,Karan Deshmukh,Headphones,Accessories,1,3675.0,3675.0,2200,1475.0,South,Telangana,Hyderabad,Net Banking
ORD101916,2025-07-30,CUST1808,Kavya Sharma,Smartphone,Electronics,1,32000.0,32000.0,27000,5000.0,West,Gujarat,Surat,Cash on Delivery
ORD101917,2025-05-23,CUST1393,Arjun Gupta,Mouse,Accessories,2,1140.0,2280.0,1400,880.0,North,Haryana,Gurugram,Credit Card
ORD101918,2025-12-18,CUST1525,Neha Reddy,Office Chair,Furniture,4,9975.0,39900.0,28000,11900.0,North,Uttar Pradesh,Noida,Debit Card
ORD101919,2025-08-02,CUST1060,Rohan Yadav,External SSD,Storage,2,8925.0,17850.0,12400,5450.0,North,Haryana,Gurugram,Net Banking
ORD101920,2025-12-06,CUST1757,Ishaan Reddy,Laptop,Electronics,1,65000.0,65000.0,52000,13000.0,West,Maharashtra,Mumbai,Credit Card
ORD101921,2025-11-16,CUST1401,Aarav Joshi,Smartphone,Electronics,1,32000.0,32000.0,27000,5000.0,South,Andhra Pradesh,Vijayawada,Net Banking
ORD101922,2025-07-21,CUST1957,Arjun Joshi,Printer,Office Equipment,1,12500.0,12500.0,9800,2700.0,North,Rajasthan,Jaipur,Net Banking
ORD101923,2025-05-26,CUST1670,Sneha Verma,Desk,Furniture,4,12000.0,48000.0,36000,12000.0,West,Maharashtra,Pune,Net Banking
ORD101924,2025-01-20,CUST1144,Aarav Iyer,Headphones,Accessories,1,3500.0,3500.0,2200,1300.0,South,Kerala,Kochi,UPI
ORD101925,2025-03-09,CUST1249,Arjun Reddy,Laptop,Electronics,1,65000.0,65000.0,52000,13000.0,North,Rajasthan,Jaipur,Cash on Delivery
ORD101926,2025-05-20,CUST1434,Rohan Reddy,Headphones,Accessories,1,3500.0,3500.0,2200,1300.0,East,Assam,Guwahati,Debit Card
ORD101927,2025-05-02,CUST1427,Diya Sharma,External SSD,Storage,3,8500.0,25500.0,18600,6900.0,South,Andhra Pradesh,Vijayawada,Cash on Delivery
ORD101928,2025-08-24,CUST1909,Aditya Mehta,Mouse,Accessories,1,1200.0,1200.0,700,500.0,East,West Bengal,Kolkata,Cash on Delivery
ORD101929,2025-03-17,CUST1481,Riya Gupta,Webcam,Accessories,1,2800.0,2800.0,1700,1100.0,West,Goa,Panaji,UPI
ORD101930,2025-01-01,CUST1046,Riya Sharma,Desk,Furniture,2,12000.0,24000.0,18000,6000.0,South,Karnataka,Bengaluru,Cash on Delivery
ORD101931,2025-12-22,CUST1356,Sneha Nair,Desk,Furniture,1,12000.0,12000.0,9000,3000.0,North,Haryana,Gurugram,Debit Card
ORD101932,2025-02-02,CUST1433,Aarav Joshi,Smartphone,Electronics,1,32000.0,32000.0,27000,5000.0,West,Maharashtra,Nashik,Debit Card
ORD101933,2025-01-23,CUST1753,Karan Shah,Keyboard,Accessories,1,2090.0,2090.0,1400,690.0,East,Jharkhand,Ranchi,UPI
ORD101934,2025-02-09,CUST1436,Nisha Chaudhary,Printer,Office Equipment,1,13125.0,13125.0,9800,3325.0,South,Andhra Pradesh,Vijayawada,UPI
ORD101935,2025-07-15,CUST1731,Riya Verma,Office Chair,Furniture,1,9500.0,9500.0,7000,2500.0,South,Telangana,Hyderabad,Credit Card
ORD101936,2025-11-07,CUST1770,Riya Verma,Smartphone,Electronics,1,32000.0,32000.0,27000,5000.0,East,West Bengal,Kolkata,Debit Card
ORD101937,2025-05-15,CUST1769,Kavya Patil,Keyboard,Accessories,1,2200.0,2200.0,1400,800.0,West,Gujarat,Surat,Net Banking
ORD101938,2025-09-21,CUST1868,Tanvi Verma,Desk,Furniture,3,11400.0,34200.0,27000,7200.0,North,Uttar Pradesh,Noida,Credit Card
ORD101939,2025-03-29,CUST1115,Aarav Chaudhary,Mouse,Accessories,3,1200.0,3600.0,2100,1500.0,West,Maharashtra,Nashik,Cash on Delivery
ORD101940,2025-07-15,CUST1929,Neha Sharma,Headphones,Accessories,2,3500.0,7000.0,4400,2600.0,West,Maharashtra,Mumbai,Net Banking
ORD101941,2025-02-03,CUST1036,Tanvi Deshmukh,Smartphone,Electronics,1,33600.0,33600.0,27000,6600.0,West,Gujarat,Ahmedabad,Credit Card
ORD101942,2025-11-20,CUST1852,Priya Reddy,Printer,Office Equipment,1,12500.0,12500.0,9800,2700.0,North,Delhi,New Delhi,Net Banking
ORD101943,2025-05-13,CUST1032,Vikram Shah,Webcam,Accessories,1,2800.0,2800.0,1700,1100.0,North,Haryana,Gurugram,Debit Card
ORD101944,2025-11-16,CUST1450,Ananya Nair,Smartphone,Electronics,2,32000.0,64000.0,54000,10000.0,North,Punjab,Ludhiana,Net Banking
ORD101945,2025-03-27,CUST1942,Ananya Yadav,Smartphone,Electronics,3,32000.0,96000.0,81000,15000.0,North,Punjab,Ludhiana,Cash on Delivery
ORD101946,2025-07-22,CUST1358,Sneha Mehta,External SSD,Storage,3,8075.0,24225.0,18600,5625.0,North,Rajasthan,Jaipur,Net Banking
ORD101947,2025-07-19,CUST1161,Kavya Deshmukh,Office Chair,Furniture,2,9975.0,19950.0,14000,5950.0,South,Karnataka,Bengaluru,UPI
ORD101948,2025-04-21,CUST1277,Sneha Chaudhary,Tablet,Electronics,1,24000.0,24000.0,19500,4500.0,East,Odisha,Bhubaneswar,Debit Card
ORD101949,2025-10-31,CUST1985,Karan Reddy,Office Chair,Furniture,2,9975.0,19950.0,14000,5950.0,East,Odisha,Bhubaneswar,Debit Card
ORD101950,2025-12-01,CUST1169,Diya Chaudhary,Tablet,Electronics,1,22800.0,22800.0,19500,3300.0,East,Assam,Guwahati,Credit Card
ORD101951,2025-07-02,CUST1737,Aarav Sharma,Laptop,Electronics,2,65000.0,130000.0,104000,26000.0,North,Punjab,Ludhiana,Cash on Delivery
ORD101952,2025-12-21,CUST1018,Aditya Nair,Headphones,Accessories,2,3500.0,7000.0,4400,2600.0,West,Goa,Panaji,Cash on Delivery
ORD101953,2025-06-13,CUST1479,Pooja Singh,Keyboard,Accessories,3,2200.0,6600.0,4200,2400.0,West,Gujarat,Ahmedabad,Net Banking
ORD101954,2025-08-03,CUST1239,Priya Joshi,Tablet,Electronics,2,24000.0,48000.0,39000,9000.0,South,Telangana,Hyderabad,Net Banking
ORD101955,2025-03-21,CUST1066,Neha Sharma,Tablet,Electronics,3,24000.0,72000.0,58500,13500.0,West,Gujarat,Ahmedabad,Cash on Delivery
ORD101956,2025-11-09,CUST1111,Riya Chaudhary,Monitor,Electronics,5,17100.0,85500.0,67500,18000.0,West,Maharashtra,Nashik,UPI
ORD101957,2025-06-08,CUST1359,Arjun Patil,Keyboard,Accessories,1,2200.0,2200.0,1400,800.0,South,Andhra Pradesh,Vijayawada,Cash on Delivery
ORD101958,2025-03-17,CUST1857,Ananya Singh,Desk,Furniture,3,12000.0,36000.0,27000,9000.0,West,Maharashtra,Pune,Cash on Delivery
ORD101959,2025-01-31,CUST1906,Tanvi Kulkarni,Desk,Furniture,3,12000.0,36000.0,27000,9000.0,North,Punjab,Ludhiana,Net Banking
ORD101960,2025-01-24,CUST1602,Neha Deshmukh,Office Chair,Furniture,2,9500.0,19000.0,14000,5000.0,North,Rajasthan,Jaipur,Net Banking
ORD101961,2025-02-12,CUST1291,Pooja Deshmukh,External SSD,Storage,1,8500.0,8500.0,6200,2300.0,West,Goa,Panaji,Cash on Delivery
ORD101962,2025-01-16,CUST1070,Sneha Singh,Mouse,Accessories,5,1260.0,6300.0,3500,2800.0,North,Uttar Pradesh,Noida,Cash on Delivery
ORD101963,2025-03-04,CUST1679,Vikram Reddy,Headphones,Accessories,3,3675.0,11025.0,6600,4425.0,East,Odisha,Bhubaneswar,Cash on Delivery
ORD101964,2025-08-03,CUST1309,Ananya Chaudhary,Mouse,Accessories,1,1200.0,1200.0,700,500.0,South,Karnataka,Bengaluru,Cash on Delivery
ORD101965,2025-09-16,CUST1282,Nisha Singh,Laptop,Electronics,2,65000.0,130000.0,104000,26000.0,South,Telangana,Hyderabad,Net Banking
ORD101966,2025-09-27,CUST1926,Rohan Singh,Headphones,Accessories,3,3675.0,11025.0,6600,4425.0,South,Kerala,Kochi,Debit Card
ORD101967,2025-06-01,CUST1098,Riya Chaudhary,External SSD,Storage,1,8925.0,8925.0,6200,2725.0,South,Telangana,Hyderabad,UPI
ORD101968,2025-04-17,CUST1477,Aditya Iyer,External SSD,Storage,1,8925.0,8925.0,6200,2725.0,West,Gujarat,Ahmedabad,Debit Card
ORD101969,2025-10-04,CUST1257,Neha Kulkarni,Desk,Furniture,2,12000.0,24000.0,18000,6000.0,North,Rajasthan,Jaipur,Net Banking
ORD101970,2025-06-24,CUST1623,Diya Nair,Laptop,Electronics,2,61750.0,123500.0,104000,19500.0,South,Kerala,Kochi,Debit Card
ORD101971,2025-08-28,CUST1965,Neha Gupta,Printer,Office Equipment,1,12500.0,12500.0,9800,2700.0,West,Gujarat,Ahmedabad,Credit Card
ORD101972,2025-12-29,CUST1830,Ananya Iyer,Office Chair,Furniture,1,9500.0,9500.0,7000,2500.0,East,Odisha,Bhubaneswar,Credit Card
ORD101973,2025-01-07,CUST1412,Riya Singh,Laptop,Electronics,1,65000.0,65000.0,52000,13000.0,West,Gujarat,Ahmedabad,UPI
ORD101974,2025-04-12,CUST1391,Ishaan Yadav,Mouse,Accessories,3,1200.0,3600.0,2100,1500.0,North,Uttar Pradesh,Noida,UPI
ORD101975,2025-07-13,CUST1958,Neha Chaudhary,External SSD,Storage,2,8500.0,17000.0,12400,4600.0,East,Odisha,Bhubaneswar,UPI
ORD101976,2025-05-22,CUST1471,Ishaan Verma,Keyboard,Accessories,1,2200.0,2200.0,1400,800.0,West,Gujarat,Surat,Cash on Delivery
ORD101977,2025-05-21,CUST1038,Aarav Mehta,Tablet,Electronics,1,24000.0,24000.0,19500,4500.0,West,Maharashtra,Mumbai,Credit Card
ORD101978,2025-10-19,CUST1252,Tanvi Iyer,External SSD,Storage,1,8500.0,8500.0,6200,2300.0,South,Karnataka,Bengaluru,UPI
ORD101979,2025-01-29,CUST1616,Tanvi Verma,Laptop,Electronics,3,65000.0,195000.0,156000,39000.0,South,Karnataka,Bengaluru,Debit Card
ORD101980,2025-11-19,CUST1997,Rahul Verma,Monitor,Electronics,1,18000.0,18000.0,13500,4500.0,South,Andhra Pradesh,Vijayawada,Net Banking
ORD101981,2025-11-01,CUST1715,Priya Singh,Mouse,Accessories,1,1140.0,1140.0,700,440.0,South,Karnataka,Bengaluru,Debit Card
ORD101982,2025-06-24,CUST1786,Meera Mehta,External SSD,Storage,2,8500.0,17000.0,12400,4600.0,West,Gujarat,Surat,Net Banking
ORD101983,2025-03-16,CUST1258,Ananya Sharma,Desk,Furniture,2,12000.0,24000.0,18000,6000.0,North,Delhi,New Delhi,Credit Card
ORD101984,2025-09-03,CUST1027,Riya Chaudhary,Smartphone,Electronics,1,32000.0,32000.0,27000,5000.0,East,West Bengal,Kolkata,UPI
ORD101985,2025-02-19,CUST1554,Ishaan Singh,Office Chair,Furniture,1,9025.0,9025.0,7000,2025.0,East,Bihar,Patna,Credit Card
ORD101986,2025-03-17,CUST1059,Rohan Patil,Webcam,Accessories,1,2660.0,2660.0,1700,960.0,South,Telangana,Hyderabad,Net Banking
ORD101987,2025-11-29,CUST1983,Ananya Chaudhary,Tablet,Electronics,1,24000.0,24000.0,19500,4500.0,South,Telangana,Hyderabad,UPI
ORD101988,2025-02-26,CUST1080,Pooja Kulkarni,Headphones,Accessories,1,3500.0,3500.0,2200,1300.0,North,Delhi,New Delhi,Net Banking
ORD101989,2025-07-13,CUST1852,Ananya Mehta,External SSD,Storage,1,8500.0,8500.0,6200,2300.0,South,Andhra Pradesh,Vijayawada,Debit Card
ORD101990,2025-11-24,CUST1786,Kavya Iyer,Tablet,Electronics,2,24000.0,48000.0,39000,9000.0,West,Maharashtra,Pune,UPI
ORD101991,2025-10-30,CUST1953,Rohan Deshmukh,Office Chair,Furniture,1,9500.0,9500.0,7000,2500.0,East,Jharkhand,Ranchi,Cash on Delivery
ORD101992,2025-09-23,CUST1629,Diya Gupta,Office Chair,Furniture,2,9975.0,19950.0,14000,5950.0,East,Odisha,Bhubaneswar,Credit Card
ORD101993,2025-11-11,CUST1348,Sahil Chaudhary,Webcam,Accessories,2,2660.0,5320.0,3400,1920.0,South,Telangana,Hyderabad,Cash on Delivery
ORD101994,2025-07-10,CUST1106,Aditya Kulkarni,Printer,Office Equipment,1,11875.0,11875.0,9800,2075.0,North,Delhi,New Delhi,UPI
ORD101995,2025-04-29,CUST1574,Sahil Yadav,External SSD,Storage,2,8500.0,17000.0,12400,4600.0,West,Maharashtra,Nashik,Cash on Delivery
ORD101996,2025-03-08,CUST1057,Karan Iyer,Tablet,Electronics,1,22800.0,22800.0,19500,3300.0,West,Gujarat,Surat,Credit Card
ORD101997,2025-03-29,CUST1118,Riya Singh,Laptop,Electronics,1,65000.0,65000.0,52000,13000.0,South,Telangana,Hyderabad,UPI
ORD101998,2025-10-19,CUST1217,Meera Mehta,Smartphone,Electronics,1,32000.0,32000.0,27000,5000.0,East,West Bengal,Kolkata,Cash on Delivery
ORD101999,2025-05-25,CUST1995,Nisha Reddy,Monitor,Electronics,5,18000.0,90000.0,67500,22500.0,East,West Bengal,Kolkata,Net Banking
ORD102000,2025-07-20,CUST1944,Kavya Yadav,Headphones,Accessories,5,3500.0,17500.0,11000,6500.0,South,Tamil Nadu,Chennai,Net Banking
ORD102001,2025-10-05,CUST1632,Kavya Chaudhary,Headphones,Accessories,1,3500.0,3500.0,2200,1300.0,West,Goa,Panaji,Credit Card
ORD102002,2025-09-22,CUST1265,Aarav Nair,Tablet,Electronics,2,24000.0,48000.0,39000,9000.0,West,Goa,Panaji,Credit Card
ORD102003,2025-02-12,CUST1956,Rahul Sharma,Tablet,Electronics,3,25200.0,75600.0,58500,17100.0,West,Gujarat,Surat,Cash on Delivery
ORD102004,2025-06-23,CUST1263,Aditya Joshi,Laptop,Electronics,1,65000.0,65000.0,52000,13000.0,East,Jharkhand,Ranchi,UPI
ORD102005,2025-06-09,CUST1166,Tanvi Nair,Webcam,Accessories,2,2800.0,5600.0,3400,2200.0,North,Haryana,Gurugram,Cash on Delivery
ORD102006,2025-11-30,CUST1924,Pooja Singh,Keyboard,Accessories,4,2200.0,8800.0,5600,3200.0,West,Maharashtra,Mumbai,Net Banking
ORD102007,2025-04-07,CUST1727,Sneha Chaudhary,Desk,Furniture,1,12000.0,12000.0,9000,3000.0,West,Maharashtra,Pune,Cash on Delivery
ORD102008,2025-09-06,CUST1910,Aditya Verma,Monitor,Electronics,1,18000.0,18000.0,13500,4500.0,North,Delhi,New Delhi,Cash on Delivery
ORD102009,2025-09-07,CUST1514,Priya Shah,Printer,Office Equipment,1,12500.0,12500.0,9800,2700.0,West,Maharashtra,Nashik,Debit Card
ORD102010,2025-04-05,CUST1434,Meera Kulkarni,Office Chair,Furniture,1,9500.0,9500.0,7000,2500.0,West,Gujarat,Surat,Cash on Delivery
ORD102011,2025-03-11,CUST1169,Nisha Chaudhary,Printer,Office Equipment,2,12500.0,25000.0,19600,5400.0,North,Uttar Pradesh,Noida,Credit Card
ORD102012,2025-04-02,CUST1698,Pooja Singh,Laptop,Electronics,2,68250.0,136500.0,104000,32500.0,North,Punjab,Ludhiana,Net Banking
ORD102013,2025-12-31,CUST1378,Sneha Shah,Office Chair,Furniture,3,9500.0,28500.0,21000,7500.0,South,Andhra Pradesh,Vijayawada,Debit Card
ORD102014,2025-09-27,CUST1805,Diya Verma,External SSD,Storage,1,8500.0,8500.0,6200,2300.0,North,Rajasthan,Jaipur,Net Banking
ORD102015,2025-07-07,CUST1425,Priya Gupta,External SSD,Storage,3,8500.0,25500.0,18600,6900.0,North,Punjab,Ludhiana,Credit Card
ORD102016,2025-11-17,CUST1867,Rohan Singh,Laptop,Electronics,3,65000.0,195000.0,156000,39000.0,East,West Bengal,Kolkata,Cash on Delivery
ORD102017,2025-12-30,CUST1516,Diya Deshmukh,Laptop,Electronics,2,65000.0,130000.0,104000,26000.0,South,Tamil Nadu,Chennai,Cash on Delivery
ORD102018,2025-04-26,CUST1688,Nisha Singh,Laptop,Electronics,1,65000.0,65000.0,52000,13000.0,North,Rajasthan,Jaipur,Net Banking
ORD102019,2025-12-03,CUST1446,Neha Chaudhary,Monitor,Electronics,4,18000.0,72000.0,54000,18000.0,South,Tamil Nadu,Chennai,UPI
ORD102020,2025-03-24,CUST1152,Rahul Joshi,Printer,Office Equipment,1,12500.0,12500.0,9800,2700.0,North,Punjab,Ludhiana,Debit Card
ORD102021,2025-12-03,CUST1035,Neha Kulkarni,Desk,Furniture,4,12000.0,48000.0,36000,12000.0,South,Andhra Pradesh,Vijayawada,Debit Card
ORD102022,2025-02-24,CUST1054,Nisha Shah,Monitor,Electronics,1,18000.0,18000.0,13500,4500.0,North,Haryana,Gurugram,UPI
ORD102023,2025-09-16,CUST1146,Priya Chaudhary,Headphones,Accessories,1,3675.0,3675.0,2200,1475.0,West,Maharashtra,Mumbai,UPI
ORD102024,2025-03-26,CUST1815,Sahil Singh,Webcam,Accessories,1,2940.0,2940.0,1700,1240.0,West,Maharashtra,Nashik,Net Banking
ORD102025,2025-10-26,CUST1674,Priya Mehta,Mouse,Accessories,1,1200.0,1200.0,700,500.0,West,Gujarat,Ahmedabad,Credit Card
ORD102026,2025-07-28,CUST1084,Kavya Iyer,Keyboard,Accessories,2,2200.0,4400.0,2800,1600.0,South,Karnataka,Bengaluru,Debit Card
ORD102027,2025-03-20,CUST1626,Rahul Singh,Tablet,Electronics,3,25200.0,75600.0,58500,17100.0,North,Haryana,Gurugram,Cash on Delivery
ORD102028,2025-04-21,CUST1868,Rahul Reddy,Webcam,Accessories,1,2800.0,2800.0,1700,1100.0,West,Maharashtra,Mumbai,Cash on Delivery
ORD102029,2025-12-22,CUST1656,Karan Singh,Desk,Furniture,1,12000.0,12000.0,9000,3000.0,South,Kerala,Kochi,Debit Card
ORD102030,2025-05-06,CUST1563,Arjun Shah,Printer,Office Equipment,4,12500.0,50000.0,39200,10800.0,South,Tamil Nadu,Chennai,UPI
ORD102031,2025-05-13,CUST1622,Riya Yadav,Office Chair,Furniture,1,9500.0,9500.0,7000,2500.0,North,Uttar Pradesh,Noida,Cash on Delivery
ORD102032,2025-12-22,CUST1634,Neha Verma,Mouse,Accessories,1,1200.0,1200.0,700,500.0,West,Maharashtra,Mumbai,Cash on Delivery
ORD102033,2025-11-23,CUST1649,Vikram Yadav,Monitor,Electronics,1,18000.0,18000.0,13500,4500.0,West,Maharashtra,Mumbai,Debit Card
ORD102034,2025-04-06,CUST1123,Sahil Mehta,Tablet,Electronics,4,24000.0,96000.0,78000,18000.0,West,Maharashtra,Nashik,Cash on Delivery
ORD102035,2025-05-25,CUST1285,Diya Gupta,Keyboard,Accessories,3,2200.0,6600.0,4200,2400.0,South,Telangana,Hyderabad,Credit Card
ORD102036,2025-01-25,CUST1191,Rohan Yadav,Printer,Office Equipment,1,12500.0,12500.0,9800,2700.0,North,Punjab,Ludhiana,Debit Card
ORD102037,2025-08-02,CUST1417,Rohan Sharma,Tablet,Electronics,1,24000.0,24000.0,19500,4500.0,West,Maharashtra,Mumbai,Credit Card
ORD102038,2025-02-23,CUST1486,Aditya Kulkarni,Webcam,Accessories,1,2800.0,2800.0,1700,1100.0,East,Bihar,Patna,Cash on Delivery
ORD102039,2025-08-25,CUST1228,Ishaan Nair,External SSD,Storage,2,8500.0,17000.0,12400,4600.0,West,Goa,Panaji,Net Banking
ORD102040,2025-07-28,CUST1219,Vikram Iyer,Office Chair,Furniture,1,9500.0,9500.0,7000,2500.0,North,Rajasthan,Jaipur,Cash on Delivery
ORD102041,2025-05-05,CUST1300,Sneha Iyer,Smartphone,Electronics,1,32000.0,32000.0,27000,5000.0,East,Bihar,Patna,UPI
ORD102042,2025-07-13,CUST1481,Sneha Reddy,Desk,Furniture,3,12000.0,36000.0,27000,9000.0,West,Maharashtra,Nashik,UPI
ORD102043,2025-03-24,CUST1478,Sneha Yadav,Tablet,Electronics,1,24000.0,24000.0,19500,4500.0,North,Haryana,Gurugram,UPI
ORD102044,2025-04-18,CUST1998,Sahil Gupta,Office Chair,Furniture,2,9500.0,19000.0,14000,5000.0,North,Uttar Pradesh,Noida,Net Banking
ORD102045,2025-05-20,CUST1206,Ishaan Reddy,Monitor,Electronics,1,18900.0,18900.0,13500,5400.0,East,Odisha,Bhubaneswar,Debit Card
ORD102046,2025-12-06,CUST1733,Neha Nair,Webcam,Accessories,1,2660.0,2660.0,1700,960.0,North,Haryana,Gurugram,UPI
ORD102047,2025-12-15,CUST1269,Tanvi Sharma,Keyboard,Accessories,1,2200.0,2200.0,1400,800.0,North,Uttar Pradesh,Noida,Credit Card
ORD102048,2025-08-27,CUST1654,Tanvi Kulkarni,Desk,Furniture,4,11400.0,45600.0,36000,9600.0,West,Maharashtra,Pune,Cash on Delivery
ORD102049,2025-12-28,CUST1924,Neha Shah,Headphones,Accessories,2,3500.0,7000.0,4400,2600.0,West,Maharashtra,Mumbai,Credit Card
ORD102050,2025-03-06,CUST1839,Karan Patil,Monitor,Electronics,2,18000.0,36000.0,27000,9000.0,West,Maharashtra,Mumbai,Net Banking
ORD102051,2025-09-19,CUST1899,Ishaan Yadav,Laptop,Electronics,1,65000.0,65000.0,52000,13000.0,East,Jharkhand,Ranchi,Cash on Delivery
ORD102052,2025-12-22,CUST1691,Diya Nair,Smartphone,Electronics,2,32000.0,64000.0,54000,10000.0,North,Rajasthan,Jaipur,Cash on Delivery
ORD102053,2025-01-04,CUST1012,Sneha Shah,Headphones,Accessories,3,3500.0,10500.0,6600,3900.0,West,Maharashtra,Pune,Credit Card
ORD102054,2025-08-14,CUST1617,Sahil Singh,Office Chair,Furniture,1,9975.0,9975.0,7000,2975.0,West,Maharashtra,Pune,Debit Card
ORD102055,2025-08-18,CUST1454,Nisha Chaudhary,External SSD,Storage,2,8500.0,17000.0,12400,4600.0,North,Rajasthan,Jaipur,Net Banking
ORD102056,2025-11-06,CUST1410,Ananya Patil,Headphones,Accessories,1,3500.0,3500.0,2200,1300.0,East,Jharkhand,Ranchi,Credit Card
ORD102057,2025-04-04,CUST1930,Aditya Mehta,Mouse,Accessories,4,1200.0,4800.0,2800,2000.0,North,Uttar Pradesh,Noida,Cash on Delivery
ORD102058,2025-04-08,CUST1214,Priya Shah,Headphones,Accessories,2,3500.0,7000.0,4400,2600.0,North,Uttar Pradesh,Noida,Net Banking
ORD102059,2025-04-26,CUST1165,Meera Chaudhary,Office Chair,Furniture,1,9975.0,9975.0,7000,2975.0,East,Assam,Guwahati,UPI
ORD102060,2025-09-19,CUST1085,Kavya Chaudhary,Webcam,Accessories,4,2800.0,11200.0,6800,4400.0,North,Delhi,New Delhi,Cash on Delivery
ORD102061,2025-10-06,CUST1736,Rahul Mehta,Keyboard,Accessories,4,2200.0,8800.0,5600,3200.0,West,Gujarat,Surat,Debit Card
ORD102062,2025-01-31,CUST1900,Ananya Deshmukh,Laptop,Electronics,2,68250.0,136500.0,104000,32500.0,South,Andhra Pradesh,Vijayawada,Credit Card
ORD102063,2025-12-16,CUST1714,Riya Chaudhary,Headphones,Accessories,1,3325.0,3325.0,2200,1125.0,East,Assam,Guwahati,UPI
ORD102064,2025-04-15,CUST1573,Aarav Singh,Keyboard,Accessories,1,2200.0,2200.0,1400,800.0,West,Maharashtra,Mumbai,UPI
ORD102065,2025-09-04,CUST1690,Ananya Patil,Webcam,Accessories,2,2660.0,5320.0,3400,1920.0,North,Haryana,Gurugram,Debit Card
ORD102066,2025-10-31,CUST1740,Priya Kulkarni,Keyboard,Accessories,4,2090.0,8360.0,5600,2760.0,West,Goa,Panaji,UPI
ORD102067,2025-12-15,CUST1873,Aditya Verma,Monitor,Electronics,2,18000.0,36000.0,27000,9000.0,North,Haryana,Gurugram,Net Banking
ORD102068,2025-02-07,CUST1910,Arjun Patil,Headphones,Accessories,2,3500.0,7000.0,4400,2600.0,North,Punjab,Ludhiana,UPI
ORD102069,2025-12-14,CUST1396,Rahul Patil,Monitor,Electronics,2,17100.0,34200.0,27000,7200.0,South,Karnataka,Bengaluru,UPI
ORD102070,2025-07-17,CUST1354,Aditya Verma,Laptop,Electronics,1,61750.0,61750.0,52000,9750.0,South,Telangana,Hyderabad,Net Banking
ORD102071,2025-07-06,CUST1613,Riya Yadav,Webcam,Accessories,1,2800.0,2800.0,1700,1100.0,West,Maharashtra,Nashik,Debit Card
ORD102072,2025-05-13,CUST1187,Rohan Mehta,Tablet,Electronics,4,24000.0,96000.0,78000,18000.0,West,Maharashtra,Nashik,UPI
ORD102073,2025-06-09,CUST1978,Ishaan Joshi,Headphones,Accessories,1,3500.0,3500.0,2200,1300.0,South,Andhra Pradesh,Vijayawada,Net Banking
ORD102074,2025-03-03,CUST1699,Sneha Shah,Office Chair,Furniture,1,9500.0,9500.0,7000,2500.0,South,Tamil Nadu,Chennai,Net Banking
ORD102075,2025-01-30,CUST1029,Karan Sharma,Keyboard,Accessories,2,2200.0,4400.0,2800,1600.0,East,Jharkhand,Ranchi,Credit Card
ORD102076,2025-03-30,CUST1548,Arjun Kulkarni,Desk,Furniture,1,12000.0,12000.0,9000,3000.0,South,Tamil Nadu,Chennai,Net Banking
ORD102077,2025-08-15,CUST1070,Karan Iyer,Mouse,Accessories,1,1200.0,1200.0,700,500.0,East,West Bengal,Kolkata,Net Banking
ORD102078,2025-05-31,CUST1906,Aditya Deshmukh,Tablet,Electronics,2,24000.0,48000.0,39000,9000.0,South,Kerala,Kochi,Debit Card
ORD102079,2025-11-26,CUST1159,Riya Mehta,Laptop,Electronics,1,65000.0,65000.0,52000,13000.0,East,Assam,Guwahati,UPI
ORD102080,2025-10-21,CUST1352,Vikram Kulkarni,Keyboard,Accessories,1,2200.0,2200.0,1400,800.0,North,Delhi,New Delhi,Credit Card
ORD102081,2025-02-06,CUST1850,Pooja Chaudhary,Printer,Office Equipment,3,13125.0,39375.0,29400,9975.0,West,Maharashtra,Nashik,Credit Card
ORD102082,2025-02-25,CUST1362,Sneha Deshmukh,External SSD,Storage,1,8075.0,8075.0,6200,1875.0,North,Punjab,Ludhiana,UPI
ORD102083,2025-06-04,CUST1194,Neha Shah,Mouse,Accessories,1,1200.0,1200.0,700,500.0,South,Kerala,Kochi,Credit Card
ORD102084,2025-11-25,CUST1525,Ishaan Mehta,Office Chair,Furniture,1,9500.0,9500.0,7000,2500.0,South,Andhra Pradesh,Vijayawada,Net Banking
ORD102085,2025-06-29,CUST1499,Rohan Chaudhary,Webcam,Accessories,5,2800.0,14000.0,8500,5500.0,South,Kerala,Kochi,Credit Card
ORD102086,2025-10-30,CUST1264,Ananya Patil,External SSD,Storage,1,8500.0,8500.0,6200,2300.0,South,Kerala,Kochi,UPI
ORD102087,2025-01-01,CUST1115,Arjun Patil,Office Chair,Furniture,1,9975.0,9975.0,7000,2975.0,North,Delhi,New Delhi,Net Banking
ORD102088,2025-09-03,CUST1328,Aditya Iyer,Desk,Furniture,2,12000.0,24000.0,18000,6000.0,South,Tamil Nadu,Chennai,Net Banking
ORD102089,2025-12-07,CUST1553,Tanvi Singh,Printer,Office Equipment,1,12500.0,12500.0,9800,2700.0,West,Gujarat,Surat,Net Banking
ORD102090,2025-12-09,CUST1550,Arjun Gupta,Printer,Office Equipment,1,12500.0,12500.0,9800,2700.0,West,Maharashtra,Nashik,Cash on Delivery
ORD102091,2025-08-14,CUST1462,Sneha Sharma,Headphones,Accessories,1,3500.0,3500.0,2200,1300.0,South,Karnataka,Bengaluru,Credit Card
ORD102092,2025-02-07,CUST1497,Kavya Gupta,Keyboard,Accessories,3,2200.0,6600.0,4200,2400.0,North,Punjab,Ludhiana,Net Banking
ORD102093,2025-10-01,CUST1586,Diya Verma,Webcam,Accessories,1,2940.0,2940.0,1700,1240.0,West,Gujarat,Ahmedabad,UPI
ORD102094,2025-02-14,CUST1765,Karan Verma,Laptop,Electronics,1,65000.0,65000.0,52000,13000.0,West,Goa,Panaji,Credit Card
ORD102095,2025-12-11,CUST1246,Karan Gupta,External SSD,Storage,1,8500.0,8500.0,6200,2300.0,North,Rajasthan,Jaipur,Cash on Delivery
ORD102096,2025-04-22,CUST1017,Sahil Iyer,Tablet,Electronics,2,24000.0,48000.0,39000,9000.0,West,Maharashtra,Pune,Credit Card
ORD102097,2025-08-12,CUST1312,Ishaan Patil,Webcam,Accessories,1,2800.0,2800.0,1700,1100.0,North,Rajasthan,Jaipur,UPI
ORD102098,2025-12-31,CUST1462,Riya Kulkarni,Keyboard,Accessories,1,2200.0,2200.0,1400,800.0,South,Telangana,Hyderabad,Net Banking
ORD102099,2025-11-27,CUST1482,Karan Mehta,Keyboard,Accessories,2,2200.0,4400.0,2800,1600.0,South,Andhra Pradesh,Vijayawada,Net Banking
ORD102100,2025-07-28,CUST1544,Rohan Nair,Desk,Furniture,1,12000.0,12000.0,9000,3000.0,West,Maharashtra,Mumbai,Net Banking
ORD102101,2025-06-16,CUST1788,Nisha Nair,Office Chair,Furniture,2,9500.0,19000.0,14000,5000.0,West,Maharashtra,Nashik,UPI
ORD102102,2025-06-05,CUST1215,Diya Singh,External SSD,Storage,1,8500.0,8500.0,6200,2300.0,East,Odisha,Bhubaneswar,Debit Card
ORD102103,2025-09-09,CUST1883,Nisha Iyer,Laptop,Electronics,1,61750.0,61750.0,52000,9750.0,North,Rajasthan,Jaipur,Net Banking
ORD102104,2025-04-20,CUST1939,Ishaan Deshmukh,Office Chair,Furniture,1,9975.0,9975.0,7000,2975.0,East,Jharkhand,Ranchi,Cash on Delivery
ORD102105,2025-03-09,CUST1425,Rohan Joshi,Webcam,Accessories,2,2800.0,5600.0,3400,2200.0,West,Maharashtra,Nashik,Credit Card
ORD102106,2025-07-29,CUST1574,Arjun Iyer,Headphones,Accessories,2,3500.0,7000.0,4400,2600.0,North,Punjab,Ludhiana,UPI
ORD102107,2025-10-05,CUST1689,Aarav Patil,Smartphone,Electronics,1,30400.0,30400.0,27000,3400.0,North,Uttar Pradesh,Noida,Cash on Delivery
ORD102108,2025-12-24,CUST1255,Rahul Patil,Keyboard,Accessories,4,2200.0,8800.0,5600,3200.0,East,Jharkhand,Ranchi,Net Banking
ORD102109,2025-07-22,CUST1353,Aditya Joshi,Laptop,Electronics,1,61750.0,61750.0,52000,9750.0,West,Maharashtra,Pune,Credit Card
ORD102110,2025-06-03,CUST1317,Aarav Reddy,Webcam,Accessories,2,2800.0,5600.0,3400,2200.0,West,Maharashtra,Pune,Cash on Delivery
ORD102111,2025-06-21,CUST1665,Nisha Mehta,Laptop,Electronics,2,68250.0,136500.0,104000,32500.0,South,Karnataka,Bengaluru,Cash on Delivery
ORD102112,2025-07-21,CUST1329,Arjun Shah,Desk,Furniture,1,11400.0,11400.0,9000,2400.0,North,Uttar Pradesh,Noida,Debit Card
ORD102113,2025-09-13,CUST1661,Sahil Reddy,Webcam,Accessories,2,2800.0,5600.0,3400,2200.0,West,Goa,Panaji,Net Banking
ORD102114,2025-06-08,CUST1303,Meera Shah,Smartphone,Electronics,1,32000.0,32000.0,27000,5000.0,East,Jharkhand,Ranchi,Debit Card
ORD102115,2025-09-24,CUST1474,Sneha Mehta,Tablet,Electronics,4,24000.0,96000.0,78000,18000.0,North,Delhi,New Delhi,Cash on Delivery
ORD102116,2025-05-07,CUST1543,Neha Iyer,Laptop,Electronics,4,65000.0,260000.0,208000,52000.0,North,Delhi,New Delhi,UPI
ORD102117,2025-02-26,CUST1940,Riya Sharma,Laptop,Electronics,2,65000.0,130000.0,104000,26000.0,North,Uttar Pradesh,Noida,UPI
ORD102118,2025-06-19,CUST1970,Sneha Shah,Headphones,Accessories,1,3500.0,3500.0,2200,1300.0,South,Karnataka,Bengaluru,Net Banking
ORD102119,2025-04-30,CUST1089,Rahul Mehta,Webcam,Accessories,1,2800.0,2800.0,1700,1100.0,West,Gujarat,Surat,Net Banking
ORD102120,2025-02-24,CUST1130,Ishaan Sharma,External SSD,Storage,4,8500.0,34000.0,24800,9200.0,North,Uttar Pradesh,Noida,Net Banking
ORD102121,2025-11-19,CUST1542,Rahul Gupta,Headphones,Accessories,4,3500.0,14000.0,8800,5200.0,West,Maharashtra,Mumbai,Debit Card
ORD102122,2025-12-23,CUST1968,Kavya Shah,External SSD,Storage,1,8500.0,8500.0,6200,2300.0,South,Andhra Pradesh,Vijayawada,Net Banking
ORD102123,2025-07-05,CUST1390,Nisha Kulkarni,Keyboard,Accessories,1,2090.0,2090.0,1400,690.0,South,Kerala,Kochi,Debit Card
ORD102124,2025-11-03,CUST1108,Ishaan Mehta,Mouse,Accessories,1,1200.0,1200.0,700,500.0,South,Karnataka,Bengaluru,Debit Card
ORD102125,2025-01-12,CUST1187,Tanvi Gupta,Mouse,Accessories,1,1200.0,1200.0,700,500.0,North,Haryana,Gurugram,Net Banking
ORD102126,2025-11-19,CUST1029,Karan Mehta,Desk,Furniture,1,12000.0,12000.0,9000,3000.0,West,Maharashtra,Mumbai,Cash on Delivery
ORD102127,2025-04-27,CUST1532,Riya Chaudhary,Printer,Office Equipment,3,12500.0,37500.0,29400,8100.0,West,Maharashtra,Mumbai,Cash on Delivery
ORD102128,2025-04-28,CUST1300,Nisha Deshmukh,Mouse,Accessories,4,1200.0,4800.0,2800,2000.0,North,Uttar Pradesh,Noida,Net Banking
ORD102129,2025-07-12,CUST1104,Ishaan Kulkarni,Monitor,Electronics,2,18000.0,36000.0,27000,9000.0,North,Punjab,Ludhiana,Credit Card
ORD102130,2025-02-13,CUST1973,Rohan Shah,Smartphone,Electronics,3,32000.0,96000.0,81000,15000.0,West,Gujarat,Surat,Debit Card
ORD102131,2025-06-07,CUST1243,Rahul Sharma,Desk,Furniture,2,12000.0,24000.0,18000,6000.0,East,Jharkhand,Ranchi,Net Banking
ORD102132,2025-09-05,CUST1249,Kavya Mehta,Smartphone,Electronics,1,32000.0,32000.0,27000,5000.0,North,Punjab,Ludhiana,Net Banking
ORD102133,2025-08-28,CUST1862,Nisha Singh,Mouse,Accessories,3,1200.0,3600.0,2100,1500.0,North,Rajasthan,Jaipur,UPI
ORD102134,2025-07-20,CUST1696,Rahul Kulkarni,Desk,Furniture,4,12000.0,48000.0,36000,12000.0,West,Gujarat,Surat,Debit Card
ORD102135,2025-06-15,CUST1655,Rahul Shah,External SSD,Storage,3,8500.0,25500.0,18600,6900.0,South,Tamil Nadu,Chennai,UPI
ORD102136,2025-10-29,CUST1737,Priya Chaudhary,Monitor,Electronics,1,18900.0,18900.0,13500,5400.0,North,Punjab,Ludhiana,Credit Card
ORD102137,2025-05-03,CUST1057,Neha Deshmukh,Webcam,Accessories,5,2800.0,14000.0,8500,5500.0,West,Maharashtra,Pune,Credit Card
ORD102138,2025-12-03,CUST1710,Neha Deshmukh,Headphones,Accessories,1,3500.0,3500.0,2200,1300.0,South,Karnataka,Bengaluru,Cash on Delivery
ORD102139,2025-07-03,CUST1420,Priya Verma,Desk,Furniture,2,12000.0,24000.0,18000,6000.0,East,Jharkhand,Ranchi,Debit Card
ORD102140,2025-03-21,CUST1707,Ishaan Chaudhary,Keyboard,Accessories,3,2200.0,6600.0,4200,2400.0,South,Andhra Pradesh,Vijayawada,Credit Card
ORD102141,2025-10-27,CUST1993,Ishaan Kulkarni,Desk,Furniture,1,12000.0,12000.0,9000,3000.0,South,Andhra Pradesh,Vijayawada,Net Banking
ORD102142,2025-01-31,CUST1409,Riya Gupta,Keyboard,Accessories,1,2200.0,2200.0,1400,800.0,North,Uttar Pradesh,Noida,Cash on Delivery
ORD102143,2025-03-22,CUST1376,Neha Singh,Smartphone,Electronics,1,32000.0,32000.0,27000,5000.0,North,Uttar Pradesh,Noida,Net Banking
ORD102144,2025-10-19,CUST1829,Rahul Verma,Mouse,Accessories,1,1200.0,1200.0,700,500.0,West,Maharashtra,Pune,UPI
ORD102145,2025-02-28,CUST1337,Rahul Singh,Laptop,Electronics,3,65000.0,195000.0,156000,39000.0,West,Goa,Panaji,UPI
ORD102146,2025-12-17,CUST1701,Karan Deshmukh,Webcam,Accessories,1,2800.0,2800.0,1700,1100.0,East,Jharkhand,Ranchi,Cash on Delivery
ORD102147,2025-08-16,CUST1361,Arjun Shah,Tablet,Electronics,2,24000.0,48000.0,39000,9000.0,East,Odisha,Bhubaneswar,Debit Card
ORD102148,2025-02-03,CUST1992,Riya Kulkarni,Desk,Furniture,3,12000.0,36000.0,27000,9000.0,South,Telangana,Hyderabad,Debit Card
ORD102149,2025-07-23,CUST1207,Tanvi Sharma,Monitor,Electronics,2,18000.0,36000.0,27000,9000.0,East,Jharkhand,Ranchi,Debit Card
ORD102150,2025-06-20,CUST1324,Kavya Sharma,Smartphone,Electronics,2,32000.0,64000.0,54000,10000.0,South,Telangana,Hyderabad,Net Banking
ORD102151,2025-07-11,CUST1907,Riya Gupta,Smartphone,Electronics,1,32000.0,32000.0,27000,5000.0,East,West Bengal,Kolkata,UPI
ORD102152,2025-06-01,CUST1406,Meera Shah,Monitor,Electronics,3,18000.0,54000.0,40500,13500.0,North,Uttar Pradesh,Noida,Credit Card
ORD102153,2025-11-17,CUST1389,Neha Verma,Webcam,Accessories,3,2660.0,7980.0,5100,2880.0,West,Gujarat,Surat,Debit Card
ORD102154,2025-02-17,CUST1015,Tanvi Nair,Laptop,Electronics,2,65000.0,130000.0,104000,26000.0,South,Kerala,Kochi,Debit Card
ORD102155,2025-12-18,CUST1115,Arjun Chaudhary,External SSD,Storage,4,8500.0,34000.0,24800,9200.0,South,Tamil Nadu,Chennai,Debit Card
ORD102156,2025-01-25,CUST1166,Diya Chaudhary,Webcam,Accessories,3,2800.0,8400.0,5100,3300.0,North,Haryana,Gurugram,Net Banking
ORD102157,2025-02-24,CUST1758,Sneha Shah,Monitor,Electronics,2,17100.0,34200.0,27000,7200.0,North,Delhi,New Delhi,UPI
ORD102158,2025-12-09,CUST1770,Nisha Patil,Headphones,Accessories,2,3500.0,7000.0,4400,2600.0,West,Gujarat,Surat,Debit Card
ORD102159,2025-01-13,CUST1780,Priya Mehta,Desk,Furniture,1,12000.0,12000.0,9000,3000.0,West,Goa,Panaji,UPI
ORD102160,2025-03-20,CUST1791,Riya Mehta,Desk,Furniture,1,12000.0,12000.0,9000,3000.0,West,Goa,Panaji,Cash on Delivery
ORD102161,2025-08-20,CUST1928,Neha Iyer,Smartphone,Electronics,3,32000.0,96000.0,81000,15000.0,West,Maharashtra,Mumbai,Cash on Delivery
ORD102162,2025-04-27,CUST1769,Nisha Mehta,Laptop,Electronics,1,65000.0,65000.0,52000,13000.0,North,Delhi,New Delhi,Credit Card
ORD102163,2025-05-06,CUST1251,Aditya Deshmukh,Keyboard,Accessories,2,2090.0,4180.0,2800,1380.0,East,Jharkhand,Ranchi,Debit Card
ORD102164,2025-04-17,CUST1154,Karan Deshmukh,Office Chair,Furniture,1,9500.0,9500.0,7000,2500.0,North,Uttar Pradesh,Noida,Credit Card
ORD102165,2025-03-17,CUST1828,Ananya Sharma,External SSD,Storage,1,8500.0,8500.0,6200,2300.0,West,Goa,Panaji,Net Banking
ORD102166,2025-02-08,CUST1256,Kavya Mehta,Mouse,Accessories,1,1200.0,1200.0,700,500.0,West,Maharashtra,Mumbai,Net Banking
ORD102167,2025-11-12,CUST1558,Arjun Gupta,Monitor,Electronics,2,17100.0,34200.0,27000,7200.0,East,Odisha,Bhubaneswar,UPI
ORD102168,2025-02-27,CUST1628,Ishaan Shah,External SSD,Storage,1,8500.0,8500.0,6200,2300.0,North,Delhi,New Delhi,Cash on Delivery
ORD102169,2025-11-01,CUST1928,Priya Yadav,Headphones,Accessories,1,3500.0,3500.0,2200,1300.0,North,Delhi,New Delhi,Cash on Delivery
ORD102170,2025-12-02,CUST1028,Priya Kulkarni,External SSD,Storage,4,8500.0,34000.0,24800,9200.0,West,Goa,Panaji,Credit Card
ORD102171,2025-05-12,CUST1998,Riya Iyer,Mouse,Accessories,2,1140.0,2280.0,1400,880.0,West,Maharashtra,Mumbai,UPI
ORD102172,2025-12-30,CUST1629,Aditya Verma,Printer,Office Equipment,2,11875.0,23750.0,19600,4150.0,North,Uttar Pradesh,Noida,Cash on Delivery
ORD102173,2025-08-15,CUST1337,Karan Reddy,Office Chair,Furniture,3,9500.0,28500.0,21000,7500.0,South,Andhra Pradesh,Vijayawada,UPI
ORD102174,2025-05-25,CUST1243,Kavya Singh,Laptop,Electronics,3,65000.0,195000.0,156000,39000.0,North,Delhi,New Delhi,Debit Card
ORD102175,2025-11-15,CUST1728,Aditya Patil,Office Chair,Furniture,1,9500.0,9500.0,7000,2500.0,West,Maharashtra,Pune,UPI
ORD102176,2025-04-18,CUST1359,Kavya Deshmukh,Tablet,Electronics,1,24000.0,24000.0,19500,4500.0,South,Tamil Nadu,Chennai,Debit Card
ORD102177,2025-07-10,CUST1047,Vikram Sharma,Monitor,Electronics,3,18000.0,54000.0,40500,13500.0,North,Uttar Pradesh,Noida,Net Banking
ORD102178,2025-11-18,CUST1316,Priya Joshi,Smartphone,Electronics,2,32000.0,64000.0,54000,10000.0,South,Kerala,Kochi,Credit Card
ORD102179,2025-01-17,CUST1534,Rahul Iyer,Office Chair,Furniture,2,9500.0,19000.0,14000,5000.0,East,Odisha,Bhubaneswar,Net Banking
ORD102180,2025-07-19,CUST1509,Sneha Nair,Mouse,Accessories,1,1260.0,1260.0,700,560.0,South,Telangana,Hyderabad,Debit Card
ORD102181,2025-06-01,CUST1844,Kavya Nair,Monitor,Electronics,4,18000.0,72000.0,54000,18000.0,East,West Bengal,Kolkata,Debit Card
ORD102182,2025-05-19,CUST1400,Kavya Joshi,Desk,Furniture,2,12000.0,24000.0,18000,6000.0,North,Haryana,Gurugram,Debit Card
ORD102183,2025-01-03,CUST1794,Rohan Kulkarni,Desk,Furniture,2,12000.0,24000.0,18000,6000.0,West,Maharashtra,Mumbai,Debit Card
ORD102184,2025-04-08,CUST1991,Arjun Chaudhary,Mouse,Accessories,2,1200.0,2400.0,1400,1000.0,West,Goa,Panaji,Net Banking
ORD102185,2025-03-09,CUST1918,Diya Deshmukh,Printer,Office Equipment,1,12500.0,12500.0,9800,2700.0,West,Maharashtra,Nashik,Credit Card
ORD102186,2025-03-02,CUST1233,Vikram Reddy,Smartphone,Electronics,3,32000.0,96000.0,81000,15000.0,North,Delhi,New Delhi,Cash on Delivery
ORD102187,2025-10-17,CUST1913,Vikram Iyer,Smartphone,Electronics,2,33600.0,67200.0,54000,13200.0,East,Jharkhand,Ranchi,Net Banking
ORD102188,2025-04-13,CUST1143,Arjun Iyer,Keyboard,Accessories,1,2200.0,2200.0,1400,800.0,West,Goa,Panaji,Debit Card
ORD102189,2025-01-03,CUST1339,Rohan Iyer,Office Chair,Furniture,2,9500.0,19000.0,14000,5000.0,South,Kerala,Kochi,Credit Card
ORD102190,2025-03-19,CUST1651,Tanvi Verma,Tablet,Electronics,2,24000.0,48000.0,39000,9000.0,North,Uttar Pradesh,Noida,Credit Card
ORD102191,2025-05-15,CUST1358,Nisha Mehta,Mouse,Accessories,1,1200.0,1200.0,700,500.0,North,Haryana,Gurugram,Cash on Delivery
ORD102192,2025-08-29,CUST1789,Nisha Deshmukh,Monitor,Electronics,1,18000.0,18000.0,13500,4500.0,South,Andhra Pradesh,Vijayawada,Net Banking
ORD102193,2025-02-19,CUST1299,Vikram Deshmukh,External SSD,Storage,2,8500.0,17000.0,12400,4600.0,South,Telangana,Hyderabad,UPI
ORD102194,2025-11-04,CUST1266,Aditya Singh,Smartphone,Electronics,2,32000.0,64000.0,54000,10000.0,East,Jharkhand,Ranchi,Debit Card
ORD102195,2025-12-01,CUST1586,Priya Reddy,Printer,Office Equipment,2,12500.0,25000.0,19600,5400.0,North,Delhi,New Delhi,Net Banking
ORD102196,2025-03-11,CUST1864,Sneha Patil,Mouse,Accessories,1,1200.0,1200.0,700,500.0,South,Kerala,Kochi,UPI
ORD102197,2025-05-15,CUST1634,Rahul Kulkarni,Tablet,Electronics,3,24000.0,72000.0,58500,13500.0,South,Andhra Pradesh,Vijayawada,Net Banking
ORD102198,2025-08-09,CUST1840,Nisha Shah,Printer,Office Equipment,2,12500.0,25000.0,19600,5400.0,South,Andhra Pradesh,Vijayawada,Credit Card
ORD102199,2025-01-01,CUST1865,Pooja Nair,Printer,Office Equipment,3,12500.0,37500.0,29400,8100.0,North,Punjab,Ludhiana,UPI
ORD102200,2025-11-13,CUST1352,Neha Gupta,Tablet,Electronics,1,25200.0,25200.0,19500,5700.0,West,Maharashtra,Pune,UPI
ORD102201,2025-07-04,CUST1059,Rohan Mehta,Printer,Office Equipment,1,12500.0,12500.0,9800,2700.0,East,Assam,Guwahati,Net Banking
ORD102202,2025-11-09,CUST1574,Kavya Sharma,Desk,Furniture,1,11400.0,11400.0,9000,2400.0,East,Jharkhand,Ranchi,Debit Card
ORD102203,2025-10-25,CUST1969,Aarav Reddy,Mouse,Accessories,1,1200.0,1200.0,700,500.0,North,Uttar Pradesh,Noida,Cash on Delivery
ORD102204,2025-03-18,CUST1540,Tanvi Sharma,Office Chair,Furniture,3,9500.0,28500.0,21000,7500.0,East,Jharkhand,Ranchi,UPI
ORD102205,2025-02-09,CUST1599,Nisha Singh,Keyboard,Accessories,4,2200.0,8800.0,5600,3200.0,East,Bihar,Patna,Credit Card
ORD102206,2025-11-04,CUST1092,Sneha Iyer,Printer,Office Equipment,2,12500.0,25000.0,19600,5400.0,West,Maharashtra,Mumbai,Net Banking
ORD102207,2025-10-07,CUST1819,Sahil Mehta,Keyboard,Accessories,2,2200.0,4400.0,2800,1600.0,West,Gujarat,Ahmedabad,Debit Card
ORD102208,2025-10-23,CUST1312,Ananya Verma,Monitor,Electronics,2,18000.0,36000.0,27000,9000.0,East,West Bengal,Kolkata,Cash on Delivery
ORD102209,2025-10-19,CUST1523,Kavya Shah,Webcam,Accessories,2,2800.0,5600.0,3400,2200.0,East,Jharkhand,Ranchi,Net Banking
ORD102210,2025-05-30,CUST1596,Diya Sharma,Headphones,Accessories,1,3500.0,3500.0,2200,1300.0,West,Goa,Panaji,UPI
ORD102211,2025-11-22,CUST1316,Ishaan Kulkarni,Office Chair,Furniture,3,9975.0,29925.0,21000,8925.0,South,Andhra Pradesh,Vijayawada,Net Banking
ORD102212,2025-05-27,CUST1276,Pooja Iyer,Desk,Furniture,1,11400.0,11400.0,9000,2400.0,South,Karnataka,Bengaluru,Credit Card
ORD102213,2025-01-17,CUST1199,Vikram Reddy,Tablet,Electronics,3,24000.0,72000.0,58500,13500.0,South,Andhra Pradesh,Vijayawada,Credit Card
ORD102214,2025-12-24,CUST1962,Rahul Iyer,Headphones,Accessories,4,3500.0,14000.0,8800,5200.0,South,Tamil Nadu,Chennai,Debit Card
ORD102215,2025-11-29,CUST1006,Kavya Chaudhary,Keyboard,Accessories,1,2310.0,2310.0,1400,910.0,South,Tamil Nadu,Chennai,Cash on Delivery
ORD102216,2025-06-03,CUST1051,Ishaan Patil,Monitor,Electronics,2,18000.0,36000.0,27000,9000.0,North,Rajasthan,Jaipur,Net Banking
ORD102217,2025-05-29,CUST1115,Nisha Sharma,Smartphone,Electronics,4,32000.0,128000.0,108000,20000.0,West,Goa,Panaji,UPI
ORD102218,2025-09-15,CUST1634,Ishaan Reddy,Desk,Furniture,1,12000.0,12000.0,9000,3000.0,West,Gujarat,Surat,UPI
ORD102219,2025-06-16,CUST1598,Rohan Verma,Monitor,Electronics,1,18000.0,18000.0,13500,4500.0,North,Uttar Pradesh,Noida,UPI
ORD102220,2025-07-23,CUST1209,Tanvi Iyer,Headphones,Accessories,1,3500.0,3500.0,2200,1300.0,North,Uttar Pradesh,Noida,Debit Card
ORD102221,2025-06-05,CUST1055,Ananya Yadav,Smartphone,Electronics,3,32000.0,96000.0,81000,15000.0,North,Haryana,Gurugram,Net Banking
ORD102222,2025-11-14,CUST1359,Ananya Mehta,Laptop,Electronics,2,68250.0,136500.0,104000,32500.0,West,Goa,Panaji,Debit Card
ORD102223,2025-09-04,CUST1525,Pooja Verma,Monitor,Electronics,2,18000.0,36000.0,27000,9000.0,West,Gujarat,Surat,Net Banking
ORD102224,2025-09-23,CUST1455,Tanvi Reddy,Desk,Furniture,1,12000.0,12000.0,9000,3000.0,North,Haryana,Gurugram,Debit Card
ORD102225,2025-10-22,CUST1192,Ishaan Reddy,Monitor,Electronics,2,18000.0,36000.0,27000,9000.0,West,Gujarat,Surat,Credit Card
ORD102226,2025-12-01,CUST1833,Nisha Iyer,Desk,Furniture,4,12000.0,48000.0,36000,12000.0,West,Maharashtra,Pune,Net Banking
ORD102227,2025-09-30,CUST1103,Ananya Deshmukh,Mouse,Accessories,2,1200.0,2400.0,1400,1000.0,South,Tamil Nadu,Chennai,Net Banking
ORD102228,2025-02-17,CUST1302,Aditya Deshmukh,Desk,Furniture,3,12000.0,36000.0,27000,9000.0,North,Punjab,Ludhiana,Debit Card
ORD102229,2025-03-17,CUST1953,Ishaan Kulkarni,External SSD,Storage,2,8500.0,17000.0,12400,4600.0,South,Andhra Pradesh,Vijayawada,Net Banking
ORD102230,2025-01-02,CUST1840,Meera Reddy,Mouse,Accessories,1,1200.0,1200.0,700,500.0,North,Punjab,Ludhiana,Credit Card
ORD102231,2025-10-25,CUST1352,Sahil Deshmukh,Monitor,Electronics,2,18000.0,36000.0,27000,9000.0,West,Gujarat,Ahmedabad,UPI
ORD102232,2025-04-17,CUST1094,Rahul Nair,Laptop,Electronics,1,65000.0,65000.0,52000,13000.0,North,Delhi,New Delhi,Debit Card
ORD102233,2025-11-28,CUST1556,Diya Deshmukh,Webcam,Accessories,3,2800.0,8400.0,5100,3300.0,South,Tamil Nadu,Chennai,Credit Card
ORD102234,2025-07-08,CUST1650,Ananya Nair,External SSD,Storage,2,8500.0,17000.0,12400,4600.0,North,Delhi,New Delhi,Debit Card
ORD102235,2025-12-26,CUST1056,Ishaan Sharma,Desk,Furniture,2,12000.0,24000.0,18000,6000.0,South,Telangana,Hyderabad,Debit Card
ORD102236,2025-12-17,CUST1620,Priya Kulkarni,Monitor,Electronics,2,18000.0,36000.0,27000,9000.0,North,Uttar Pradesh,Noida,Cash on Delivery
ORD102237,2025-11-15,CUST1837,Ananya Chaudhary,Laptop,Electronics,1,65000.0,65000.0,52000,13000.0,West,Maharashtra,Pune,UPI
ORD102238,2025-01-10,CUST1751,Aarav Chaudhary,Monitor,Electronics,1,18000.0,18000.0,13500,4500.0,North,Delhi,New Delhi,Net Banking
ORD102239,2025-09-18,CUST1081,Diya Shah,Office Chair,Furniture,1,9500.0,9500.0,7000,2500.0,South,Tamil Nadu,Chennai,Credit Card
ORD102240,2025-08-16,CUST1561,Aditya Nair,Headphones,Accessories,1,3500.0,3500.0,2200,1300.0,North,Rajasthan,Jaipur,Credit Card
ORD102241,2025-05-26,CUST1398,Arjun Deshmukh,Headphones,Accessories,1,3500.0,3500.0,2200,1300.0,West,Gujarat,Ahmedabad,Credit Card
ORD102242,2025-07-13,CUST1042,Ishaan Singh,Laptop,Electronics,4,65000.0,260000.0,208000,52000.0,North,Rajasthan,Jaipur,Cash on Delivery
ORD102243,2025-01-27,CUST1265,Pooja Yadav,Laptop,Electronics,1,65000.0,65000.0,52000,13000.0,West,Gujarat,Ahmedabad,Credit Card
ORD102244,2025-12-26,CUST1083,Aditya Sharma,Headphones,Accessories,1,3675.0,3675.0,2200,1475.0,North,Punjab,Ludhiana,Net Banking
ORD102245,2025-07-08,CUST1089,Rahul Iyer,Webcam,Accessories,1,2800.0,2800.0,1700,1100.0,North,Haryana,Gurugram,Debit Card
ORD102246,2025-04-29,CUST1483,Riya Mehta,Printer,Office Equipment,2,12500.0,25000.0,19600,5400.0,West,Maharashtra,Mumbai,UPI
ORD102247,2025-03-15,CUST1932,Tanvi Yadav,External SSD,Storage,1,8500.0,8500.0,6200,2300.0,East,Assam,Guwahati,Credit Card
ORD102248,2025-04-18,CUST1253,Aditya Singh,External SSD,Storage,1,8500.0,8500.0,6200,2300.0,East,West Bengal,Kolkata,Cash on Delivery
ORD102249,2025-04-06,CUST1916,Riya Yadav,Monitor,Electronics,1,18000.0,18000.0,13500,4500.0,South,Telangana,Hyderabad,Debit Card
ORD102250,2025-03-23,CUST1944,Neha Deshmukh,Keyboard,Accessories,2,2200.0,4400.0,2800,1600.0,East,West Bengal,Kolkata,Net Banking
ORD102251,2025-06-17,CUST1991,Sahil Sharma,Smartphone,Electronics,1,30400.0,30400.0,27000,3400.0,West,Maharashtra,Pune,Credit Card
ORD102252,2025-11-12,CUST1458,Tanvi Reddy,Smartphone,Electronics,4,32000.0,128000.0,108000,20000.0,North,Delhi,New Delhi,Debit Card
ORD102253,2025-08-18,CUST1331,Meera Deshmukh,Printer,Office Equipment,1,12500.0,12500.0,9800,2700.0,North,Delhi,New Delhi,Debit Card
ORD102254,2025-11-24,CUST1803,Riya Singh,Webcam,Accessories,1,2800.0,2800.0,1700,1100.0,South,Telangana,Hyderabad,Net Banking
ORD102255,2025-03-25,CUST1449,Vikram Verma,Keyboard,Accessories,2,2200.0,4400.0,2800,1600.0,West,Goa,Panaji,Credit Card
ORD102256,2025-02-09,CUST1313,Aarav Singh,Monitor,Electronics,1,18000.0,18000.0,13500,4500.0,East,Bihar,Patna,Net Banking
ORD102257,2025-08-13,CUST1255,Ishaan Iyer,Monitor,Electronics,1,18000.0,18000.0,13500,4500.0,West,Gujarat,Ahmedabad,Credit Card
ORD102258,2025-11-30,CUST1391,Tanvi Singh,Smartphone,Electronics,1,32000.0,32000.0,27000,5000.0,North,Rajasthan,Jaipur,Credit Card
ORD102259,2025-01-29,CUST1248,Tanvi Kulkarni,Tablet,Electronics,1,24000.0,24000.0,19500,4500.0,North,Uttar Pradesh,Noida,Cash on Delivery
ORD102260,2025-12-11,CUST1305,Sneha Verma,Headphones,Accessories,4,3500.0,14000.0,8800,5200.0,West,Gujarat,Surat,Credit Card
ORD102261,2025-12-03,CUST1842,Vikram Yadav,External SSD,Storage,1,8500.0,8500.0,6200,2300.0,South,Telangana,Hyderabad,Debit Card
ORD102262,2025-07-09,CUST1241,Karan Sharma,Monitor,Electronics,3,18000.0,54000.0,40500,13500.0,East,Odisha,Bhubaneswar,Net Banking
ORD102263,2025-08-28,CUST1365,Diya Yadav,Printer,Office Equipment,4,12500.0,50000.0,39200,10800.0,North,Delhi,New Delhi,Debit Card
ORD102264,2025-10-01,CUST1583,Diya Joshi,Webcam,Accessories,1,2800.0,2800.0,1700,1100.0,South,Karnataka,Bengaluru,Credit Card
ORD102265,2025-02-26,CUST1465,Pooja Gupta,Office Chair,Furniture,1,9500.0,9500.0,7000,2500.0,West,Maharashtra,Nashik,Credit Card
ORD102266,2025-01-03,CUST1969,Vikram Yadav,Headphones,Accessories,2,3500.0,7000.0,4400,2600.0,East,Bihar,Patna,UPI
ORD102267,2025-05-20,CUST1202,Pooja Verma,Monitor,Electronics,1,18000.0,18000.0,13500,4500.0,East,Jharkhand,Ranchi,Credit Card
ORD102268,2025-08-01,CUST1912,Ananya Patil,Office Chair,Furniture,2,9500.0,19000.0,14000,5000.0,West,Maharashtra,Pune,Cash on Delivery
ORD102269,2025-03-14,CUST1044,Karan Singh,Webcam,Accessories,4,2800.0,11200.0,6800,4400.0,South,Tamil Nadu,Chennai,Cash on Delivery
ORD102270,2025-01-25,CUST1186,Arjun Chaudhary,Smartphone,Electronics,1,32000.0,32000.0,27000,5000.0,South,Kerala,Kochi,UPI
ORD102271,2025-06-12,CUST1909,Rohan Shah,Monitor,Electronics,1,17100.0,17100.0,13500,3600.0,South,Karnataka,Bengaluru,Debit Card
ORD102272,2025-04-12,CUST1918,Ananya Nair,Printer,Office Equipment,2,11875.0,23750.0,19600,4150.0,North,Delhi,New Delhi,Debit Card
ORD102273,2025-09-19,CUST1733,Rahul Joshi,Office Chair,Furniture,1,9500.0,9500.0,7000,2500.0,South,Telangana,Hyderabad,Debit Card
ORD102274,2025-06-14,CUST1992,Ishaan Nair,Printer,Office Equipment,1,12500.0,12500.0,9800,2700.0,South,Kerala,Kochi,Cash on Delivery
ORD102275,2025-01-19,CUST1722,Rohan Reddy,Smartphone,Electronics,1,32000.0,32000.0,27000,5000.0,West,Maharashtra,Nashik,Cash on Delivery
ORD102276,2025-05-04,CUST1083,Rohan Sharma,Desk,Furniture,1,12600.0,12600.0,9000,3600.0,West,Goa,Panaji,Debit Card
ORD102277,2025-06-15,CUST1281,Aarav Mehta,Smartphone,Electronics,2,32000.0,64000.0,54000,10000.0,South,Karnataka,Bengaluru,Net Banking
ORD102278,2025-06-02,CUST1719,Aarav Patil,External SSD,Storage,2,8500.0,17000.0,12400,4600.0,West,Maharashtra,Mumbai,Cash on Delivery
ORD102279,2025-10-14,CUST1753,Rahul Nair,Mouse,Accessories,2,1200.0,2400.0,1400,1000.0,East,Bihar,Patna,Cash on Delivery
ORD102280,2025-01-29,CUST1939,Aditya Chaudhary,Laptop,Electronics,2,65000.0,130000.0,104000,26000.0,East,Jharkhand,Ranchi,Debit Card
ORD102281,2025-11-04,CUST1340,Nisha Iyer,Office Chair,Furniture,2,9500.0,19000.0,14000,5000.0,North,Rajasthan,Jaipur,Net Banking
ORD102282,2025-07-31,CUST1494,Rahul Nair,Smartphone,Electronics,1,30400.0,30400.0,27000,3400.0,North,Uttar Pradesh,Noida,Credit Card
ORD102283,2025-09-23,CUST1761,Rohan Mehta,Smartphone,Electronics,2,32000.0,64000.0,54000,10000.0,East,West Bengal,Kolkata,Cash on Delivery
ORD102284,2025-09-28,CUST1447,Vikram Deshmukh,Desk,Furniture,3,12000.0,36000.0,27000,9000.0,East,Assam,Guwahati,UPI
ORD102285,2025-11-18,CUST1730,Riya Kulkarni,Keyboard,Accessories,1,2200.0,2200.0,1400,800.0,North,Uttar Pradesh,Noida,Net Banking
ORD102286,2025-10-21,CUST1092,Kavya Joshi,Printer,Office Equipment,3,12500.0,37500.0,29400,8100.0,South,Telangana,Hyderabad,UPI
ORD102287,2025-05-04,CUST1270,Vikram Singh,Desk,Furniture,1,11400.0,11400.0,9000,2400.0,South,Karnataka,Bengaluru,Net Banking
ORD102288,2025-11-25,CUST1849,Tanvi Shah,Mouse,Accessories,3,1200.0,3600.0,2100,1500.0,West,Goa,Panaji,Net Banking
ORD102289,2025-03-01,CUST1828,Rohan Yadav,Webcam,Accessories,2,2800.0,5600.0,3400,2200.0,East,Jharkhand,Ranchi,Cash on Delivery
ORD102290,2025-12-02,CUST1955,Sneha Singh,Headphones,Accessories,1,3500.0,3500.0,2200,1300.0,West,Gujarat,Surat,Net Banking
ORD102291,2025-04-13,CUST1390,Pooja Kulkarni,Monitor,Electronics,1,18000.0,18000.0,13500,4500.0,South,Tamil Nadu,Chennai,Debit Card
ORD102292,2025-12-17,CUST1344,Karan Deshmukh,Headphones,Accessories,1,3500.0,3500.0,2200,1300.0,West,Gujarat,Surat,UPI
ORD102293,2025-03-24,CUST1547,Karan Mehta,Keyboard,Accessories,2,2200.0,4400.0,2800,1600.0,North,Rajasthan,Jaipur,Cash on Delivery
ORD102294,2025-05-29,CUST1070,Tanvi Deshmukh,Mouse,Accessories,1,1200.0,1200.0,700,500.0,West,Maharashtra,Nashik,Net Banking
ORD102295,2025-06-19,CUST1816,Aditya Shah,Webcam,Accessories,1,2800.0,2800.0,1700,1100.0,West,Maharashtra,Nashik,Debit Card
ORD102296,2025-10-16,CUST1202,Priya Reddy,Office Chair,Furniture,4,9500.0,38000.0,28000,10000.0,South,Telangana,Hyderabad,Credit Card
ORD102297,2025-03-01,CUST1928,Diya Iyer,Webcam,Accessories,1,2800.0,2800.0,1700,1100.0,East,West Bengal,Kolkata,Net Banking
ORD102298,2025-04-23,CUST1215,Arjun Patil,Printer,Office Equipment,2,12500.0,25000.0,19600,5400.0,West,Maharashtra,Pune,UPI
ORD102299,2025-05-04,CUST1347,Priya Kulkarni,Keyboard,Accessories,4,2200.0,8800.0,5600,3200.0,West,Maharashtra,Pune,Cash on Delivery
ORD102300,2025-10-12,CUST1076,Vikram Nair,Office Chair,Furniture,1,9025.0,9025.0,7000,2025.0,East,Bihar,Patna,Credit Card
ORD102301,2025-03-29,CUST1393,Rohan Gupta,Monitor,Electronics,5,18000.0,90000.0,67500,22500.0,East,Bihar,Patna,UPI
ORD102302,2025-11-08,CUST1576,Arjun Kulkarni,Tablet,Electronics,1,24000.0,24000.0,19500,4500.0,South,Kerala,Kochi,UPI
ORD102303,2025-06-11,CUST1692,Pooja Verma,Webcam,Accessories,1,2800.0,2800.0,1700,1100.0,North,Haryana,Gurugram,Cash on Delivery
ORD102304,2025-12-24,CUST1138,Aditya Singh,Headphones,Accessories,2,3500.0,7000.0,4400,2600.0,North,Rajasthan,Jaipur,Net Banking
ORD102305,2025-08-20,CUST1165,Diya Verma,Webcam,Accessories,1,2800.0,2800.0,1700,1100.0,West,Goa,Panaji,UPI
ORD102306,2025-09-22,CUST1798,Rahul Deshmukh,Desk,Furniture,1,12000.0,12000.0,9000,3000.0,West,Gujarat,Ahmedabad,Net Banking
ORD102307,2025-10-30,CUST1180,Aditya Mehta,Tablet,Electronics,1,24000.0,24000.0,19500,4500.0,South,Telangana,Hyderabad,Credit Card
ORD102308,2025-05-21,CUST1123,Aditya Joshi,Keyboard,Accessories,2,2200.0,4400.0,2800,1600.0,West,Gujarat,Ahmedabad,UPI
ORD102309,2025-06-29,CUST1493,Kavya Nair,Webcam,Accessories,1,2800.0,2800.0,1700,1100.0,East,West Bengal,Kolkata,Cash on Delivery
ORD102310,2025-07-26,CUST1056,Riya Kulkarni,Webcam,Accessories,1,2800.0,2800.0,1700,1100.0,West,Maharashtra,Pune,UPI
ORD102311,2025-03-28,CUST1050,Karan Deshmukh,Keyboard,Accessories,1,2200.0,2200.0,1400,800.0,North,Delhi,New Delhi,UPI
ORD102312,2025-05-09,CUST1243,Tanvi Kulkarni,Office Chair,Furniture,1,9500.0,9500.0,7000,2500.0,South,Telangana,Hyderabad,UPI
ORD102313,2025-06-15,CUST1523,Rahul Joshi,Tablet,Electronics,1,24000.0,24000.0,19500,4500.0,North,Rajasthan,Jaipur,Net Banking
ORD102314,2025-12-31,CUST1210,Aarav Patil,Smartphone,Electronics,3,33600.0,100800.0,81000,19800.0,East,West Bengal,Kolkata,UPI
ORD102315,2025-03-28,CUST1117,Sahil Yadav,Mouse,Accessories,3,1200.0,3600.0,2100,1500.0,West,Gujarat,Ahmedabad,Credit Card
ORD102316,2025-09-12,CUST1988,Neha Mehta,Smartphone,Electronics,1,32000.0,32000.0,27000,5000.0,West,Maharashtra,Pune,Net Banking
ORD102317,2025-03-21,CUST1965,Kavya Verma,Headphones,Accessories,2,3325.0,6650.0,4400,2250.0,West,Maharashtra,Nashik,UPI
ORD102318,2025-01-25,CUST1701,Pooja Deshmukh,Laptop,Electronics,1,61750.0,61750.0,52000,9750.0,South,Telangana,Hyderabad,Net Banking
ORD102319,2025-04-21,CUST1363,Aarav Verma,Desk,Furniture,1,12000.0,12000.0,9000,3000.0,North,Punjab,Ludhiana,UPI
ORD102320,2025-12-18,CUST1111,Meera Nair,Keyboard,Accessories,2,2200.0,4400.0,2800,1600.0,West,Maharashtra,Mumbai,Credit Card
ORD102321,2025-03-18,CUST1170,Aarav Kulkarni,External SSD,Storage,1,8500.0,8500.0,6200,2300.0,South,Andhra Pradesh,Vijayawada,Cash on Delivery
ORD102322,2025-04-04,CUST1053,Ananya Nair,Webcam,Accessories,2,2800.0,5600.0,3400,2200.0,West,Goa,Panaji,UPI
ORD102323,2025-07-05,CUST1083,Aditya Shah,Headphones,Accessories,1,3500.0,3500.0,2200,1300.0,North,Delhi,New Delhi,Cash on Delivery
ORD102324,2025-05-22,CUST1507,Ishaan Shah,Headphones,Accessories,4,3500.0,14000.0,8800,5200.0,South,Tamil Nadu,Chennai,Net Banking
ORD102325,2025-05-06,CUST1384,Sahil Chaudhary,Mouse,Accessories,1,1200.0,1200.0,700,500.0,South,Karnataka,Bengaluru,Net Banking
ORD102326,2025-07-09,CUST1384,Rohan Verma,Tablet,Electronics,1,24000.0,24000.0,19500,4500.0,South,Telangana,Hyderabad,Credit Card
ORD102327,2025-02-24,CUST1792,Rahul Reddy,Tablet,Electronics,1,22800.0,22800.0,19500,3300.0,West,Gujarat,Ahmedabad,Net Banking
ORD102328,2025-07-15,CUST1331,Rahul Joshi,Tablet,Electronics,1,24000.0,24000.0,19500,4500.0,West,Maharashtra,Nashik,UPI
ORD102329,2025-07-12,CUST1091,Priya Iyer,Office Chair,Furniture,2,9500.0,19000.0,14000,5000.0,East,Jharkhand,Ranchi,Cash on Delivery
ORD102330,2025-02-02,CUST1516,Meera Patil,Webcam,Accessories,2,2940.0,5880.0,3400,2480.0,East,Jharkhand,Ranchi,Debit Card
ORD102331,2025-12-17,CUST1124,Neha Chaudhary,Headphones,Accessories,2,3500.0,7000.0,4400,2600.0,East,Assam,Guwahati,Debit Card
ORD102332,2025-02-25,CUST1248,Diya Joshi,Tablet,Electronics,3,24000.0,72000.0,58500,13500.0,North,Uttar Pradesh,Noida,Net Banking
ORD102333,2025-11-03,CUST1541,Pooja Singh,Mouse,Accessories,1,1260.0,1260.0,700,560.0,North,Delhi,New Delhi,Credit Card
ORD102334,2025-03-28,CUST1275,Meera Sharma,Mouse,Accessories,3,1200.0,3600.0,2100,1500.0,West,Gujarat,Ahmedabad,Credit Card
ORD102335,2025-10-10,CUST1764,Nisha Patil,Laptop,Electronics,1,65000.0,65000.0,52000,13000.0,North,Haryana,Gurugram,Debit Card
ORD102336,2025-06-13,CUST1988,Ishaan Deshmukh,Webcam,Accessories,3,2800.0,8400.0,5100,3300.0,South,Andhra Pradesh,Vijayawada,UPI
ORD102337,2025-04-20,CUST1035,Aarav Iyer,Smartphone,Electronics,3,32000.0,96000.0,81000,15000.0,East,Jharkhand,Ranchi,UPI
ORD102338,2025-02-04,CUST1294,Meera Reddy,Headphones,Accessories,3,3500.0,10500.0,6600,3900.0,West,Maharashtra,Pune,Credit Card
ORD102339,2025-01-16,CUST1472,Neha Kulkarni,Tablet,Electronics,1,22800.0,22800.0,19500,3300.0,West,Gujarat,Surat,Net Banking
ORD102340,2025-05-25,CUST1821,Ishaan Iyer,Monitor,Electronics,2,18000.0,36000.0,27000,9000.0,West,Goa,Panaji,UPI
ORD102341,2025-07-16,CUST1167,Sneha Reddy,Laptop,Electronics,3,65000.0,195000.0,156000,39000.0,East,Assam,Guwahati,Credit Card
ORD102342,2025-10-23,CUST1820,Ananya Kulkarni,Mouse,Accessories,4,1200.0,4800.0,2800,2000.0,North,Uttar Pradesh,Noida,UPI
ORD102343,2025-07-06,CUST1174,Priya Deshmukh,Laptop,Electronics,4,65000.0,260000.0,208000,52000.0,North,Uttar Pradesh,Noida,UPI
ORD102344,2025-10-04,CUST1464,Vikram Shah,Monitor,Electronics,1,18000.0,18000.0,13500,4500.0,East,Bihar,Patna,UPI
ORD102345,2025-08-27,CUST1768,Aarav Sharma,Keyboard,Accessories,4,2200.0,8800.0,5600,3200.0,North,Uttar Pradesh,Noida,Debit Card
ORD102346,2025-04-11,CUST1452,Arjun Yadav,Printer,Office Equipment,2,12500.0,25000.0,19600,5400.0,North,Punjab,Ludhiana,Debit Card
ORD102347,2025-09-06,CUST1588,Sahil Sharma,Printer,Office Equipment,2,12500.0,25000.0,19600,5400.0,West,Gujarat,Surat,Credit Card
ORD102348,2025-12-07,CUST1327,Ishaan Chaudhary,Mouse,Accessories,1,1200.0,1200.0,700,500.0,West,Goa,Panaji,Debit Card
ORD102349,2025-02-26,CUST1413,Sneha Patil,Laptop,Electronics,1,65000.0,65000.0,52000,13000.0,North,Delhi,New Delhi,Net Banking
ORD102350,2025-09-13,CUST1387,Aarav Gupta,Headphones,Accessories,5,3325.0,16625.0,11000,5625.0,West,Goa,Panaji,Cash on Delivery
ORD102351,2025-01-02,CUST1071,Neha Iyer,Mouse,Accessories,1,1260.0,1260.0,700,560.0,West,Gujarat,Surat,UPI
ORD102352,2025-06-16,CUST1324,Neha Yadav,Monitor,Electronics,1,17100.0,17100.0,13500,3600.0,South,Tamil Nadu,Chennai,UPI
ORD102353,2025-12-12,CUST1453,Neha Shah,Desk,Furniture,3,12000.0,36000.0,27000,9000.0,North,Haryana,Gurugram,Cash on Delivery
ORD102354,2025-02-11,CUST1290,Meera Gupta,Laptop,Electronics,1,65000.0,65000.0,52000,13000.0,North,Rajasthan,Jaipur,Credit Card
ORD102355,2025-04-09,CUST1784,Riya Shah,Headphones,Accessories,2,3500.0,7000.0,4400,2600.0,West,Goa,Panaji,UPI
ORD102356,2025-06-30,CUST1262,Sahil Sharma,Keyboard,Accessories,2,2310.0,4620.0,2800,1820.0,West,Goa,Panaji,Debit Card
ORD102357,2025-03-09,CUST1491,Sneha Chaudhary,Monitor,Electronics,1,18000.0,18000.0,13500,4500.0,East,Bihar,Patna,UPI
ORD102358,2025-04-01,CUST1199,Karan Yadav,Headphones,Accessories,4,3325.0,13300.0,8800,4500.0,North,Rajasthan,Jaipur,Debit Card
ORD102359,2025-03-07,CUST1921,Sneha Iyer,Printer,Office Equipment,1,12500.0,12500.0,9800,2700.0,South,Kerala,Kochi,Credit Card
ORD102360,2025-11-02,CUST1821,Karan Shah,Office Chair,Furniture,1,9500.0,9500.0,7000,2500.0,South,Kerala,Kochi,Net Banking
ORD102361,2025-01-29,CUST1858,Rohan Shah,External SSD,Storage,1,8925.0,8925.0,6200,2725.0,South,Karnataka,Bengaluru,Debit Card
ORD102362,2025-10-27,CUST1864,Vikram Chaudhary,Headphones,Accessories,1,3500.0,3500.0,2200,1300.0,West,Gujarat,Surat,Credit Card
ORD102363,2025-05-25,CUST1504,Karan Chaudhary,Mouse,Accessories,3,1200.0,3600.0,2100,1500.0,West,Maharashtra,Pune,Debit Card
ORD102364,2025-12-02,CUST1600,Sneha Kulkarni,Laptop,Electronics,1,65000.0,65000.0,52000,13000.0,East,Odisha,Bhubaneswar,UPI
ORD102365,2025-12-21,CUST1406,Riya Yadav,Desk,Furniture,1,12000.0,12000.0,9000,3000.0,East,West Bengal,Kolkata,UPI
ORD102366,2025-10-11,CUST1006,Ishaan Verma,Desk,Furniture,3,12600.0,37800.0,27000,10800.0,West,Maharashtra,Nashik,Debit Card
ORD102367,2025-11-16,CUST1877,Karan Singh,Printer,Office Equipment,2,12500.0,25000.0,19600,5400.0,West,Gujarat,Surat,UPI
ORD102368,2025-04-10,CUST1625,Kavya Kulkarni,Headphones,Accessories,2,3500.0,7000.0,4400,2600.0,East,West Bengal,Kolkata,Credit Card
ORD102369,2025-05-19,CUST1385,Vikram Mehta,Office Chair,Furniture,1,9975.0,9975.0,7000,2975.0,West,Gujarat,Ahmedabad,Cash on Delivery
ORD102370,2025-10-20,CUST1179,Arjun Nair,Smartphone,Electronics,1,32000.0,32000.0,27000,5000.0,West,Maharashtra,Pune,Debit Card
ORD102371,2025-05-09,CUST1406,Priya Yadav,Webcam,Accessories,2,2800.0,5600.0,3400,2200.0,West,Gujarat,Surat,Net Banking
ORD102372,2025-01-24,CUST1947,Rohan Shah,Mouse,Accessories,2,1260.0,2520.0,1400,1120.0,South,Kerala,Kochi,Net Banking
ORD102373,2025-12-13,CUST1068,Sahil Patil,Keyboard,Accessories,1,2200.0,2200.0,1400,800.0,West,Maharashtra,Nashik,Net Banking
ORD102374,2025-10-21,CUST1160,Rohan Chaudhary,Printer,Office Equipment,4,12500.0,50000.0,39200,10800.0,East,West Bengal,Kolkata,UPI
ORD102375,2025-10-12,CUST1147,Vikram Iyer,Laptop,Electronics,2,65000.0,130000.0,104000,26000.0,South,Andhra Pradesh,Vijayawada,Cash on Delivery
ORD102376,2025-06-30,CUST1375,Aditya Shah,Office Chair,Furniture,1,9975.0,9975.0,7000,2975.0,West,Maharashtra,Pune,Credit Card
ORD102377,2025-04-08,CUST1345,Meera Deshmukh,Smartphone,Electronics,2,32000.0,64000.0,54000,10000.0,North,Delhi,New Delhi,Net Banking
ORD102378,2025-03-11,CUST1678,Sneha Patil,Printer,Office Equipment,2,12500.0,25000.0,19600,5400.0,West,Maharashtra,Nashik,Net Banking
ORD102379,2025-02-19,CUST1459,Pooja Joshi,Mouse,Accessories,1,1200.0,1200.0,700,500.0,South,Andhra Pradesh,Vijayawada,Credit Card
ORD102380,2025-05-03,CUST1496,Pooja Joshi,Office Chair,Furniture,1,9975.0,9975.0,7000,2975.0,West,Gujarat,Ahmedabad,Cash on Delivery
ORD102381,2025-07-27,CUST1653,Nisha Shah,Monitor,Electronics,1,18000.0,18000.0,13500,4500.0,East,West Bengal,Kolkata,Net Banking
ORD102382,2025-07-30,CUST1356,Sahil Sharma,Monitor,Electronics,2,18000.0,36000.0,27000,9000.0,West,Maharashtra,Pune,Debit Card
ORD102383,2025-02-14,CUST1941,Nisha Joshi,Desk,Furniture,2,12000.0,24000.0,18000,6000.0,South,Kerala,Kochi,Net Banking
ORD102384,2025-08-30,CUST1581,Rahul Deshmukh,Headphones,Accessories,2,3500.0,7000.0,4400,2600.0,East,Odisha,Bhubaneswar,Net Banking
ORD102385,2025-01-17,CUST1631,Arjun Singh,Monitor,Electronics,3,18000.0,54000.0,40500,13500.0,East,Bihar,Patna,UPI
ORD102386,2025-02-12,CUST1574,Karan Iyer,Mouse,Accessories,2,1200.0,2400.0,1400,1000.0,North,Rajasthan,Jaipur,Net Banking
ORD102387,2025-08-13,CUST1606,Sneha Singh,External SSD,Storage,2,8500.0,17000.0,12400,4600.0,North,Haryana,Gurugram,UPI
ORD102388,2025-04-16,CUST1469,Pooja Iyer,Webcam,Accessories,3,2800.0,8400.0,5100,3300.0,North,Uttar Pradesh,Noida,UPI
ORD102389,2025-11-28,CUST1373,Vikram Verma,Tablet,Electronics,5,24000.0,120000.0,97500,22500.0,West,Maharashtra,Pune,Debit Card
ORD102390,2025-12-30,CUST1184,Aarav Patil,Desk,Furniture,1,12600.0,12600.0,9000,3600.0,West,Goa,Panaji,UPI
ORD102391,2025-02-08,CUST1399,Meera Joshi,Monitor,Electronics,1,18000.0,18000.0,13500,4500.0,West,Gujarat,Surat,Debit Card
ORD102392,2025-04-17,CUST1863,Aditya Singh,Printer,Office Equipment,4,12500.0,50000.0,39200,10800.0,South,Tamil Nadu,Chennai,Net Banking
ORD102393,2025-04-06,CUST1900,Kavya Nair,Keyboard,Accessories,2,2200.0,4400.0,2800,1600.0,West,Gujarat,Surat,Cash on Delivery
ORD102394,2025-04-02,CUST1214,Sneha Iyer,Tablet,Electronics,1,24000.0,24000.0,19500,4500.0,East,Bihar,Patna,Cash on Delivery
ORD102395,2025-06-11,CUST1683,Nisha Joshi,Printer,Office Equipment,2,12500.0,25000.0,19600,5400.0,South,Karnataka,Bengaluru,UPI
ORD102396,2025-04-02,CUST1531,Sahil Kulkarni,Smartphone,Electronics,3,32000.0,96000.0,81000,15000.0,South,Kerala,Kochi,Debit Card
ORD102397,2025-11-28,CUST1799,Vikram Verma,Headphones,Accessories,1,3500.0,3500.0,2200,1300.0,West,Gujarat,Ahmedabad,UPI
ORD102398,2025-09-17,CUST1366,Aditya Reddy,External SSD,Storage,1,8500.0,8500.0,6200,2300.0,South,Kerala,Kochi,UPI
ORD102399,2025-12-23,CUST1623,Aditya Iyer,Headphones,Accessories,2,3675.0,7350.0,4400,2950.0,North,Delhi,New Delhi,Credit Card
ORD102400,2025-06-25,CUST1612,Aditya Iyer,Headphones,Accessories,4,3500.0,14000.0,8800,5200.0,South,Kerala,Kochi,Debit Card
ORD102401,2025-10-13,CUST1998,Meera Deshmukh,Smartphone,Electronics,2,32000.0,64000.0,54000,10000.0,North,Uttar Pradesh,Noida,Credit Card
ORD102402,2025-10-23,CUST1974,Arjun Mehta,Smartphone,Electronics,1,32000.0,32000.0,27000,5000.0,South,Telangana,Hyderabad,Credit Card
ORD102403,2025-01-03,CUST1573,Rohan Patil,Printer,Office Equipment,1,12500.0,12500.0,9800,2700.0,West,Maharashtra,Nashik,Credit Card
ORD102404,2025-12-05,CUST1574,Vikram Joshi,Smartphone,Electronics,4,32000.0,128000.0,108000,20000.0,South,Andhra Pradesh,Vijayawada,Net Banking
ORD102405,2025-01-11,CUST1537,Sahil Patil,Mouse,Accessories,4,1200.0,4800.0,2800,2000.0,South,Tamil Nadu,Chennai,UPI
ORD102406,2025-02-03,CUST1505,Tanvi Joshi,Laptop,Electronics,1,65000.0,65000.0,52000,13000.0,South,Karnataka,Bengaluru,Net Banking
ORD102407,2025-05-15,CUST1587,Kavya Chaudhary,Desk,Furniture,3,12000.0,36000.0,27000,9000.0,East,West Bengal,Kolkata,Cash on Delivery
ORD102408,2025-07-31,CUST1501,Ananya Shah,Headphones,Accessories,2,3325.0,6650.0,4400,2250.0,North,Punjab,Ludhiana,Net Banking
ORD102409,2025-11-23,CUST1622,Sneha Chaudhary,Smartphone,Electronics,2,32000.0,64000.0,54000,10000.0,North,Punjab,Ludhiana,UPI
ORD102410,2025-12-14,CUST1982,Tanvi Reddy,Mouse,Accessories,2,1200.0,2400.0,1400,1000.0,West,Maharashtra,Nashik,Cash on Delivery
ORD102411,2025-04-07,CUST1182,Neha Iyer,Laptop,Electronics,1,65000.0,65000.0,52000,13000.0,West,Maharashtra,Nashik,Debit Card
ORD102412,2025-04-29,CUST1613,Pooja Yadav,Office Chair,Furniture,3,9025.0,27075.0,21000,6075.0,West,Gujarat,Surat,Cash on Delivery
ORD102413,2025-10-02,CUST1878,Kavya Nair,Office Chair,Furniture,4,9500.0,38000.0,28000,10000.0,West,Gujarat,Surat,Debit Card
ORD102414,2025-02-21,CUST1612,Kavya Reddy,Monitor,Electronics,1,18000.0,18000.0,13500,4500.0,West,Gujarat,Surat,UPI
ORD102415,2025-12-20,CUST1674,Diya Singh,Mouse,Accessories,1,1200.0,1200.0,700,500.0,East,Bihar,Patna,Net Banking
ORD102416,2025-08-22,CUST1453,Ananya Reddy,Mouse,Accessories,1,1200.0,1200.0,700,500.0,South,Kerala,Kochi,Debit Card
ORD102417,2025-10-21,CUST1207,Sahil Gupta,Laptop,Electronics,2,65000.0,130000.0,104000,26000.0,West,Gujarat,Ahmedabad,Net Banking
ORD102418,2025-04-24,CUST1737,Sneha Nair,Monitor,Electronics,2,18000.0,36000.0,27000,9000.0,South,Andhra Pradesh,Vijayawada,Debit Card
ORD102419,2025-02-23,CUST1225,Karan Shah,Laptop,Electronics,2,65000.0,130000.0,104000,26000.0,East,Assam,Guwahati,Cash on Delivery
ORD102420,2025-06-29,CUST1447,Meera Joshi,Mouse,Accessories,2,1200.0,2400.0,1400,1000.0,East,Assam,Guwahati,Credit Card
ORD102421,2025-10-10,CUST1944,Rahul Reddy,Smartphone,Electronics,1,32000.0,32000.0,27000,5000.0,West,Maharashtra,Pune,UPI
ORD102422,2025-04-04,CUST1725,Karan Gupta,External SSD,Storage,2,8500.0,17000.0,12400,4600.0,East,Jharkhand,Ranchi,Credit Card
ORD102423,2025-05-18,CUST1712,Rohan Mehta,Mouse,Accessories,1,1200.0,1200.0,700,500.0,North,Delhi,New Delhi,Debit Card
ORD102424,2025-01-21,CUST1506,Ananya Joshi,Office Chair,Furniture,2,9500.0,19000.0,14000,5000.0,North,Haryana,Gurugram,Cash on Delivery
ORD102425,2025-08-28,CUST1908,Neha Mehta,Smartphone,Electronics,1,32000.0,32000.0,27000,5000.0,East,Bihar,Patna,UPI
ORD102426,2025-01-26,CUST1585,Tanvi Singh,Tablet,Electronics,3,24000.0,72000.0,58500,13500.0,North,Uttar Pradesh,Noida,UPI
ORD102427,2025-05-08,CUST1513,Rohan Chaudhary,Office Chair,Furniture,1,9500.0,9500.0,7000,2500.0,South,Kerala,Kochi,UPI
ORD102428,2025-07-28,CUST1745,Sneha Shah,Smartphone,Electronics,4,32000.0,128000.0,108000,20000.0,West,Maharashtra,Nashik,Credit Card
ORD102429,2025-02-02,CUST1715,Meera Kulkarni,Keyboard,Accessories,5,2200.0,11000.0,7000,4000.0,North,Rajasthan,Jaipur,Credit Card
ORD102430,2025-08-25,CUST1455,Arjun Patil,Mouse,Accessories,1,1200.0,1200.0,700,500.0,North,Punjab,Ludhiana,Net Banking
ORD102431,2025-03-29,CUST1196,Nisha Iyer,Headphones,Accessories,1,3500.0,3500.0,2200,1300.0,North,Haryana,Gurugram,Debit Card
ORD102432,2025-03-18,CUST1179,Ishaan Yadav,Laptop,Electronics,1,65000.0,65000.0,52000,13000.0,West,Goa,Panaji,UPI
ORD102433,2025-02-15,CUST1983,Kavya Deshmukh,Keyboard,Accessories,1,2090.0,2090.0,1400,690.0,South,Telangana,Hyderabad,Cash on Delivery
ORD102434,2025-06-15,CUST1847,Rahul Mehta,Monitor,Electronics,1,18000.0,18000.0,13500,4500.0,West,Goa,Panaji,UPI
ORD102435,2025-08-19,CUST1444,Aditya Verma,Office Chair,Furniture,1,9500.0,9500.0,7000,2500.0,North,Delhi,New Delhi,Net Banking
ORD102436,2025-07-10,CUST1975,Ananya Singh,Keyboard,Accessories,2,2090.0,4180.0,2800,1380.0,North,Rajasthan,Jaipur,Net Banking
ORD102437,2025-06-14,CUST1742,Riya Reddy,Office Chair,Furniture,2,9500.0,19000.0,14000,5000.0,West,Maharashtra,Mumbai,Debit Card
ORD102438,2025-12-12,CUST1663,Pooja Verma,Office Chair,Furniture,3,9500.0,28500.0,21000,7500.0,North,Haryana,Gurugram,Net Banking
ORD102439,2025-03-08,CUST1759,Kavya Patil,Smartphone,Electronics,1,32000.0,32000.0,27000,5000.0,South,Andhra Pradesh,Vijayawada,UPI
ORD102440,2025-08-18,CUST1455,Riya Sharma,Headphones,Accessories,2,3500.0,7000.0,4400,2600.0,West,Gujarat,Surat,Credit Card
ORD102441,2025-10-11,CUST1561,Arjun Chaudhary,Keyboard,Accessories,4,2200.0,8800.0,5600,3200.0,West,Maharashtra,Mumbai,Net Banking
ORD102442,2025-07-19,CUST1838,Aditya Mehta,Keyboard,Accessories,2,2200.0,4400.0,2800,1600.0,West,Gujarat,Ahmedabad,Cash on Delivery
ORD102443,2025-02-06,CUST1591,Nisha Mehta,External SSD,Storage,1,8500.0,8500.0,6200,2300.0,West,Gujarat,Ahmedabad,Debit Card
ORD102444,2025-05-22,CUST1301,Vikram Joshi,Tablet,Electronics,1,24000.0,24000.0,19500,4500.0,West,Gujarat,Surat,Debit Card
ORD102445,2025-12-13,CUST1343,Rohan Iyer,Mouse,Accessories,5,1200.0,6000.0,3500,2500.0,North,Uttar Pradesh,Noida,Debit Card
ORD102446,2025-09-04,CUST1604,Ishaan Patil,Printer,Office Equipment,2,12500.0,25000.0,19600,5400.0,West,Goa,Panaji,Credit Card
ORD102447,2025-09-20,CUST1013,Aditya Deshmukh,Desk,Furniture,2,12000.0,24000.0,18000,6000.0,West,Gujarat,Ahmedabad,UPI
ORD102448,2025-02-13,CUST1383,Ishaan Nair,Tablet,Electronics,2,24000.0,48000.0,39000,9000.0,West,Gujarat,Surat,Cash on Delivery
ORD102449,2025-04-16,CUST1035,Karan Shah,Mouse,Accessories,1,1140.0,1140.0,700,440.0,South,Karnataka,Bengaluru,Net Banking
ORD102450,2025-12-03,CUST1512,Diya Yadav,Tablet,Electronics,1,22800.0,22800.0,19500,3300.0,South,Andhra Pradesh,Vijayawada,Credit Card
ORD102451,2025-05-08,CUST1635,Riya Patil,Mouse,Accessories,5,1140.0,5700.0,3500,2200.0,West,Gujarat,Surat,Cash on Delivery
ORD102452,2025-10-03,CUST1260,Pooja Nair,Mouse,Accessories,1,1260.0,1260.0,700,560.0,North,Uttar Pradesh,Noida,Cash on Delivery
ORD102453,2025-01-04,CUST1095,Arjun Chaudhary,Keyboard,Accessories,4,2200.0,8800.0,5600,3200.0,West,Goa,Panaji,Cash on Delivery
ORD102454,2025-07-31,CUST1755,Diya Verma,Office Chair,Furniture,1,9500.0,9500.0,7000,2500.0,North,Delhi,New Delhi,Net Banking
ORD102455,2025-01-30,CUST1406,Tanvi Joshi,Smartphone,Electronics,1,32000.0,32000.0,27000,5000.0,South,Karnataka,Bengaluru,Cash on Delivery
ORD102456,2025-11-23,CUST1938,Karan Verma,Desk,Furniture,1,12000.0,12000.0,9000,3000.0,South,Telangana,Hyderabad,Debit Card
ORD102457,2025-10-17,CUST1913,Arjun Reddy,External SSD,Storage,1,8075.0,8075.0,6200,1875.0,South,Andhra Pradesh,Vijayawada,Net Banking
ORD102458,2025-09-23,CUST1059,Priya Sharma,Webcam,Accessories,2,2660.0,5320.0,3400,1920.0,South,Telangana,Hyderabad,Credit Card
ORD102459,2025-04-24,CUST1462,Pooja Mehta,External SSD,Storage,3,8500.0,25500.0,18600,6900.0,North,Uttar Pradesh,Noida,Credit Card
ORD102460,2025-07-14,CUST1363,Aarav Nair,Headphones,Accessories,3,3500.0,10500.0,6600,3900.0,North,Haryana,Gurugram,UPI
ORD102461,2025-10-30,CUST1339,Meera Yadav,Monitor,Electronics,1,18000.0,18000.0,13500,4500.0,West,Gujarat,Surat,Net Banking
ORD102462,2025-02-03,CUST1366,Riya Chaudhary,External SSD,Storage,2,8500.0,17000.0,12400,4600.0,East,Jharkhand,Ranchi,Cash on Delivery
ORD102463,2025-04-25,CUST1091,Riya Kulkarni,Webcam,Accessories,5,2800.0,14000.0,8500,5500.0,East,Jharkhand,Ranchi,Credit Card
ORD102464,2025-09-27,CUST1128,Arjun Verma,Headphones,Accessories,2,3500.0,7000.0,4400,2600.0,North,Rajasthan,Jaipur,Credit Card
ORD102465,2025-12-28,CUST1782,Kavya Shah,Laptop,Electronics,3,65000.0,195000.0,156000,39000.0,South,Andhra Pradesh,Vijayawada,Debit Card
ORD102466,2025-06-04,CUST1396,Neha Verma,Tablet,Electronics,1,25200.0,25200.0,19500,5700.0,South,Andhra Pradesh,Vijayawada,Cash on Delivery
ORD102467,2025-10-01,CUST1412,Kavya Reddy,Office Chair,Furniture,4,9500.0,38000.0,28000,10000.0,East,Odisha,Bhubaneswar,UPI
ORD102468,2025-12-09,CUST1250,Priya Reddy,Mouse,Accessories,1,1260.0,1260.0,700,560.0,West,Gujarat,Surat,Debit Card
ORD102469,2025-03-14,CUST1287,Nisha Kulkarni,Monitor,Electronics,1,18000.0,18000.0,13500,4500.0,West,Maharashtra,Nashik,Debit Card
ORD102470,2025-10-07,CUST1915,Arjun Gupta,Laptop,Electronics,3,65000.0,195000.0,156000,39000.0,West,Maharashtra,Nashik,UPI
ORD102471,2025-06-25,CUST1253,Rohan Chaudhary,Laptop,Electronics,4,65000.0,260000.0,208000,52000.0,South,Kerala,Kochi,Cash on Delivery
ORD102472,2025-12-03,CUST1058,Riya Shah,Desk,Furniture,2,12000.0,24000.0,18000,6000.0,South,Andhra Pradesh,Vijayawada,Credit Card
ORD102473,2025-05-27,CUST1456,Ishaan Sharma,Mouse,Accessories,3,1200.0,3600.0,2100,1500.0,East,Bihar,Patna,Cash on Delivery
ORD102474,2025-01-31,CUST1906,Diya Deshmukh,Smartphone,Electronics,3,32000.0,96000.0,81000,15000.0,East,Odisha,Bhubaneswar,Debit Card
ORD102475,2025-09-19,CUST1687,Arjun Reddy,Keyboard,Accessories,1,2090.0,2090.0,1400,690.0,East,Odisha,Bhubaneswar,Net Banking
ORD102476,2025-01-06,CUST1285,Ishaan Kulkarni,Desk,Furniture,1,12600.0,12600.0,9000,3600.0,East,Bihar,Patna,Credit Card
ORD102477,2025-07-24,CUST1018,Priya Singh,Desk,Furniture,3,12000.0,36000.0,27000,9000.0,North,Rajasthan,Jaipur,Debit Card
ORD102478,2025-03-24,CUST1034,Arjun Joshi,Printer,Office Equipment,3,12500.0,37500.0,29400,8100.0,East,Odisha,Bhubaneswar,UPI
ORD102479,2025-05-05,CUST1966,Aditya Gupta,Mouse,Accessories,2,1200.0,2400.0,1400,1000.0,East,Jharkhand,Ranchi,Net Banking
ORD102480,2025-11-01,CUST1915,Riya Yadav,Smartphone,Electronics,1,33600.0,33600.0,27000,6600.0,North,Uttar Pradesh,Noida,Credit Card
ORD102481,2025-01-23,CUST1821,Vikram Yadav,Desk,Furniture,4,12000.0,48000.0,36000,12000.0,South,Karnataka,Bengaluru,Cash on Delivery
ORD102482,2025-01-13,CUST1521,Vikram Iyer,Printer,Office Equipment,1,12500.0,12500.0,9800,2700.0,South,Karnataka,Bengaluru,UPI
ORD102483,2025-03-12,CUST1480,Vikram Kulkarni,Printer,Office Equipment,1,13125.0,13125.0,9800,3325.0,South,Karnataka,Bengaluru,Net Banking
ORD102484,2025-12-14,CUST1619,Priya Verma,Printer,Office Equipment,2,12500.0,25000.0,19600,5400.0,East,Jharkhand,Ranchi,Debit Card
ORD102485,2025-01-06,CUST1700,Aditya Iyer,Headphones,Accessories,1,3500.0,3500.0,2200,1300.0,South,Andhra Pradesh,Vijayawada,Debit Card
ORD102486,2025-10-10,CUST1375,Rohan Iyer,Smartphone,Electronics,1,32000.0,32000.0,27000,5000.0,West,Gujarat,Ahmedabad,Cash on Delivery
ORD102487,2025-03-16,CUST1145,Sneha Deshmukh,Printer,Office Equipment,1,12500.0,12500.0,9800,2700.0,East,Odisha,Bhubaneswar,Debit Card
ORD102488,2025-10-24,CUST1327,Kavya Patil,Office Chair,Furniture,3,9500.0,28500.0,21000,7500.0,West,Goa,Panaji,Net Banking
ORD102489,2025-05-29,CUST1526,Meera Joshi,Smartphone,Electronics,4,32000.0,128000.0,108000,20000.0,West,Maharashtra,Mumbai,UPI
ORD102490,2025-06-20,CUST1106,Ishaan Yadav,Desk,Furniture,2,11400.0,22800.0,18000,4800.0,East,Odisha,Bhubaneswar,Credit Card
ORD102491,2025-11-10,CUST1845,Kavya Sharma,Tablet,Electronics,1,22800.0,22800.0,19500,3300.0,North,Uttar Pradesh,Noida,Cash on Delivery
ORD102492,2025-07-09,CUST1798,Meera Gupta,Printer,Office Equipment,1,12500.0,12500.0,9800,2700.0,West,Gujarat,Surat,UPI
ORD102493,2025-06-12,CUST1799,Karan Reddy,Smartphone,Electronics,2,32000.0,64000.0,54000,10000.0,South,Karnataka,Bengaluru,Cash on Delivery
ORD102494,2025-09-18,CUST1064,Aditya Mehta,Tablet,Electronics,2,24000.0,48000.0,39000,9000.0,South,Andhra Pradesh,Vijayawada,Debit Card
ORD102495,2025-10-20,CUST1713,Vikram Reddy,Mouse,Accessories,1,1200.0,1200.0,700,500.0,South,Karnataka,Bengaluru,Cash on Delivery
ORD102496,2025-04-19,CUST1300,Aarav Singh,Smartphone,Electronics,3,32000.0,96000.0,81000,15000.0,West,Gujarat,Surat,Cash on Delivery
ORD102497,2025-08-24,CUST1008,Pooja Shah,Desk,Furniture,1,12000.0,12000.0,9000,3000.0,West,Gujarat,Ahmedabad,Credit Card
ORD102498,2025-07-15,CUST1823,Tanvi Iyer,Monitor,Electronics,1,18000.0,18000.0,13500,4500.0,West,Gujarat,Surat,Credit Card
ORD102499,2025-10-31,CUST1467,Nisha Sharma,Laptop,Electronics,1,65000.0,65000.0,52000,13000.0,West,Goa,Panaji,UPI
ORD102500,2025-05-07,CUST1524,Tanvi Iyer,Tablet,Electronics,3,24000.0,72000.0,58500,13500.0,West,Maharashtra,Mumbai,UPI
ORD102501,2025-10-18,CUST1049,Arjun Sharma,Monitor,Electronics,2,18000.0,36000.0,27000,9000.0,North,Rajasthan,Jaipur,UPI
ORD102502,2025-03-18,CUST1942,Tanvi Shah,Tablet,Electronics,3,24000.0,72000.0,58500,13500.0,West,Maharashtra,Mumbai,Debit Card
ORD102503,2025-03-23,CUST1476,Karan Yadav,Mouse,Accessories,4,1260.0,5040.0,2800,2240.0,North,Punjab,Ludhiana,Debit Card
ORD102504,2025-03-09,CUST1054,Neha Sharma,Headphones,Accessories,2,3500.0,7000.0,4400,2600.0,West,Gujarat,Ahmedabad,Credit Card
ORD102505,2025-02-26,CUST1522,Riya Yadav,Keyboard,Accessories,4,2200.0,8800.0,5600,3200.0,East,Assam,Guwahati,UPI
ORD102506,2025-06-17,CUST1994,Meera Chaudhary,Smartphone,Electronics,3,32000.0,96000.0,81000,15000.0,West,Gujarat,Surat,Net Banking
ORD102507,2025-04-29,CUST1134,Aditya Singh,Mouse,Accessories,2,1200.0,2400.0,1400,1000.0,North,Uttar Pradesh,Noida,Credit Card
ORD102508,2025-07-24,CUST1053,Aarav Singh,Laptop,Electronics,2,65000.0,130000.0,104000,26000.0,West,Maharashtra,Mumbai,Net Banking
ORD102509,2025-07-12,CUST1377,Arjun Mehta,Keyboard,Accessories,2,2200.0,4400.0,2800,1600.0,West,Maharashtra,Mumbai,UPI
ORD102510,2025-02-12,CUST1319,Aarav Patil,Headphones,Accessories,1,3500.0,3500.0,2200,1300.0,North,Haryana,Gurugram,Net Banking
ORD102511,2025-05-03,CUST1352,Kavya Sharma,Mouse,Accessories,1,1200.0,1200.0,700,500.0,North,Rajasthan,Jaipur,Debit Card
ORD102512,2025-04-19,CUST1197,Aditya Joshi,Printer,Office Equipment,5,12500.0,62500.0,49000,13500.0,West,Maharashtra,Mumbai,Net Banking
ORD102513,2025-04-08,CUST1149,Meera Yadav,External SSD,Storage,5,8500.0,42500.0,31000,11500.0,South,Telangana,Hyderabad,Cash on Delivery
ORD102514,2025-02-28,CUST1416,Arjun Shah,Office Chair,Furniture,1,9500.0,9500.0,7000,2500.0,North,Haryana,Gurugram,Credit Card
ORD102515,2025-10-23,CUST1873,Kavya Mehta,External SSD,Storage,3,8500.0,25500.0,18600,6900.0,North,Haryana,Gurugram,UPI
ORD102516,2025-01-17,CUST1603,Arjun Joshi,Mouse,Accessories,2,1200.0,2400.0,1400,1000.0,West,Maharashtra,Mumbai,Cash on Delivery
ORD102517,2025-11-13,CUST1143,Ananya Yadav,Mouse,Accessories,1,1200.0,1200.0,700,500.0,South,Tamil Nadu,Chennai,Net Banking
ORD102518,2025-01-18,CUST1670,Rohan Gupta,Tablet,Electronics,1,25200.0,25200.0,19500,5700.0,South,Andhra Pradesh,Vijayawada,Cash on Delivery
ORD102519,2025-03-13,CUST1692,Pooja Mehta,Keyboard,Accessories,2,2200.0,4400.0,2800,1600.0,West,Maharashtra,Pune,Debit Card
ORD102520,2025-06-03,CUST1844,Rahul Patil,Keyboard,Accessories,1,2200.0,2200.0,1400,800.0,West,Maharashtra,Mumbai,Debit Card
ORD102521,2025-02-04,CUST1524,Ishaan Nair,Office Chair,Furniture,3,9500.0,28500.0,21000,7500.0,West,Gujarat,Surat,Debit Card
ORD102522,2025-02-20,CUST1944,Priya Joshi,Desk,Furniture,1,12000.0,12000.0,9000,3000.0,East,Odisha,Bhubaneswar,Credit Card
ORD102523,2025-05-09,CUST1260,Nisha Nair,Mouse,Accessories,4,1200.0,4800.0,2800,2000.0,North,Haryana,Gurugram,Credit Card
ORD102524,2025-04-15,CUST1256,Rahul Patil,Mouse,Accessories,1,1200.0,1200.0,700,500.0,South,Kerala,Kochi,Net Banking
ORD102525,2025-06-08,CUST1078,Meera Deshmukh,Office Chair,Furniture,1,9500.0,9500.0,7000,2500.0,South,Andhra Pradesh,Vijayawada,Net Banking
ORD102526,2025-08-07,CUST1376,Tanvi Joshi,Webcam,Accessories,2,2800.0,5600.0,3400,2200.0,North,Rajasthan,Jaipur,UPI
ORD102527,2025-02-25,CUST1968,Rohan Nair,Printer,Office Equipment,1,12500.0,12500.0,9800,2700.0,North,Haryana,Gurugram,Cash on Delivery
ORD102528,2025-09-19,CUST1307,Ananya Kulkarni,Laptop,Electronics,1,65000.0,65000.0,52000,13000.0,East,Assam,Guwahati,UPI
ORD102529,2025-11-08,CUST1385,Sahil Kulkarni,Headphones,Accessories,1,3500.0,3500.0,2200,1300.0,South,Kerala,Kochi,Debit Card
ORD102530,2025-10-11,CUST1287,Priya Joshi,Keyboard,Accessories,1,2200.0,2200.0,1400,800.0,West,Maharashtra,Nashik,UPI
ORD102531,2025-07-03,CUST1603,Aditya Sharma,Smartphone,Electronics,1,32000.0,32000.0,27000,5000.0,East,Bihar,Patna,Credit Card
ORD102532,2025-08-14,CUST1884,Sahil Patil,Tablet,Electronics,2,25200.0,50400.0,39000,11400.0,North,Punjab,Ludhiana,UPI
ORD102533,2025-11-13,CUST1010,Ananya Verma,Desk,Furniture,5,12000.0,60000.0,45000,15000.0,West,Maharashtra,Nashik,Net Banking
ORD102534,2025-09-11,CUST1958,Karan Yadav,Smartphone,Electronics,3,32000.0,96000.0,81000,15000.0,South,Kerala,Kochi,Credit Card
ORD102535,2025-11-05,CUST1649,Ishaan Kulkarni,Keyboard,Accessories,2,2200.0,4400.0,2800,1600.0,West,Gujarat,Ahmedabad,Credit Card
ORD102536,2025-04-12,CUST1112,Priya Sharma,Mouse,Accessories,1,1200.0,1200.0,700,500.0,East,Jharkhand,Ranchi,Credit Card
ORD102537,2025-01-04,CUST1759,Arjun Nair,Webcam,Accessories,3,2800.0,8400.0,5100,3300.0,North,Punjab,Ludhiana,UPI
ORD102538,2025-12-08,CUST1056,Nisha Reddy,Webcam,Accessories,2,2800.0,5600.0,3400,2200.0,East,West Bengal,Kolkata,Credit Card
ORD102539,2025-04-26,CUST1375,Priya Deshmukh,Smartphone,Electronics,1,32000.0,32000.0,27000,5000.0,South,Andhra Pradesh,Vijayawada,Cash on Delivery
ORD102540,2025-10-19,CUST1877,Sahil Yadav,Webcam,Accessories,1,2660.0,2660.0,1700,960.0,North,Uttar Pradesh,Noida,Cash on Delivery
ORD102541,2025-11-05,CUST1502,Ishaan Verma,Smartphone,Electronics,1,32000.0,32000.0,27000,5000.0,North,Haryana,Gurugram,Net Banking
ORD102542,2025-12-08,CUST1576,Karan Singh,Office Chair,Furniture,1,9500.0,9500.0,7000,2500.0,West,Goa,Panaji,Cash on Delivery
ORD102543,2025-02-16,CUST1013,Karan Nair,Keyboard,Accessories,2,2200.0,4400.0,2800,1600.0,North,Delhi,New Delhi,Net Banking
ORD102544,2025-10-16,CUST1883,Priya Singh,Headphones,Accessories,1,3325.0,3325.0,2200,1125.0,South,Kerala,Kochi,Cash on Delivery
ORD102545,2025-02-21,CUST1332,Tanvi Sharma,Mouse,Accessories,1,1200.0,1200.0,700,500.0,North,Haryana,Gurugram,Net Banking
ORD102546,2025-05-31,CUST1202,Vikram Shah,Keyboard,Accessories,2,2310.0,4620.0,2800,1820.0,West,Gujarat,Surat,Credit Card
ORD102547,2025-06-24,CUST1215,Aditya Patil,Headphones,Accessories,1,3675.0,3675.0,2200,1475.0,West,Maharashtra,Mumbai,Debit Card
ORD102548,2025-01-22,CUST1017,Tanvi Verma,Office Chair,Furniture,2,9500.0,19000.0,14000,5000.0,South,Karnataka,Bengaluru,Net Banking
ORD102549,2025-10-31,CUST1422,Rohan Singh,Laptop,Electronics,2,65000.0,130000.0,104000,26000.0,South,Tamil Nadu,Chennai,Credit Card
ORD102550,2025-10-08,CUST1981,Diya Reddy,Keyboard,Accessories,2,2200.0,4400.0,2800,1600.0,South,Andhra Pradesh,Vijayawada,UPI
ORD102551,2025-12-11,CUST1799,Neha Chaudhary,Laptop,Electronics,2,65000.0,130000.0,104000,26000.0,North,Delhi,New Delhi,Cash on Delivery
ORD102552,2025-03-04,CUST1931,Pooja Deshmukh,Mouse,Accessories,3,1200.0,3600.0,2100,1500.0,East,Assam,Guwahati,Credit Card
ORD102553,2025-02-07,CUST1764,Aarav Joshi,Webcam,Accessories,2,2800.0,5600.0,3400,2200.0,North,Rajasthan,Jaipur,Net Banking
ORD102554,2025-09-13,CUST1372,Neha Reddy,Desk,Furniture,2,12000.0,24000.0,18000,6000.0,East,Jharkhand,Ranchi,Debit Card
ORD102555,2025-09-16,CUST1439,Kavya Kulkarni,Headphones,Accessories,1,3500.0,3500.0,2200,1300.0,West,Maharashtra,Nashik,Debit Card
ORD102556,2025-06-23,CUST1238,Nisha Sharma,Monitor,Electronics,3,18000.0,54000.0,40500,13500.0,North,Rajasthan,Jaipur,Debit Card
ORD102557,2025-05-06,CUST1339,Kavya Shah,Webcam,Accessories,1,2660.0,2660.0,1700,960.0,South,Telangana,Hyderabad,UPI
ORD102558,2025-05-18,CUST1843,Rahul Gupta,Printer,Office Equipment,2,12500.0,25000.0,19600,5400.0,West,Maharashtra,Mumbai,Net Banking
ORD102559,2025-09-24,CUST1709,Nisha Sharma,Smartphone,Electronics,3,32000.0,96000.0,81000,15000.0,East,Assam,Guwahati,Net Banking
ORD102560,2025-11-08,CUST1272,Karan Iyer,Desk,Furniture,1,12000.0,12000.0,9000,3000.0,South,Andhra Pradesh,Vijayawada,Credit Card
ORD102561,2025-07-26,CUST1530,Ananya Patil,Mouse,Accessories,4,1200.0,4800.0,2800,2000.0,North,Haryana,Gurugram,UPI
ORD102562,2025-01-13,CUST1611,Nisha Deshmukh,Webcam,Accessories,1,2800.0,2800.0,1700,1100.0,South,Karnataka,Bengaluru,Debit Card
ORD102563,2025-02-22,CUST1062,Meera Nair,Mouse,Accessories,3,1200.0,3600.0,2100,1500.0,South,Karnataka,Bengaluru,Cash on Delivery
ORD102564,2025-08-04,CUST1791,Neha Gupta,External SSD,Storage,1,8500.0,8500.0,6200,2300.0,South,Karnataka,Bengaluru,Credit Card
ORD102565,2025-10-02,CUST1411,Ananya Kulkarni,Monitor,Electronics,1,18000.0,18000.0,13500,4500.0,West,Gujarat,Surat,UPI
ORD102566,2025-09-01,CUST1708,Riya Patil,Desk,Furniture,1,12000.0,12000.0,9000,3000.0,West,Maharashtra,Pune,UPI
ORD102567,2025-03-21,CUST1505,Sahil Gupta,Printer,Office Equipment,1,12500.0,12500.0,9800,2700.0,North,Haryana,Gurugram,Cash on Delivery
ORD102568,2025-02-27,CUST1812,Ishaan Shah,Desk,Furniture,1,12000.0,12000.0,9000,3000.0,West,Maharashtra,Pune,UPI
ORD102569,2025-07-15,CUST1432,Ananya Yadav,Webcam,Accessories,1,2940.0,2940.0,1700,1240.0,West,Maharashtra,Mumbai,UPI
ORD102570,2025-09-22,CUST1083,Priya Deshmukh,Mouse,Accessories,2,1200.0,2400.0,1400,1000.0,South,Kerala,Kochi,Cash on Delivery
ORD102571,2025-06-08,CUST1523,Sneha Kulkarni,Office Chair,Furniture,2,9500.0,19000.0,14000,5000.0,West,Maharashtra,Pune,Cash on Delivery
ORD102572,2025-03-12,CUST1538,Pooja Verma,Webcam,Accessories,4,2800.0,11200.0,6800,4400.0,West,Goa,Panaji,Cash on Delivery
ORD102573,2025-07-26,CUST1200,Ananya Deshmukh,Tablet,Electronics,1,24000.0,24000.0,19500,4500.0,South,Kerala,Kochi,Cash on Delivery
ORD102574,2025-07-28,CUST1588,Rohan Gupta,Desk,Furniture,1,12000.0,12000.0,9000,3000.0,North,Uttar Pradesh,Noida,Credit Card
ORD102575,2025-02-28,CUST1388,Tanvi Gupta,Printer,Office Equipment,2,12500.0,25000.0,19600,5400.0,North,Uttar Pradesh,Noida,Cash on Delivery
ORD102576,2025-05-30,CUST1337,Aarav Joshi,External SSD,Storage,2,8075.0,16150.0,12400,3750.0,South,Andhra Pradesh,Vijayawada,UPI
ORD102577,2025-09-26,CUST1045,Aditya Gupta,Keyboard,Accessories,1,2310.0,2310.0,1400,910.0,East,Jharkhand,Ranchi,Debit Card
ORD102578,2025-10-02,CUST1353,Meera Nair,Webcam,Accessories,2,2800.0,5600.0,3400,2200.0,North,Delhi,New Delhi,Debit Card
ORD102579,2025-12-21,CUST1705,Ishaan Patil,Smartphone,Electronics,3,32000.0,96000.0,81000,15000.0,West,Maharashtra,Pune,UPI
ORD102580,2025-06-18,CUST1938,Neha Kulkarni,Smartphone,Electronics,2,32000.0,64000.0,54000,10000.0,East,West Bengal,Kolkata,Debit Card
ORD102581,2025-12-18,CUST1860,Neha Patil,Desk,Furniture,2,12000.0,24000.0,18000,6000.0,South,Telangana,Hyderabad,Debit Card
ORD102582,2025-11-02,CUST1975,Tanvi Sharma,Webcam,Accessories,2,2800.0,5600.0,3400,2200.0,West,Maharashtra,Pune,UPI
ORD102583,2025-09-07,CUST1588,Kavya Gupta,Webcam,Accessories,2,2940.0,5880.0,3400,2480.0,West,Maharashtra,Pune,Debit Card
ORD102584,2025-03-13,CUST1368,Diya Gupta,Desk,Furniture,3,12600.0,37800.0,27000,10800.0,South,Andhra Pradesh,Vijayawada,Cash on Delivery
ORD102585,2025-08-01,CUST1400,Diya Kulkarni,Keyboard,Accessories,4,2200.0,8800.0,5600,3200.0,West,Gujarat,Ahmedabad,UPI
ORD102586,2025-12-12,CUST1261,Pooja Kulkarni,External SSD,Storage,1,8500.0,8500.0,6200,2300.0,North,Punjab,Ludhiana,Net Banking
ORD102587,2025-12-20,CUST1079,Ishaan Iyer,Desk,Furniture,2,12000.0,24000.0,18000,6000.0,West,Goa,Panaji,Cash on Delivery
ORD102588,2025-01-06,CUST1860,Sahil Yadav,Smartphone,Electronics,4,33600.0,134400.0,108000,26400.0,North,Uttar Pradesh,Noida,Debit Card
ORD102589,2025-10-09,CUST1114,Ananya Deshmukh,Office Chair,Furniture,3,9025.0,27075.0,21000,6075.0,North,Delhi,New Delhi,UPI
ORD102590,2025-05-19,CUST1283,Nisha Deshmukh,Webcam,Accessories,3,2800.0,8400.0,5100,3300.0,South,Telangana,Hyderabad,Cash on Delivery
ORD102591,2025-09-21,CUST1024,Ananya Deshmukh,Tablet,Electronics,2,24000.0,48000.0,39000,9000.0,North,Uttar Pradesh,Noida,Debit Card
ORD102592,2025-03-04,CUST1101,Vikram Gupta,Office Chair,Furniture,4,9500.0,38000.0,28000,10000.0,South,Telangana,Hyderabad,Cash on Delivery
ORD102593,2025-09-03,CUST1869,Neha Mehta,Desk,Furniture,4,12000.0,48000.0,36000,12000.0,South,Kerala,Kochi,UPI
ORD102594,2025-04-28,CUST1840,Diya Gupta,Printer,Office Equipment,1,12500.0,12500.0,9800,2700.0,West,Gujarat,Ahmedabad,Credit Card
ORD102595,2025-12-31,CUST1482,Aarav Verma,External SSD,Storage,4,8500.0,34000.0,24800,9200.0,South,Telangana,Hyderabad,UPI
ORD102596,2025-05-30,CUST1395,Riya Yadav,Tablet,Electronics,2,24000.0,48000.0,39000,9000.0,North,Punjab,Ludhiana,Cash on Delivery
ORD102597,2025-02-02,CUST1237,Pooja Nair,Desk,Furniture,4,12000.0,48000.0,36000,12000.0,West,Maharashtra,Mumbai,Cash on Delivery
ORD102598,2025-08-27,CUST1214,Rahul Deshmukh,External SSD,Storage,3,8500.0,25500.0,18600,6900.0,North,Rajasthan,Jaipur,Cash on Delivery
ORD102599,2025-03-13,CUST1438,Ananya Patil,Laptop,Electronics,1,65000.0,65000.0,52000,13000.0,East,Odisha,Bhubaneswar,Debit Card
ORD102600,2025-10-25,CUST1771,Aditya Mehta,Monitor,Electronics,4,18900.0,75600.0,54000,21600.0,North,Rajasthan,Jaipur,Cash on Delivery
ORD102601,2025-02-03,CUST1709,Vikram Reddy,Printer,Office Equipment,1,12500.0,12500.0,9800,2700.0,South,Andhra Pradesh,Vijayawada,Credit Card
ORD102602,2025-07-18,CUST1460,Pooja Chaudhary,Office Chair,Furniture,4,9500.0,38000.0,28000,10000.0,South,Tamil Nadu,Chennai,Debit Card
ORD102603,2025-04-26,CUST1981,Riya Shah,Printer,Office Equipment,3,12500.0,37500.0,29400,8100.0,South,Tamil Nadu,Chennai,Credit Card
ORD102604,2025-11-10,CUST1870,Nisha Deshmukh,Smartphone,Electronics,3,32000.0,96000.0,81000,15000.0,North,Haryana,Gurugram,Net Banking
ORD102605,2025-04-18,CUST1548,Kavya Kulkarni,Desk,Furniture,4,11400.0,45600.0,36000,9600.0,West,Gujarat,Surat,Net Banking
ORD102606,2025-07-10,CUST1330,Karan Deshmukh,Laptop,Electronics,1,65000.0,65000.0,52000,13000.0,West,Maharashtra,Nashik,Debit Card
ORD102607,2025-12-11,CUST1204,Arjun Iyer,Office Chair,Furniture,3,9500.0,28500.0,21000,7500.0,West,Maharashtra,Nashik,Credit Card
ORD102608,2025-02-07,CUST1755,Meera Joshi,Office Chair,Furniture,2,9500.0,19000.0,14000,5000.0,East,Odisha,Bhubaneswar,Cash on Delivery
ORD102609,2025-02-10,CUST1372,Arjun Singh,Tablet,Electronics,1,24000.0,24000.0,19500,4500.0,East,Jharkhand,Ranchi,Cash on Delivery
ORD102610,2025-05-19,CUST1006,Nisha Mehta,Webcam,Accessories,1,2800.0,2800.0,1700,1100.0,East,Assam,Guwahati,Credit Card
ORD102611,2025-11-08,CUST1896,Arjun Deshmukh,Desk,Furniture,2,11400.0,22800.0,18000,4800.0,North,Delhi,New Delhi,Cash on Delivery
ORD102612,2025-02-04,CUST1632,Pooja Joshi,Office Chair,Furniture,1,9500.0,9500.0,7000,2500.0,North,Uttar Pradesh,Noida,Cash on Delivery
ORD102613,2025-04-26,CUST1270,Neha Joshi,Headphones,Accessories,1,3500.0,3500.0,2200,1300.0,North,Haryana,Gurugram,Cash on Delivery
ORD102614,2025-09-28,CUST1895,Diya Chaudhary,Mouse,Accessories,2,1260.0,2520.0,1400,1120.0,South,Tamil Nadu,Chennai,Net Banking
ORD102615,2025-01-21,CUST1035,Rohan Reddy,Desk,Furniture,5,12000.0,60000.0,45000,15000.0,South,Andhra Pradesh,Vijayawada,Credit Card
ORD102616,2025-11-12,CUST1604,Vikram Deshmukh,External SSD,Storage,3,8500.0,25500.0,18600,6900.0,North,Uttar Pradesh,Noida,Debit Card
ORD102617,2025-11-14,CUST1087,Riya Chaudhary,Keyboard,Accessories,2,2200.0,4400.0,2800,1600.0,North,Delhi,New Delhi,Credit Card
ORD102618,2025-02-18,CUST1750,Neha Reddy,Webcam,Accessories,1,2800.0,2800.0,1700,1100.0,North,Rajasthan,Jaipur,Cash on Delivery
ORD102619,2025-05-11,CUST1189,Aarav Joshi,Desk,Furniture,1,12000.0,12000.0,9000,3000.0,South,Telangana,Hyderabad,Debit Card
ORD102620,2025-10-14,CUST1617,Sahil Chaudhary,External SSD,Storage,1,8925.0,8925.0,6200,2725.0,North,Delhi,New Delhi,Credit Card
ORD102621,2025-09-19,CUST1053,Rahul Gupta,Printer,Office Equipment,4,12500.0,50000.0,39200,10800.0,West,Goa,Panaji,UPI
ORD102622,2025-07-15,CUST1877,Ishaan Chaudhary,Tablet,Electronics,1,24000.0,24000.0,19500,4500.0,West,Maharashtra,Pune,Debit Card
ORD102623,2025-04-04,CUST1806,Tanvi Mehta,Headphones,Accessories,1,3500.0,3500.0,2200,1300.0,West,Maharashtra,Nashik,Net Banking
ORD102624,2025-05-31,CUST1352,Nisha Deshmukh,Webcam,Accessories,1,2800.0,2800.0,1700,1100.0,North,Punjab,Ludhiana,Net Banking
ORD102625,2025-10-08,CUST1938,Arjun Gupta,Webcam,Accessories,2,2800.0,5600.0,3400,2200.0,West,Goa,Panaji,Credit Card
ORD102626,2025-01-04,CUST1278,Ananya Verma,Smartphone,Electronics,3,32000.0,96000.0,81000,15000.0,East,Jharkhand,Ranchi,Net Banking
ORD102627,2025-10-25,CUST1773,Rohan Nair,Tablet,Electronics,1,24000.0,24000.0,19500,4500.0,West,Gujarat,Ahmedabad,Credit Card
ORD102628,2025-06-05,CUST1515,Neha Mehta,Laptop,Electronics,2,65000.0,130000.0,104000,26000.0,East,Odisha,Bhubaneswar,Cash on Delivery
ORD102629,2025-09-02,CUST1999,Tanvi Deshmukh,Mouse,Accessories,1,1200.0,1200.0,700,500.0,North,Punjab,Ludhiana,Credit Card
ORD102630,2025-12-10,CUST1646,Meera Shah,External SSD,Storage,2,8500.0,17000.0,12400,4600.0,North,Haryana,Gurugram,Debit Card
ORD102631,2025-12-24,CUST1456,Sneha Mehta,Laptop,Electronics,1,68250.0,68250.0,52000,16250.0,West,Maharashtra,Mumbai,Debit Card
ORD102632,2025-10-06,CUST1548,Aditya Verma,Printer,Office Equipment,1,12500.0,12500.0,9800,2700.0,North,Uttar Pradesh,Noida,Cash on Delivery
ORD102633,2025-03-03,CUST1064,Aarav Sharma,Keyboard,Accessories,2,2200.0,4400.0,2800,1600.0,West,Maharashtra,Mumbai,Net Banking
ORD102634,2025-07-20,CUST1243,Vikram Patil,Desk,Furniture,3,12600.0,37800.0,27000,10800.0,South,Karnataka,Bengaluru,Credit Card
ORD102635,2025-03-07,CUST2000,Ishaan Singh,Headphones,Accessories,1,3500.0,3500.0,2200,1300.0,West,Gujarat,Ahmedabad,Credit Card
ORD102636,2025-10-20,CUST1702,Karan Mehta,Headphones,Accessories,2,3500.0,7000.0,4400,2600.0,West,Gujarat,Ahmedabad,UPI
ORD102637,2025-11-01,CUST1110,Aditya Nair,Mouse,Accessories,1,1140.0,1140.0,700,440.0,North,Delhi,New Delhi,Debit Card
ORD102638,2025-02-01,CUST1879,Aditya Yadav,Keyboard,Accessories,1,2200.0,2200.0,1400,800.0,West,Maharashtra,Nashik,Net Banking
ORD102639,2025-09-15,CUST1172,Priya Chaudhary,Webcam,Accessories,2,2800.0,5600.0,3400,2200.0,West,Gujarat,Ahmedabad,Cash on Delivery
ORD102640,2025-11-26,CUST1084,Ishaan Yadav,Desk,Furniture,2,12000.0,24000.0,18000,6000.0,South,Andhra Pradesh,Vijayawada,UPI
ORD102641,2025-01-26,CUST1114,Priya Patil,External SSD,Storage,2,8500.0,17000.0,12400,4600.0,West,Maharashtra,Mumbai,Cash on Delivery
ORD102642,2025-05-06,CUST1618,Priya Yadav,Webcam,Accessories,1,2800.0,2800.0,1700,1100.0,West,Goa,Panaji,UPI
ORD102643,2025-08-05,CUST1047,Riya Reddy,Monitor,Electronics,5,18000.0,90000.0,67500,22500.0,West,Maharashtra,Pune,Debit Card
ORD102644,2025-06-11,CUST1254,Nisha Gupta,Tablet,Electronics,2,24000.0,48000.0,39000,9000.0,East,Jharkhand,Ranchi,Cash on Delivery
ORD102645,2025-04-28,CUST1120,Diya Shah,Webcam,Accessories,2,2800.0,5600.0,3400,2200.0,North,Uttar Pradesh,Noida,UPI
ORD102646,2025-04-04,CUST1520,Riya Iyer,Laptop,Electronics,3,61750.0,185250.0,156000,29250.0,West,Maharashtra,Mumbai,UPI
ORD102647,2025-01-12,CUST1475,Kavya Gupta,Office Chair,Furniture,2,9500.0,19000.0,14000,5000.0,South,Kerala,Kochi,Net Banking
ORD102648,2025-05-27,CUST1010,Sahil Kulkarni,Printer,Office Equipment,2,12500.0,25000.0,19600,5400.0,West,Maharashtra,Pune,Net Banking
ORD102649,2025-04-22,CUST1353,Sahil Gupta,Smartphone,Electronics,1,32000.0,32000.0,27000,5000.0,North,Uttar Pradesh,Noida,UPI
ORD102650,2025-04-30,CUST1116,Neha Iyer,Keyboard,Accessories,2,2200.0,4400.0,2800,1600.0,North,Rajasthan,Jaipur,Cash on Delivery
ORD102651,2025-08-13,CUST1685,Rahul Singh,Keyboard,Accessories,1,2200.0,2200.0,1400,800.0,West,Goa,Panaji,Debit Card
ORD102652,2025-08-07,CUST1311,Diya Nair,Headphones,Accessories,3,3500.0,10500.0,6600,3900.0,South,Telangana,Hyderabad,UPI
ORD102653,2025-11-18,CUST1137,Priya Mehta,Headphones,Accessories,3,3500.0,10500.0,6600,3900.0,North,Uttar Pradesh,Noida,Debit Card
ORD102654,2025-09-19,CUST1293,Tanvi Joshi,Keyboard,Accessories,1,2200.0,2200.0,1400,800.0,West,Gujarat,Surat,Credit Card
ORD102655,2025-12-23,CUST1996,Neha Nair,Webcam,Accessories,4,2800.0,11200.0,6800,4400.0,East,Odisha,Bhubaneswar,Credit Card
ORD102656,2025-08-25,CUST1794,Arjun Mehta,Smartphone,Electronics,3,32000.0,96000.0,81000,15000.0,South,Kerala,Kochi,Cash on Delivery
ORD102657,2025-11-27,CUST1965,Sneha Joshi,Laptop,Electronics,4,68250.0,273000.0,208000,65000.0,East,Bihar,Patna,UPI
ORD102658,2025-12-06,CUST1077,Rahul Yadav,Keyboard,Accessories,1,2310.0,2310.0,1400,910.0,South,Andhra Pradesh,Vijayawada,Net Banking
ORD102659,2025-04-05,CUST1294,Rahul Verma,Desk,Furniture,1,12000.0,12000.0,9000,3000.0,West,Gujarat,Surat,Cash on Delivery
ORD102660,2025-08-09,CUST1701,Priya Reddy,Smartphone,Electronics,2,32000.0,64000.0,54000,10000.0,West,Goa,Panaji,UPI
ORD102661,2025-01-09,CUST1177,Vikram Patil,Mouse,Accessories,3,1200.0,3600.0,2100,1500.0,South,Tamil Nadu,Chennai,Debit Card
ORD102662,2025-11-23,CUST1069,Ananya Chaudhary,Smartphone,Electronics,1,32000.0,32000.0,27000,5000.0,South,Kerala,Kochi,UPI
ORD102663,2025-12-28,CUST1964,Tanvi Sharma,Laptop,Electronics,1,61750.0,61750.0,52000,9750.0,North,Rajasthan,Jaipur,Debit Card
ORD102664,2025-03-05,CUST1583,Rahul Joshi,Smartphone,Electronics,1,32000.0,32000.0,27000,5000.0,North,Delhi,New Delhi,UPI
ORD102665,2025-04-27,CUST1315,Diya Yadav,Tablet,Electronics,2,25200.0,50400.0,39000,11400.0,North,Uttar Pradesh,Noida,Net Banking
ORD102666,2025-09-09,CUST1740,Sahil Chaudhary,Webcam,Accessories,1,2800.0,2800.0,1700,1100.0,South,Kerala,Kochi,Debit Card
ORD102667,2025-06-16,CUST1096,Ananya Deshmukh,External SSD,Storage,2,8925.0,17850.0,12400,5450.0,North,Uttar Pradesh,Noida,UPI
ORD102668,2025-06-12,CUST1745,Ananya Chaudhary,Desk,Furniture,1,12600.0,12600.0,9000,3600.0,North,Rajasthan,Jaipur,Cash on Delivery
ORD102669,2025-05-31,CUST1359,Kavya Verma,Webcam,Accessories,1,2800.0,2800.0,1700,1100.0,North,Haryana,Gurugram,Net Banking
ORD102670,2025-01-22,CUST1451,Kavya Joshi,Office Chair,Furniture,1,9975.0,9975.0,7000,2975.0,South,Andhra Pradesh,Vijayawada,Net Banking
ORD102671,2025-08-08,CUST1202,Sneha Deshmukh,Webcam,Accessories,2,2800.0,5600.0,3400,2200.0,South,Telangana,Hyderabad,Net Banking
ORD102672,2025-11-02,CUST1551,Sneha Iyer,Desk,Furniture,2,12000.0,24000.0,18000,6000.0,North,Uttar Pradesh,Noida,Cash on Delivery
ORD102673,2025-09-23,CUST1663,Tanvi Nair,Webcam,Accessories,2,2940.0,5880.0,3400,2480.0,South,Tamil Nadu,Chennai,UPI
ORD102674,2025-01-18,CUST1936,Aarav Joshi,Laptop,Electronics,2,65000.0,130000.0,104000,26000.0,South,Karnataka,Bengaluru,Net Banking
ORD102675,2025-06-24,CUST1824,Sahil Mehta,Webcam,Accessories,1,2800.0,2800.0,1700,1100.0,North,Uttar Pradesh,Noida,Debit Card
ORD102676,2025-06-03,CUST1509,Ananya Deshmukh,Monitor,Electronics,2,18000.0,36000.0,27000,9000.0,West,Maharashtra,Pune,Net Banking
ORD102677,2025-04-15,CUST1509,Kavya Iyer,Mouse,Accessories,5,1200.0,6000.0,3500,2500.0,East,Assam,Guwahati,Net Banking
ORD102678,2025-04-09,CUST1940,Pooja Shah,Tablet,Electronics,2,24000.0,48000.0,39000,9000.0,East,Odisha,Bhubaneswar,Credit Card
ORD102679,2025-09-29,CUST1859,Priya Iyer,Smartphone,Electronics,1,32000.0,32000.0,27000,5000.0,East,Assam,Guwahati,UPI
ORD102680,2025-07-06,CUST1343,Diya Patil,Mouse,Accessories,1,1200.0,1200.0,700,500.0,North,Punjab,Ludhiana,Credit Card
ORD102681,2025-06-20,CUST1870,Nisha Sharma,Webcam,Accessories,2,2800.0,5600.0,3400,2200.0,North,Rajasthan,Jaipur,UPI
ORD102682,2025-03-25,CUST1714,Diya Gupta,Mouse,Accessories,1,1200.0,1200.0,700,500.0,West,Goa,Panaji,Net Banking
ORD102683,2025-01-22,CUST1980,Vikram Mehta,Tablet,Electronics,1,24000.0,24000.0,19500,4500.0,North,Haryana,Gurugram,Credit Card
ORD102684,2025-02-18,CUST1179,Meera Shah,Headphones,Accessories,1,3325.0,3325.0,2200,1125.0,West,Maharashtra,Nashik,Debit Card
ORD102685,2025-06-24,CUST1588,Aditya Patil,Office Chair,Furniture,1,9500.0,9500.0,7000,2500.0,West,Gujarat,Surat,Cash on Delivery
ORD102686,2025-09-15,CUST1415,Rohan Singh,Printer,Office Equipment,4,13125.0,52500.0,39200,13300.0,South,Telangana,Hyderabad,UPI
ORD102687,2025-11-23,CUST1042,Nisha Nair,Mouse,Accessories,1,1200.0,1200.0,700,500.0,West,Maharashtra,Pune,UPI
ORD102688,2025-11-25,CUST1352,Rohan Gupta,Tablet,Electronics,1,24000.0,24000.0,19500,4500.0,East,Odisha,Bhubaneswar,Credit Card
ORD102689,2025-11-02,CUST1933,Karan Iyer,Mouse,Accessories,1,1200.0,1200.0,700,500.0,West,Maharashtra,Pune,Net Banking
ORD102690,2025-01-12,CUST1672,Diya Verma,Headphones,Accessories,1,3675.0,3675.0,2200,1475.0,West,Maharashtra,Nashik,UPI
ORD102691,2025-05-07,CUST1248,Arjun Singh,Tablet,Electronics,3,22800.0,68400.0,58500,9900.0,South,Karnataka,Bengaluru,Debit Card
ORD102692,2025-04-18,CUST1812,Tanvi Iyer,Webcam,Accessories,4,2800.0,11200.0,6800,4400.0,South,Kerala,Kochi,Credit Card
ORD102693,2025-12-11,CUST1206,Neha Mehta,Desk,Furniture,2,12000.0,24000.0,18000,6000.0,East,Assam,Guwahati,Net Banking
ORD102694,2025-12-02,CUST1497,Rahul Deshmukh,Keyboard,Accessories,5,2200.0,11000.0,7000,4000.0,West,Maharashtra,Nashik,UPI
ORD102695,2025-03-12,CUST1772,Rohan Nair,Desk,Furniture,4,12000.0,48000.0,36000,12000.0,East,Assam,Guwahati,Debit Card
ORD102696,2025-12-21,CUST1217,Meera Nair,Mouse,Accessories,1,1140.0,1140.0,700,440.0,East,West Bengal,Kolkata,Credit Card
ORD102697,2025-01-05,CUST1055,Ananya Deshmukh,Printer,Office Equipment,3,12500.0,37500.0,29400,8100.0,West,Goa,Panaji,Debit Card
ORD102698,2025-01-05,CUST1862,Aditya Patil,Smartphone,Electronics,2,32000.0,64000.0,54000,10000.0,South,Tamil Nadu,Chennai,UPI
ORD102699,2025-01-01,CUST1258,Nisha Yadav,Desk,Furniture,1,11400.0,11400.0,9000,2400.0,East,West Bengal,Kolkata,UPI
ORD102700,2025-08-11,CUST1175,Arjun Mehta,Printer,Office Equipment,1,11875.0,11875.0,9800,2075.0,North,Uttar Pradesh,Noida,UPI
ORD102701,2025-12-05,CUST1920,Rohan Iyer,Webcam,Accessories,1,2800.0,2800.0,1700,1100.0,East,Odisha,Bhubaneswar,UPI
ORD102702,2025-10-25,CUST1925,Meera Verma,Keyboard,Accessories,2,2200.0,4400.0,2800,1600.0,West,Maharashtra,Mumbai,Cash on Delivery
ORD102703,2025-11-14,CUST1718,Neha Nair,Headphones,Accessories,1,3500.0,3500.0,2200,1300.0,East,Assam,Guwahati,Net Banking
ORD102704,2025-04-02,CUST1866,Aarav Chaudhary,Tablet,Electronics,2,24000.0,48000.0,39000,9000.0,South,Andhra Pradesh,Vijayawada,Net Banking
ORD102705,2025-04-04,CUST1551,Vikram Gupta,Headphones,Accessories,1,3500.0,3500.0,2200,1300.0,West,Maharashtra,Pune,Credit Card
ORD102706,2025-05-16,CUST1117,Pooja Joshi,Smartphone,Electronics,1,32000.0,32000.0,27000,5000.0,South,Kerala,Kochi,Cash on Delivery
ORD102707,2025-08-15,CUST1572,Tanvi Sharma,Headphones,Accessories,1,3500.0,3500.0,2200,1300.0,East,Odisha,Bhubaneswar,UPI
ORD102708,2025-08-15,CUST1277,Ishaan Sharma,Webcam,Accessories,2,2940.0,5880.0,3400,2480.0,South,Karnataka,Bengaluru,Net Banking
ORD102709,2025-11-10,CUST1399,Neha Joshi,Printer,Office Equipment,1,12500.0,12500.0,9800,2700.0,South,Tamil Nadu,Chennai,Net Banking
ORD102710,2025-08-29,CUST1342,Diya Deshmukh,Headphones,Accessories,1,3500.0,3500.0,2200,1300.0,South,Kerala,Kochi,UPI
ORD102711,2025-08-19,CUST1583,Diya Kulkarni,Office Chair,Furniture,3,9500.0,28500.0,21000,7500.0,West,Maharashtra,Nashik,UPI
ORD102712,2025-03-01,CUST1450,Vikram Deshmukh,Webcam,Accessories,1,2800.0,2800.0,1700,1100.0,West,Maharashtra,Pune,Net Banking
ORD102713,2025-05-21,CUST1253,Karan Mehta,Desk,Furniture,1,12000.0,12000.0,9000,3000.0,North,Punjab,Ludhiana,Net Banking
ORD102714,2025-12-11,CUST1843,Karan Kulkarni,Mouse,Accessories,2,1200.0,2400.0,1400,1000.0,West,Maharashtra,Pune,Cash on Delivery
ORD102715,2025-09-30,CUST1813,Meera Singh,Headphones,Accessories,1,3500.0,3500.0,2200,1300.0,West,Gujarat,Surat,UPI
ORD102716,2025-02-04,CUST1618,Neha Singh,Printer,Office Equipment,3,12500.0,37500.0,29400,8100.0,South,Telangana,Hyderabad,Cash on Delivery
ORD102717,2025-01-24,CUST1626,Sneha Patil,Tablet,Electronics,1,24000.0,24000.0,19500,4500.0,West,Gujarat,Ahmedabad,Cash on Delivery
ORD102718,2025-01-02,CUST1956,Ananya Deshmukh,External SSD,Storage,1,8500.0,8500.0,6200,2300.0,West,Maharashtra,Pune,Net Banking
ORD102719,2025-07-07,CUST1284,Diya Shah,Monitor,Electronics,2,17100.0,34200.0,27000,7200.0,South,Telangana,Hyderabad,UPI
ORD102720,2025-09-02,CUST1772,Vikram Singh,Office Chair,Furniture,1,9025.0,9025.0,7000,2025.0,North,Delhi,New Delhi,Cash on Delivery
ORD102721,2025-09-30,CUST1799,Vikram Chaudhary,Mouse,Accessories,1,1200.0,1200.0,700,500.0,West,Gujarat,Surat,Credit Card
ORD102722,2025-10-26,CUST1383,Sahil Yadav,Smartphone,Electronics,3,32000.0,96000.0,81000,15000.0,West,Gujarat,Ahmedabad,Cash on Delivery
ORD102723,2025-05-12,CUST1402,Vikram Shah,Webcam,Accessories,2,2800.0,5600.0,3400,2200.0,West,Maharashtra,Nashik,Debit Card
ORD102724,2025-10-27,CUST1546,Karan Sharma,Webcam,Accessories,1,2800.0,2800.0,1700,1100.0,East,Odisha,Bhubaneswar,Debit Card
ORD102725,2025-08-16,CUST1427,Rohan Sharma,Desk,Furniture,1,11400.0,11400.0,9000,2400.0,West,Gujarat,Surat,Debit Card
ORD102726,2025-09-28,CUST1311,Rahul Yadav,Monitor,Electronics,5,17100.0,85500.0,67500,18000.0,West,Maharashtra,Pune,Cash on Delivery
ORD102727,2025-05-26,CUST1706,Neha Patil,Printer,Office Equipment,1,12500.0,12500.0,9800,2700.0,South,Andhra Pradesh,Vijayawada,UPI
ORD102728,2025-01-02,CUST1052,Priya Reddy,Printer,Office Equipment,1,12500.0,12500.0,9800,2700.0,West,Maharashtra,Mumbai,Cash on Delivery
ORD102729,2025-06-25,CUST1095,Pooja Patil,Mouse,Accessories,2,1200.0,2400.0,1400,1000.0,West,Maharashtra,Pune,Debit Card
ORD102730,2025-02-10,CUST1533,Vikram Kulkarni,Tablet,Electronics,1,25200.0,25200.0,19500,5700.0,North,Rajasthan,Jaipur,Debit Card
ORD102731,2025-03-17,CUST1199,Sahil Shah,Webcam,Accessories,1,2800.0,2800.0,1700,1100.0,South,Tamil Nadu,Chennai,Debit Card
ORD102732,2025-02-20,CUST1371,Sneha Nair,Desk,Furniture,1,12000.0,12000.0,9000,3000.0,West,Maharashtra,Nashik,UPI
ORD102733,2025-12-15,CUST1752,Tanvi Kulkarni,Smartphone,Electronics,1,32000.0,32000.0,27000,5000.0,South,Tamil Nadu,Chennai,Net Banking
ORD102734,2025-08-27,CUST1018,Arjun Deshmukh,Monitor,Electronics,2,18900.0,37800.0,27000,10800.0,North,Punjab,Ludhiana,Net Banking
ORD102735,2025-12-23,CUST1206,Neha Nair,Office Chair,Furniture,1,9975.0,9975.0,7000,2975.0,South,Andhra Pradesh,Vijayawada,UPI
ORD102736,2025-04-24,CUST1450,Rohan Mehta,Printer,Office Equipment,1,12500.0,12500.0,9800,2700.0,West,Maharashtra,Nashik,Credit Card
ORD102737,2025-10-24,CUST1488,Kavya Singh,Desk,Furniture,1,12000.0,12000.0,9000,3000.0,West,Gujarat,Ahmedabad,Debit Card
ORD102738,2025-10-05,CUST1836,Priya Mehta,Laptop,Electronics,4,65000.0,260000.0,208000,52000.0,East,Assam,Guwahati,Debit Card
ORD102739,2025-11-25,CUST1034,Ananya Singh,Headphones,Accessories,1,3325.0,3325.0,2200,1125.0,North,Delhi,New Delhi,Cash on Delivery
ORD102740,2025-05-19,CUST1313,Ananya Joshi,Webcam,Accessories,1,2940.0,2940.0,1700,1240.0,East,Jharkhand,Ranchi,Net Banking
ORD102741,2025-10-04,CUST1243,Meera Chaudhary,Desk,Furniture,2,12000.0,24000.0,18000,6000.0,North,Uttar Pradesh,Noida,Cash on Delivery
ORD102742,2025-12-05,CUST1237,Riya Shah,External SSD,Storage,4,8075.0,32300.0,24800,7500.0,West,Gujarat,Surat,Credit Card
ORD102743,2025-03-24,CUST1012,Neha Kulkarni,Headphones,Accessories,1,3675.0,3675.0,2200,1475.0,South,Tamil Nadu,Chennai,UPI
ORD102744,2025-10-15,CUST1456,Pooja Reddy,Keyboard,Accessories,1,2200.0,2200.0,1400,800.0,West,Maharashtra,Nashik,Debit Card
ORD102745,2025-07-07,CUST1011,Riya Nair,Smartphone,Electronics,1,32000.0,32000.0,27000,5000.0,West,Goa,Panaji,Cash on Delivery
ORD102746,2025-09-08,CUST1074,Tanvi Deshmukh,Mouse,Accessories,2,1140.0,2280.0,1400,880.0,West,Goa,Panaji,Credit Card
ORD102747,2025-04-04,CUST1553,Neha Chaudhary,Office Chair,Furniture,1,9500.0,9500.0,7000,2500.0,South,Telangana,Hyderabad,Net Banking
ORD102748,2025-12-18,CUST1671,Vikram Joshi,Keyboard,Accessories,2,2200.0,4400.0,2800,1600.0,West,Gujarat,Surat,UPI
ORD102749,2025-12-17,CUST1161,Ishaan Joshi,Smartphone,Electronics,1,32000.0,32000.0,27000,5000.0,East,Jharkhand,Ranchi,Cash on Delivery
ORD102750,2025-11-16,CUST1926,Aarav Gupta,Printer,Office Equipment,2,12500.0,25000.0,19600,5400.0,West,Maharashtra,Nashik,Net Banking
ORD102751,2025-06-09,CUST1476,Aarav Kulkarni,Office Chair,Furniture,1,9500.0,9500.0,7000,2500.0,North,Haryana,Gurugram,Cash on Delivery
ORD102752,2025-10-25,CUST1887,Aditya Gupta,Office Chair,Furniture,2,9500.0,19000.0,14000,5000.0,West,Maharashtra,Mumbai,Net Banking
ORD102753,2025-12-30,CUST1515,Neha Singh,Printer,Office Equipment,3,12500.0,37500.0,29400,8100.0,South,Kerala,Kochi,Debit Card
ORD102754,2025-12-22,CUST1094,Vikram Kulkarni,Printer,Office Equipment,2,12500.0,25000.0,19600,5400.0,West,Maharashtra,Nashik,Credit Card
ORD102755,2025-02-14,CUST1739,Sneha Patil,Smartphone,Electronics,1,32000.0,32000.0,27000,5000.0,West,Goa,Panaji,UPI
ORD102756,2025-12-23,CUST1233,Ananya Deshmukh,Webcam,Accessories,1,2800.0,2800.0,1700,1100.0,West,Gujarat,Surat,Net Banking
ORD102757,2025-02-28,CUST1929,Meera Mehta,Keyboard,Accessories,3,2200.0,6600.0,4200,2400.0,South,Karnataka,Bengaluru,Net Banking
ORD102758,2025-06-12,CUST1421,Sneha Reddy,Headphones,Accessories,4,3500.0,14000.0,8800,5200.0,East,Bihar,Patna,Debit Card
ORD102759,2025-12-27,CUST1036,Neha Iyer,Tablet,Electronics,1,24000.0,24000.0,19500,4500.0,North,Delhi,New Delhi,Cash on Delivery
ORD102760,2025-11-13,CUST1111,Ishaan Gupta,Webcam,Accessories,2,2800.0,5600.0,3400,2200.0,West,Gujarat,Surat,Cash on Delivery
ORD102761,2025-10-14,CUST1912,Aditya Reddy,Printer,Office Equipment,4,12500.0,50000.0,39200,10800.0,West,Goa,Panaji,Debit Card
ORD102762,2025-11-29,CUST1345,Priya Deshmukh,Smartphone,Electronics,1,32000.0,32000.0,27000,5000.0,South,Kerala,Kochi,Cash on Delivery
ORD102763,2025-04-04,CUST1153,Vikram Reddy,Laptop,Electronics,4,61750.0,247000.0,208000,39000.0,North,Punjab,Ludhiana,Cash on Delivery
ORD102764,2025-08-07,CUST1718,Sahil Joshi,Monitor,Electronics,1,18000.0,18000.0,13500,4500.0,South,Tamil Nadu,Chennai,Debit Card
ORD102765,2025-09-30,CUST1862,Diya Patil,Laptop,Electronics,2,65000.0,130000.0,104000,26000.0,North,Delhi,New Delhi,Cash on Delivery
ORD102766,2025-07-15,CUST1306,Rohan Yadav,Headphones,Accessories,1,3500.0,3500.0,2200,1300.0,West,Maharashtra,Pune,Cash on Delivery
ORD102767,2025-08-07,CUST1517,Pooja Reddy,External SSD,Storage,5,8500.0,42500.0,31000,11500.0,West,Maharashtra,Nashik,Net Banking
ORD102768,2025-01-22,CUST1363,Vikram Sharma,Office Chair,Furniture,1,9975.0,9975.0,7000,2975.0,West,Maharashtra,Pune,Cash on Delivery
ORD102769,2025-09-28,CUST1611,Nisha Chaudhary,Mouse,Accessories,4,1200.0,4800.0,2800,2000.0,West,Maharashtra,Pune,Credit Card
ORD102770,2025-10-14,CUST1633,Diya Shah,External SSD,Storage,2,8500.0,17000.0,12400,4600.0,South,Karnataka,Bengaluru,Cash on Delivery
ORD102771,2025-05-03,CUST1898,Arjun Singh,Laptop,Electronics,2,65000.0,130000.0,104000,26000.0,West,Goa,Panaji,Cash on Delivery
ORD102772,2025-12-07,CUST1437,Rohan Kulkarni,Desk,Furniture,1,12000.0,12000.0,9000,3000.0,South,Kerala,Kochi,Cash on Delivery
ORD102773,2025-12-03,CUST1751,Rahul Mehta,Laptop,Electronics,2,61750.0,123500.0,104000,19500.0,West,Maharashtra,Mumbai,Credit Card
ORD102774,2025-12-05,CUST1161,Diya Joshi,Headphones,Accessories,1,3675.0,3675.0,2200,1475.0,East,Jharkhand,Ranchi,Net Banking
ORD102775,2025-10-24,CUST1749,Arjun Kulkarni,Laptop,Electronics,2,65000.0,130000.0,104000,26000.0,North,Haryana,Gurugram,Debit Card
ORD102776,2025-08-28,CUST1342,Priya Joshi,Webcam,Accessories,1,2800.0,2800.0,1700,1100.0,North,Delhi,New Delhi,Credit Card
ORD102777,2025-10-31,CUST1733,Rahul Gupta,Mouse,Accessories,3,1200.0,3600.0,2100,1500.0,West,Gujarat,Surat,Debit Card
ORD102778,2025-10-05,CUST1863,Sneha Patil,Webcam,Accessories,1,2800.0,2800.0,1700,1100.0,South,Karnataka,Bengaluru,Credit Card
ORD102779,2025-01-16,CUST1601,Meera Sharma,Keyboard,Accessories,1,2200.0,2200.0,1400,800.0,East,Assam,Guwahati,UPI
ORD102780,2025-09-19,CUST1239,Nisha Joshi,Monitor,Electronics,1,18000.0,18000.0,13500,4500.0,North,Uttar Pradesh,Noida,Net Banking
ORD102781,2025-09-16,CUST1946,Nisha Gupta,Keyboard,Accessories,1,2200.0,2200.0,1400,800.0,South,Karnataka,Bengaluru,UPI
ORD102782,2025-08-06,CUST1900,Diya Mehta,Webcam,Accessories,2,2800.0,5600.0,3400,2200.0,South,Telangana,Hyderabad,Net Banking
ORD102783,2025-02-06,CUST1314,Kavya Singh,Monitor,Electronics,1,18000.0,18000.0,13500,4500.0,South,Kerala,Kochi,UPI
ORD102784,2025-07-14,CUST1446,Nisha Yadav,Laptop,Electronics,1,65000.0,65000.0,52000,13000.0,South,Kerala,Kochi,Debit Card
ORD102785,2025-02-04,CUST1537,Tanvi Singh,Printer,Office Equipment,2,12500.0,25000.0,19600,5400.0,South,Karnataka,Bengaluru,Cash on Delivery
ORD102786,2025-06-23,CUST1787,Diya Kulkarni,Office Chair,Furniture,2,9500.0,19000.0,14000,5000.0,East,Odisha,Bhubaneswar,UPI
ORD102787,2025-09-12,CUST1911,Ishaan Mehta,External SSD,Storage,1,8500.0,8500.0,6200,2300.0,East,West Bengal,Kolkata,UPI
ORD102788,2025-09-24,CUST1869,Tanvi Gupta,Tablet,Electronics,1,24000.0,24000.0,19500,4500.0,West,Goa,Panaji,Debit Card
ORD102789,2025-08-10,CUST1847,Tanvi Deshmukh,Monitor,Electronics,2,18000.0,36000.0,27000,9000.0,North,Uttar Pradesh,Noida,Credit Card
ORD102790,2025-02-18,CUST1754,Riya Mehta,Keyboard,Accessories,2,2200.0,4400.0,2800,1600.0,East,Jharkhand,Ranchi,Net Banking
ORD102791,2025-10-11,CUST1063,Vikram Iyer,External SSD,Storage,2,8500.0,17000.0,12400,4600.0,West,Maharashtra,Pune,Net Banking
ORD102792,2025-02-09,CUST1344,Meera Nair,Laptop,Electronics,1,65000.0,65000.0,52000,13000.0,East,Jharkhand,Ranchi,Net Banking
ORD102793,2025-03-02,CUST1975,Sahil Nair,Printer,Office Equipment,1,12500.0,12500.0,9800,2700.0,West,Maharashtra,Mumbai,UPI
ORD102794,2025-07-08,CUST1554,Vikram Deshmukh,Laptop,Electronics,1,65000.0,65000.0,52000,13000.0,East,Jharkhand,Ranchi,Net Banking
ORD102795,2025-02-11,CUST1512,Meera Iyer,Tablet,Electronics,1,24000.0,24000.0,19500,4500.0,East,West Bengal,Kolkata,Cash on Delivery
ORD102796,2025-02-04,CUST1341,Sneha Kulkarni,Mouse,Accessories,3,1200.0,3600.0,2100,1500.0,South,Kerala,Kochi,Net Banking
ORD102797,2025-01-03,CUST1087,Vikram Kulkarni,Monitor,Electronics,1,18000.0,18000.0,13500,4500.0,North,Delhi,New Delhi,Net Banking
ORD102798,2025-01-25,CUST1901,Sneha Kulkarni,Headphones,Accessories,1,3500.0,3500.0,2200,1300.0,North,Delhi,New Delhi,Cash on Delivery
ORD102799,2025-12-21,CUST1717,Tanvi Verma,Printer,Office Equipment,1,12500.0,12500.0,9800,2700.0,South,Kerala,Kochi,Net Banking
ORD102800,2025-08-04,CUST1742,Kavya Yadav,Laptop,Electronics,1,65000.0,65000.0,52000,13000.0,East,Bihar,Patna,Net Banking
ORD102801,2025-05-10,CUST1020,Ishaan Sharma,Printer,Office Equipment,1,12500.0,12500.0,9800,2700.0,North,Rajasthan,Jaipur,Credit Card
ORD102802,2025-04-12,CUST1473,Pooja Joshi,Keyboard,Accessories,1,2200.0,2200.0,1400,800.0,West,Maharashtra,Pune,Credit Card
ORD102803,2025-07-04,CUST1209,Riya Mehta,Laptop,Electronics,3,61750.0,185250.0,156000,29250.0,West,Goa,Panaji,UPI
ORD102804,2025-11-20,CUST1671,Sahil Yadav,Headphones,Accessories,5,3675.0,18375.0,11000,7375.0,South,Kerala,Kochi,Credit Card
ORD102805,2025-04-15,CUST1653,Sneha Nair,External SSD,Storage,2,8500.0,17000.0,12400,4600.0,North,Delhi,New Delhi,Credit Card
ORD102806,2025-07-22,CUST1675,Arjun Chaudhary,External SSD,Storage,2,8500.0,17000.0,12400,4600.0,West,Goa,Panaji,Net Banking
ORD102807,2025-01-30,CUST1580,Aarav Shah,Printer,Office Equipment,3,12500.0,37500.0,29400,8100.0,East,Jharkhand,Ranchi,UPI
ORD102808,2025-11-15,CUST1219,Aarav Verma,Keyboard,Accessories,1,2310.0,2310.0,1400,910.0,West,Gujarat,Surat,Cash on Delivery
ORD102809,2025-08-15,CUST1036,Aditya Mehta,External SSD,Storage,1,8500.0,8500.0,6200,2300.0,South,Karnataka,Bengaluru,UPI
ORD102810,2025-03-16,CUST1820,Diya Gupta,Office Chair,Furniture,1,9500.0,9500.0,7000,2500.0,West,Gujarat,Ahmedabad,Net Banking
ORD102811,2025-04-06,CUST1599,Rahul Nair,Monitor,Electronics,1,17100.0,17100.0,13500,3600.0,North,Uttar Pradesh,Noida,Debit Card
ORD102812,2025-07-13,CUST1694,Ishaan Verma,Smartphone,Electronics,1,32000.0,32000.0,27000,5000.0,South,Karnataka,Bengaluru,Credit Card
ORD102813,2025-04-12,CUST1873,Sahil Verma,Smartphone,Electronics,1,32000.0,32000.0,27000,5000.0,North,Punjab,Ludhiana,Cash on Delivery
ORD102814,2025-05-20,CUST1167,Sneha Gupta,External SSD,Storage,3,8500.0,25500.0,18600,6900.0,North,Rajasthan,Jaipur,Cash on Delivery
ORD102815,2025-02-21,CUST1812,Karan Reddy,Mouse,Accessories,2,1200.0,2400.0,1400,1000.0,West,Maharashtra,Nashik,Credit Card
ORD102816,2025-01-14,CUST1568,Kavya Chaudhary,Headphones,Accessories,2,3675.0,7350.0,4400,2950.0,South,Kerala,Kochi,Credit Card
ORD102817,2025-07-23,CUST1966,Diya Gupta,Headphones,Accessories,1,3500.0,3500.0,2200,1300.0,West,Gujarat,Surat,Cash on Delivery
ORD102818,2025-05-25,CUST1260,Vikram Deshmukh,Keyboard,Accessories,2,2200.0,4400.0,2800,1600.0,North,Rajasthan,Jaipur,Debit Card
ORD102819,2025-07-20,CUST1093,Meera Yadav,External SSD,Storage,2,8500.0,17000.0,12400,4600.0,West,Maharashtra,Nashik,Debit Card
ORD102820,2025-10-03,CUST1920,Kavya Singh,Keyboard,Accessories,4,2090.0,8360.0,5600,2760.0,East,Assam,Guwahati,Cash on Delivery
ORD102821,2025-09-12,CUST1581,Neha Gupta,Headphones,Accessories,4,3325.0,13300.0,8800,4500.0,West,Maharashtra,Mumbai,Debit Card
ORD102822,2025-12-07,CUST1241,Arjun Sharma,Office Chair,Furniture,1,9500.0,9500.0,7000,2500.0,East,Odisha,Bhubaneswar,Cash on Delivery
ORD102823,2025-11-23,CUST1020,Karan Singh,Keyboard,Accessories,1,2200.0,2200.0,1400,800.0,West,Maharashtra,Pune,Cash on Delivery
ORD102824,2025-11-19,CUST1247,Aditya Reddy,Smartphone,Electronics,3,32000.0,96000.0,81000,15000.0,South,Karnataka,Bengaluru,UPI
ORD102825,2025-07-20,CUST1509,Ishaan Iyer,External SSD,Storage,4,8500.0,34000.0,24800,9200.0,South,Tamil Nadu,Chennai,Cash on Delivery
ORD102826,2025-06-06,CUST1943,Nisha Gupta,Keyboard,Accessories,1,2200.0,2200.0,1400,800.0,North,Uttar Pradesh,Noida,Net Banking
ORD102827,2025-11-22,CUST1995,Aarav Nair,Laptop,Electronics,1,68250.0,68250.0,52000,16250.0,East,Odisha,Bhubaneswar,UPI
ORD102828,2025-02-18,CUST1421,Tanvi Kulkarni,Tablet,Electronics,2,24000.0,48000.0,39000,9000.0,North,Delhi,New Delhi,Credit Card
ORD102829,2025-10-03,CUST1284,Pooja Chaudhary,Monitor,Electronics,2,18000.0,36000.0,27000,9000.0,North,Haryana,Gurugram,UPI
ORD102830,2025-11-14,CUST1397,Pooja Mehta,Printer,Office Equipment,2,12500.0,25000.0,19600,5400.0,West,Maharashtra,Pune,UPI
ORD102831,2025-06-04,CUST1705,Kavya Reddy,Headphones,Accessories,3,3675.0,11025.0,6600,4425.0,West,Gujarat,Ahmedabad,Cash on Delivery
ORD102832,2025-12-17,CUST1234,Ananya Iyer,External SSD,Storage,1,8500.0,8500.0,6200,2300.0,South,Andhra Pradesh,Vijayawada,Net Banking
ORD102833,2025-07-30,CUST1998,Rohan Iyer,External SSD,Storage,1,8500.0,8500.0,6200,2300.0,West,Goa,Panaji,Cash on Delivery
ORD102834,2025-04-11,CUST1476,Pooja Gupta,Office Chair,Furniture,3,9975.0,29925.0,21000,8925.0,North,Uttar Pradesh,Noida,Net Banking
ORD102835,2025-10-06,CUST1769,Nisha Mehta,Desk,Furniture,2,11400.0,22800.0,18000,4800.0,West,Maharashtra,Nashik,Debit Card
ORD102836,2025-07-25,CUST1871,Vikram Iyer,Laptop,Electronics,1,65000.0,65000.0,52000,13000.0,East,West Bengal,Kolkata,UPI
ORD102837,2025-09-18,CUST1816,Arjun Mehta,Keyboard,Accessories,1,2200.0,2200.0,1400,800.0,North,Delhi,New Delhi,Debit Card
ORD102838,2025-05-05,CUST1944,Aarav Nair,Laptop,Electronics,2,65000.0,130000.0,104000,26000.0,East,Odisha,Bhubaneswar,Debit Card
ORD102839,2025-09-14,CUST1536,Meera Yadav,Smartphone,Electronics,2,32000.0,64000.0,54000,10000.0,East,Assam,Guwahati,UPI
ORD102840,2025-06-06,CUST1534,Kavya Yadav,Office Chair,Furniture,1,9500.0,9500.0,7000,2500.0,South,Karnataka,Bengaluru,UPI
ORD102841,2025-10-11,CUST1551,Karan Iyer,Office Chair,Furniture,1,9500.0,9500.0,7000,2500.0,East,West Bengal,Kolkata,Cash on Delivery
ORD102842,2025-11-25,CUST1659,Priya Reddy,Monitor,Electronics,3,18000.0,54000.0,40500,13500.0,East,Assam,Guwahati,Net Banking
ORD102843,2025-12-01,CUST1590,Ananya Joshi,Smartphone,Electronics,3,32000.0,96000.0,81000,15000.0,East,Bihar,Patna,Debit Card
ORD102844,2025-03-02,CUST1492,Karan Reddy,Office Chair,Furniture,1,9500.0,9500.0,7000,2500.0,West,Gujarat,Ahmedabad,Debit Card
ORD102845,2025-02-17,CUST1983,Priya Deshmukh,Laptop,Electronics,1,65000.0,65000.0,52000,13000.0,North,Delhi,New Delhi,UPI
ORD102846,2025-11-10,CUST1445,Sneha Verma,Webcam,Accessories,2,2800.0,5600.0,3400,2200.0,West,Gujarat,Ahmedabad,Net Banking
ORD102847,2025-07-04,CUST1158,Riya Deshmukh,Mouse,Accessories,1,1200.0,1200.0,700,500.0,West,Gujarat,Surat,Debit Card
ORD102848,2025-06-21,CUST1008,Diya Yadav,Keyboard,Accessories,2,2200.0,4400.0,2800,1600.0,North,Delhi,New Delhi,Credit Card
ORD102849,2025-11-24,CUST1689,Karan Chaudhary,Keyboard,Accessories,2,2200.0,4400.0,2800,1600.0,East,West Bengal,Kolkata,UPI
ORD102850,2025-05-11,CUST1868,Sahil Iyer,Laptop,Electronics,2,65000.0,130000.0,104000,26000.0,South,Karnataka,Bengaluru,Cash on Delivery
ORD102851,2025-01-03,CUST1816,Ananya Patil,Smartphone,Electronics,1,32000.0,32000.0,27000,5000.0,West,Goa,Panaji,Credit Card
ORD102852,2025-06-16,CUST1651,Nisha Shah,Monitor,Electronics,4,18000.0,72000.0,54000,18000.0,West,Maharashtra,Mumbai,Debit Card
ORD102853,2025-12-10,CUST1452,Nisha Gupta,Printer,Office Equipment,1,12500.0,12500.0,9800,2700.0,West,Maharashtra,Pune,Cash on Delivery
ORD102854,2025-06-30,CUST1284,Ananya Reddy,Smartphone,Electronics,1,33600.0,33600.0,27000,6600.0,East,West Bengal,Kolkata,Debit Card
ORD102855,2025-01-27,CUST1029,Rohan Chaudhary,Smartphone,Electronics,2,32000.0,64000.0,54000,10000.0,West,Goa,Panaji,Debit Card
ORD102856,2025-08-13,CUST1522,Pooja Sharma,Office Chair,Furniture,2,9500.0,19000.0,14000,5000.0,North,Rajasthan,Jaipur,Cash on Delivery
ORD102857,2025-06-29,CUST1896,Aarav Sharma,Desk,Furniture,1,11400.0,11400.0,9000,2400.0,South,Telangana,Hyderabad,Cash on Delivery
ORD102858,2025-01-16,CUST1487,Neha Kulkarni,Office Chair,Furniture,3,9500.0,28500.0,21000,7500.0,North,Delhi,New Delhi,Cash on Delivery
ORD102859,2025-02-11,CUST1079,Sneha Shah,Office Chair,Furniture,1,9500.0,9500.0,7000,2500.0,South,Karnataka,Bengaluru,UPI
ORD102860,2025-01-24,CUST1956,Ananya Joshi,Printer,Office Equipment,2,12500.0,25000.0,19600,5400.0,West,Gujarat,Ahmedabad,Credit Card
ORD102861,2025-06-06,CUST1005,Diya Gupta,Office Chair,Furniture,1,9500.0,9500.0,7000,2500.0,West,Gujarat,Surat,Net Banking
ORD102862,2025-04-17,CUST1354,Priya Deshmukh,Keyboard,Accessories,4,2090.0,8360.0,5600,2760.0,North,Uttar Pradesh,Noida,Credit Card
ORD102863,2025-11-13,CUST1987,Vikram Chaudhary,Headphones,Accessories,1,3500.0,3500.0,2200,1300.0,West,Maharashtra,Pune,Net Banking
ORD102864,2025-10-22,CUST1462,Pooja Deshmukh,Webcam,Accessories,1,2800.0,2800.0,1700,1100.0,North,Haryana,Gurugram,Cash on Delivery
ORD102865,2025-10-01,CUST1850,Aarav Nair,Headphones,Accessories,1,3500.0,3500.0,2200,1300.0,South,Kerala,Kochi,UPI
ORD102866,2025-04-06,CUST1269,Tanvi Shah,Office Chair,Furniture,1,9500.0,9500.0,7000,2500.0,South,Andhra Pradesh,Vijayawada,UPI
ORD102867,2025-07-23,CUST1343,Diya Joshi,Keyboard,Accessories,2,2200.0,4400.0,2800,1600.0,North,Rajasthan,Jaipur,Credit Card
ORD102868,2025-01-30,CUST1683,Ishaan Nair,Smartphone,Electronics,2,33600.0,67200.0,54000,13200.0,West,Goa,Panaji,Credit Card
ORD102869,2025-04-17,CUST1605,Nisha Nair,Laptop,Electronics,2,65000.0,130000.0,104000,26000.0,North,Delhi,New Delhi,Cash on Delivery
ORD102870,2025-07-15,CUST1713,Tanvi Sharma,Tablet,Electronics,4,24000.0,96000.0,78000,18000.0,South,Kerala,Kochi,Net Banking
ORD102871,2025-12-06,CUST1430,Ananya Reddy,External SSD,Storage,1,8500.0,8500.0,6200,2300.0,North,Delhi,New Delhi,Credit Card
ORD102872,2025-11-09,CUST1833,Pooja Chaudhary,External SSD,Storage,1,8075.0,8075.0,6200,1875.0,East,Assam,Guwahati,Debit Card
ORD102873,2025-04-22,CUST1261,Nisha Sharma,Office Chair,Furniture,2,9500.0,19000.0,14000,5000.0,South,Tamil Nadu,Chennai,Debit Card
ORD102874,2025-11-17,CUST1410,Kavya Shah,Webcam,Accessories,1,2800.0,2800.0,1700,1100.0,North,Uttar Pradesh,Noida,UPI
ORD102875,2025-09-02,CUST1575,Kavya Shah,Headphones,Accessories,1,3500.0,3500.0,2200,1300.0,South,Kerala,Kochi,Cash on Delivery
ORD102876,2025-02-05,CUST1323,Aarav Yadav,Webcam,Accessories,1,2660.0,2660.0,1700,960.0,South,Tamil Nadu,Chennai,Cash on Delivery
ORD102877,2025-06-10,CUST1333,Vikram Joshi,Desk,Furniture,3,11400.0,34200.0,27000,7200.0,North,Rajasthan,Jaipur,Cash on Delivery
ORD102878,2025-12-08,CUST1718,Meera Nair,Webcam,Accessories,1,2800.0,2800.0,1700,1100.0,West,Gujarat,Ahmedabad,Credit Card
ORD102879,2025-11-25,CUST1592,Priya Joshi,Desk,Furniture,1,12000.0,12000.0,9000,3000.0,North,Uttar Pradesh,Noida,Cash on Delivery
ORD102880,2025-03-23,CUST1406,Kavya Reddy,Office Chair,Furniture,1,9500.0,9500.0,7000,2500.0,East,West Bengal,Kolkata,Cash on Delivery
ORD102881,2025-09-29,CUST1855,Karan Reddy,Keyboard,Accessories,2,2200.0,4400.0,2800,1600.0,North,Haryana,Gurugram,Debit Card
ORD102882,2025-10-01,CUST1253,Priya Joshi,Smartphone,Electronics,2,30400.0,60800.0,54000,6800.0,North,Rajasthan,Jaipur,Net Banking
ORD102883,2025-08-12,CUST1820,Pooja Iyer,Desk,Furniture,1,12000.0,12000.0,9000,3000.0,South,Kerala,Kochi,UPI
ORD102884,2025-01-03,CUST1033,Nisha Deshmukh,Desk,Furniture,4,12000.0,48000.0,36000,12000.0,East,Bihar,Patna,Net Banking
ORD102885,2025-07-14,CUST1398,Rohan Verma,Laptop,Electronics,2,65000.0,130000.0,104000,26000.0,West,Maharashtra,Pune,Debit Card
ORD102886,2025-07-27,CUST1483,Riya Chaudhary,Laptop,Electronics,1,65000.0,65000.0,52000,13000.0,East,Odisha,Bhubaneswar,UPI
ORD102887,2025-03-25,CUST1757,Pooja Joshi,Tablet,Electronics,1,24000.0,24000.0,19500,4500.0,East,Assam,Guwahati,Net Banking
ORD102888,2025-08-23,CUST1018,Kavya Yadav,Monitor,Electronics,1,18000.0,18000.0,13500,4500.0,North,Delhi,New Delhi,Cash on Delivery
ORD102889,2025-03-14,CUST1284,Pooja Patil,Keyboard,Accessories,1,2200.0,2200.0,1400,800.0,South,Kerala,Kochi,Cash on Delivery
ORD102890,2025-12-17,CUST1382,Rahul Singh,Printer,Office Equipment,1,12500.0,12500.0,9800,2700.0,South,Tamil Nadu,Chennai,Net Banking
ORD102891,2025-02-02,CUST1454,Karan Yadav,Tablet,Electronics,1,25200.0,25200.0,19500,5700.0,South,Karnataka,Bengaluru,Net Banking
ORD102892,2025-12-23,CUST1521,Ishaan Deshmukh,Headphones,Accessories,3,3500.0,10500.0,6600,3900.0,West,Maharashtra,Pune,Cash on Delivery
ORD102893,2025-03-28,CUST1558,Ananya Iyer,Monitor,Electronics,1,18000.0,18000.0,13500,4500.0,South,Kerala,Kochi,Net Banking
ORD102894,2025-05-13,CUST1476,Vikram Verma,Office Chair,Furniture,2,9500.0,19000.0,14000,5000.0,West,Maharashtra,Pune,Credit Card
ORD102895,2025-07-06,CUST1148,Sneha Joshi,Headphones,Accessories,1,3500.0,3500.0,2200,1300.0,South,Tamil Nadu,Chennai,Cash on Delivery
ORD102896,2025-12-05,CUST1451,Rahul Chaudhary,Office Chair,Furniture,3,9500.0,28500.0,21000,7500.0,South,Karnataka,Bengaluru,UPI
ORD102897,2025-10-11,CUST1441,Aditya Shah,Headphones,Accessories,3,3325.0,9975.0,6600,3375.0,North,Rajasthan,Jaipur,Net Banking
ORD102898,2025-07-23,CUST1914,Tanvi Yadav,Webcam,Accessories,2,2800.0,5600.0,3400,2200.0,West,Gujarat,Ahmedabad,Cash on Delivery
ORD102899,2025-12-19,CUST1855,Nisha Deshmukh,External SSD,Storage,4,8500.0,34000.0,24800,9200.0,South,Tamil Nadu,Chennai,Debit Card
ORD102900,2025-08-06,CUST1602,Nisha Shah,Headphones,Accessories,1,3675.0,3675.0,2200,1475.0,South,Karnataka,Bengaluru,Credit Card
ORD102901,2025-06-04,CUST1794,Meera Reddy,Office Chair,Furniture,2,9500.0,19000.0,14000,5000.0,East,Bihar,Patna,Net Banking
ORD102902,2025-07-25,CUST1141,Aarav Verma,Desk,Furniture,1,12000.0,12000.0,9000,3000.0,West,Maharashtra,Nashik,UPI
ORD102903,2025-08-24,CUST1983,Nisha Nair,Webcam,Accessories,2,2800.0,5600.0,3400,2200.0,South,Andhra Pradesh,Vijayawada,Net Banking
ORD102904,2025-10-24,CUST1342,Kavya Deshmukh,Printer,Office Equipment,2,12500.0,25000.0,19600,5400.0,East,Bihar,Patna,UPI
ORD102905,2025-04-24,CUST1367,Pooja Deshmukh,Printer,Office Equipment,1,12500.0,12500.0,9800,2700.0,South,Kerala,Kochi,UPI
ORD102906,2025-12-23,CUST1806,Sahil Yadav,Webcam,Accessories,2,2660.0,5320.0,3400,1920.0,South,Tamil Nadu,Chennai,Net Banking
ORD102907,2025-07-24,CUST1444,Sahil Reddy,Keyboard,Accessories,2,2090.0,4180.0,2800,1380.0,West,Goa,Panaji,Debit Card
ORD102908,2025-12-01,CUST1963,Aditya Nair,Tablet,Electronics,1,24000.0,24000.0,19500,4500.0,South,Andhra Pradesh,Vijayawada,Debit Card
ORD102909,2025-04-30,CUST1718,Kavya Sharma,Desk,Furniture,1,12000.0,12000.0,9000,3000.0,West,Maharashtra,Mumbai,Credit Card
ORD102910,2025-05-21,CUST1306,Vikram Chaudhary,Keyboard,Accessories,5,2200.0,11000.0,7000,4000.0,North,Uttar Pradesh,Noida,Debit Card
ORD102911,2025-05-13,CUST1090,Meera Yadav,Tablet,Electronics,1,25200.0,25200.0,19500,5700.0,West,Maharashtra,Mumbai,UPI
ORD102912,2025-12-10,CUST1570,Sneha Singh,Tablet,Electronics,1,24000.0,24000.0,19500,4500.0,East,West Bengal,Kolkata,Net Banking
ORD102913,2025-11-19,CUST1316,Riya Sharma,Printer,Office Equipment,3,12500.0,37500.0,29400,8100.0,North,Punjab,Ludhiana,UPI
ORD102914,2025-12-18,CUST1464,Meera Chaudhary,Office Chair,Furniture,2,9500.0,19000.0,14000,5000.0,North,Uttar Pradesh,Noida,Debit Card
ORD102915,2025-06-17,CUST1099,Riya Mehta,Tablet,Electronics,1,24000.0,24000.0,19500,4500.0,South,Andhra Pradesh,Vijayawada,UPI
ORD102916,2025-04-16,CUST1141,Priya Deshmukh,Tablet,Electronics,1,24000.0,24000.0,19500,4500.0,East,Bihar,Patna,Cash on Delivery
ORD102917,2025-09-18,CUST1737,Pooja Iyer,External SSD,Storage,1,8075.0,8075.0,6200,1875.0,North,Punjab,Ludhiana,Cash on Delivery
ORD102918,2025-12-05,CUST1643,Meera Gupta,Office Chair,Furniture,1,9500.0,9500.0,7000,2500.0,East,West Bengal,Kolkata,Debit Card
ORD102919,2025-06-12,CUST1259,Sahil Iyer,Monitor,Electronics,1,18000.0,18000.0,13500,4500.0,West,Gujarat,Surat,Credit Card
ORD102920,2025-07-11,CUST1706,Ananya Shah,Headphones,Accessories,1,3675.0,3675.0,2200,1475.0,South,Telangana,Hyderabad,Debit Card
ORD102921,2025-07-16,CUST1133,Pooja Yadav,Laptop,Electronics,1,65000.0,65000.0,52000,13000.0,West,Goa,Panaji,Debit Card
ORD102922,2025-09-06,CUST1856,Diya Deshmukh,Laptop,Electronics,1,65000.0,65000.0,52000,13000.0,South,Kerala,Kochi,Credit Card
ORD102923,2025-06-20,CUST1513,Sneha Mehta,Tablet,Electronics,1,24000.0,24000.0,19500,4500.0,South,Andhra Pradesh,Vijayawada,Credit Card
ORD102924,2025-04-21,CUST1959,Priya Shah,Monitor,Electronics,3,17100.0,51300.0,40500,10800.0,North,Rajasthan,Jaipur,UPI
ORD102925,2025-12-16,CUST1560,Vikram Shah,Laptop,Electronics,1,65000.0,65000.0,52000,13000.0,South,Tamil Nadu,Chennai,Credit Card
ORD102926,2025-08-02,CUST1955,Riya Chaudhary,External SSD,Storage,1,8500.0,8500.0,6200,2300.0,West,Gujarat,Ahmedabad,UPI
ORD102927,2025-01-29,CUST1236,Riya Gupta,Office Chair,Furniture,2,9025.0,18050.0,14000,4050.0,West,Goa,Panaji,Credit Card
ORD102928,2025-02-12,CUST1191,Tanvi Verma,Monitor,Electronics,2,17100.0,34200.0,27000,7200.0,West,Maharashtra,Mumbai,Debit Card
ORD102929,2025-06-22,CUST1503,Meera Kulkarni,Webcam,Accessories,2,2800.0,5600.0,3400,2200.0,West,Gujarat,Surat,Credit Card
ORD102930,2025-09-18,CUST1319,Ishaan Joshi,Tablet,Electronics,1,24000.0,24000.0,19500,4500.0,West,Maharashtra,Mumbai,UPI
ORD102931,2025-11-15,CUST1167,Sahil Joshi,Printer,Office Equipment,1,12500.0,12500.0,9800,2700.0,West,Goa,Panaji,Net Banking
ORD102932,2025-07-29,CUST1973,Riya Yadav,Smartphone,Electronics,5,30400.0,152000.0,135000,17000.0,South,Karnataka,Bengaluru,UPI
ORD102933,2025-03-26,CUST1635,Vikram Patil,Tablet,Electronics,2,22800.0,45600.0,39000,6600.0,South,Andhra Pradesh,Vijayawada,Net Banking
ORD102934,2025-03-15,CUST1996,Vikram Nair,Mouse,Accessories,1,1200.0,1200.0,700,500.0,South,Andhra Pradesh,Vijayawada,Net Banking
ORD102935,2025-08-06,CUST1774,Arjun Iyer,Desk,Furniture,4,12000.0,48000.0,36000,12000.0,South,Andhra Pradesh,Vijayawada,Net Banking
ORD102936,2025-03-11,CUST1684,Karan Yadav,Webcam,Accessories,1,2800.0,2800.0,1700,1100.0,South,Karnataka,Bengaluru,Debit Card
ORD102937,2025-11-12,CUST1016,Sahil Patil,Laptop,Electronics,1,61750.0,61750.0,52000,9750.0,South,Kerala,Kochi,Cash on Delivery
ORD102938,2025-06-30,CUST1783,Ananya Yadav,Printer,Office Equipment,4,12500.0,50000.0,39200,10800.0,East,Assam,Guwahati,Net Banking
ORD102939,2025-09-11,CUST1213,Diya Kulkarni,Smartphone,Electronics,1,32000.0,32000.0,27000,5000.0,West,Maharashtra,Nashik,Cash on Delivery
ORD102940,2025-12-19,CUST1497,Aarav Sharma,Laptop,Electronics,1,65000.0,65000.0,52000,13000.0,North,Haryana,Gurugram,UPI
ORD102941,2025-12-07,CUST1214,Sneha Reddy,Desk,Furniture,1,12000.0,12000.0,9000,3000.0,West,Maharashtra,Pune,UPI
ORD102942,2025-02-23,CUST1402,Pooja Sharma,Smartphone,Electronics,2,30400.0,60800.0,54000,6800.0,North,Uttar Pradesh,Noida,Debit Card
ORD102943,2025-05-30,CUST1866,Diya Gupta,Tablet,Electronics,1,24000.0,24000.0,19500,4500.0,North,Haryana,Gurugram,Credit Card
ORD102944,2025-07-17,CUST1258,Riya Iyer,Headphones,Accessories,2,3500.0,7000.0,4400,2600.0,West,Maharashtra,Mumbai,Cash on Delivery
ORD102945,2025-10-10,CUST1867,Tanvi Chaudhary,Desk,Furniture,1,12000.0,12000.0,9000,3000.0,West,Gujarat,Ahmedabad,Cash on Delivery
ORD102946,2025-10-06,CUST1682,Aditya Nair,Laptop,Electronics,2,65000.0,130000.0,104000,26000.0,South,Kerala,Kochi,UPI
ORD102947,2025-01-19,CUST1532,Ishaan Verma,Laptop,Electronics,2,68250.0,136500.0,104000,32500.0,West,Goa,Panaji,Cash on Delivery
ORD102948,2025-03-13,CUST1821,Aditya Deshmukh,Laptop,Electronics,1,65000.0,65000.0,52000,13000.0,East,Bihar,Patna,Credit Card
ORD102949,2025-11-06,CUST1975,Pooja Kulkarni,Office Chair,Furniture,3,9500.0,28500.0,21000,7500.0,East,Assam,Guwahati,Credit Card
ORD102950,2025-02-26,CUST1657,Kavya Yadav,Webcam,Accessories,2,2940.0,5880.0,3400,2480.0,East,West Bengal,Kolkata,Net Banking
ORD102951,2025-02-11,CUST1900,Nisha Yadav,External SSD,Storage,2,8500.0,17000.0,12400,4600.0,East,Assam,Guwahati,Debit Card
ORD102952,2025-11-02,CUST1998,Ishaan Gupta,Headphones,Accessories,5,3675.0,18375.0,11000,7375.0,West,Maharashtra,Pune,Net Banking
ORD102953,2025-11-05,CUST1189,Rohan Iyer,Smartphone,Electronics,1,32000.0,32000.0,27000,5000.0,South,Telangana,Hyderabad,UPI
ORD102954,2025-06-04,CUST1594,Ananya Deshmukh,Office Chair,Furniture,2,9025.0,18050.0,14000,4050.0,West,Maharashtra,Mumbai,Net Banking
ORD102955,2025-10-17,CUST1697,Meera Yadav,Keyboard,Accessories,3,2200.0,6600.0,4200,2400.0,West,Gujarat,Surat,UPI
ORD102956,2025-09-22,CUST1777,Vikram Kulkarni,Tablet,Electronics,1,24000.0,24000.0,19500,4500.0,South,Karnataka,Bengaluru,UPI
ORD102957,2025-08-31,CUST1395,Priya Chaudhary,Smartphone,Electronics,1,32000.0,32000.0,27000,5000.0,West,Maharashtra,Nashik,UPI
ORD102958,2025-12-31,CUST1646,Meera Patil,Keyboard,Accessories,3,2090.0,6270.0,4200,2070.0,East,Bihar,Patna,Cash on Delivery
ORD102959,2025-05-14,CUST1380,Kavya Iyer,External SSD,Storage,1,8500.0,8500.0,6200,2300.0,North,Uttar Pradesh,Noida,Cash on Delivery
ORD102960,2025-03-12,CUST1549,Arjun Mehta,External SSD,Storage,1,8500.0,8500.0,6200,2300.0,North,Delhi,New Delhi,Cash on Delivery
ORD102961,2025-07-28,CUST1189,Riya Mehta,Keyboard,Accessories,3,2200.0,6600.0,4200,2400.0,North,Punjab,Ludhiana,Cash on Delivery
ORD102962,2025-12-07,CUST1397,Rohan Gupta,Printer,Office Equipment,1,12500.0,12500.0,9800,2700.0,West,Gujarat,Surat,Cash on Delivery
ORD102963,2025-12-22,CUST1227,Rohan Reddy,Office Chair,Furniture,1,9500.0,9500.0,7000,2500.0,South,Karnataka,Bengaluru,Net Banking
ORD102964,2025-04-26,CUST1137,Aditya Verma,External SSD,Storage,2,8500.0,17000.0,12400,4600.0,East,Odisha,Bhubaneswar,UPI
ORD102965,2025-01-14,CUST1134,Riya Iyer,Desk,Furniture,1,12000.0,12000.0,9000,3000.0,East,Bihar,Patna,Debit Card
ORD102966,2025-06-17,CUST1881,Neha Singh,Webcam,Accessories,1,2800.0,2800.0,1700,1100.0,North,Punjab,Ludhiana,UPI
ORD102967,2025-08-21,CUST1169,Ananya Chaudhary,Headphones,Accessories,2,3500.0,7000.0,4400,2600.0,West,Gujarat,Ahmedabad,Net Banking
ORD102968,2025-11-15,CUST1085,Meera Shah,Headphones,Accessories,1,3500.0,3500.0,2200,1300.0,South,Andhra Pradesh,Vijayawada,UPI
ORD102969,2025-02-23,CUST1065,Pooja Mehta,Desk,Furniture,1,12000.0,12000.0,9000,3000.0,South,Kerala,Kochi,Credit Card
ORD102970,2025-12-30,CUST1415,Priya Shah,Tablet,Electronics,1,24000.0,24000.0,19500,4500.0,North,Haryana,Gurugram,Net Banking
ORD102971,2025-01-30,CUST1399,Nisha Nair,Mouse,Accessories,1,1200.0,1200.0,700,500.0,West,Maharashtra,Pune,Debit Card
ORD102972,2025-01-06,CUST1007,Neha Shah,Desk,Furniture,1,12000.0,12000.0,9000,3000.0,East,Jharkhand,Ranchi,UPI
ORD102973,2025-03-05,CUST1645,Riya Yadav,Headphones,Accessories,1,3500.0,3500.0,2200,1300.0,East,Jharkhand,Ranchi,Net Banking
ORD102974,2025-10-23,CUST1140,Aditya Chaudhary,Keyboard,Accessories,1,2200.0,2200.0,1400,800.0,North,Delhi,New Delhi,Credit Card
ORD102975,2025-07-22,CUST1644,Sahil Gupta,Printer,Office Equipment,1,13125.0,13125.0,9800,3325.0,South,Kerala,Kochi,Cash on Delivery
ORD102976,2025-10-18,CUST1727,Karan Iyer,Tablet,Electronics,1,24000.0,24000.0,19500,4500.0,South,Andhra Pradesh,Vijayawada,Net Banking
ORD102977,2025-07-17,CUST1669,Karan Singh,Tablet,Electronics,1,24000.0,24000.0,19500,4500.0,South,Andhra Pradesh,Vijayawada,Debit Card
ORD102978,2025-05-11,CUST1738,Arjun Nair,Smartphone,Electronics,1,32000.0,32000.0,27000,5000.0,South,Andhra Pradesh,Vijayawada,Cash on Delivery
ORD102979,2025-08-15,CUST1432,Vikram Kulkarni,Tablet,Electronics,1,24000.0,24000.0,19500,4500.0,West,Maharashtra,Mumbai,Net Banking
ORD102980,2025-08-25,CUST1478,Vikram Singh,Mouse,Accessories,3,1200.0,3600.0,2100,1500.0,East,Assam,Guwahati,Cash on Delivery
ORD102981,2025-08-30,CUST1075,Sahil Nair,External SSD,Storage,1,8500.0,8500.0,6200,2300.0,East,Jharkhand,Ranchi,Credit Card
ORD102982,2025-06-26,CUST1461,Aditya Nair,Smartphone,Electronics,2,32000.0,64000.0,54000,10000.0,North,Uttar Pradesh,Noida,Cash on Delivery
ORD102983,2025-10-27,CUST1980,Rahul Nair,Office Chair,Furniture,1,9500.0,9500.0,7000,2500.0,South,Andhra Pradesh,Vijayawada,Cash on Delivery
ORD102984,2025-12-31,CUST1883,Rohan Joshi,Headphones,Accessories,4,3500.0,14000.0,8800,5200.0,North,Haryana,Gurugram,Net Banking
ORD102985,2025-11-24,CUST1439,Neha Iyer,Desk,Furniture,4,12000.0,48000.0,36000,12000.0,South,Telangana,Hyderabad,Debit Card
ORD102986,2025-01-12,CUST1780,Nisha Yadav,Desk,Furniture,4,12000.0,48000.0,36000,12000.0,South,Tamil Nadu,Chennai,Net Banking
ORD102987,2025-05-01,CUST1451,Aarav Sharma,Desk,Furniture,1,12000.0,12000.0,9000,3000.0,North,Rajasthan,Jaipur,Debit Card
ORD102988,2025-02-18,CUST1097,Diya Singh,Monitor,Electronics,1,18000.0,18000.0,13500,4500.0,West,Maharashtra,Pune,Credit Card
ORD102989,2025-02-22,CUST1707,Rahul Sharma,Tablet,Electronics,2,22800.0,45600.0,39000,6600.0,North,Haryana,Gurugram,Debit Card
ORD102990,2025-07-08,CUST1120,Karan Mehta,Keyboard,Accessories,1,2200.0,2200.0,1400,800.0,West,Maharashtra,Nashik,Debit Card
ORD102991,2025-08-03,CUST1526,Meera Kulkarni,Smartphone,Electronics,1,32000.0,32000.0,27000,5000.0,West,Maharashtra,Nashik,Credit Card
ORD102992,2025-04-24,CUST1634,Neha Gupta,Tablet,Electronics,1,25200.0,25200.0,19500,5700.0,North,Uttar Pradesh,Noida,Net Banking
ORD102993,2025-02-02,CUST1092,Rohan Singh,Keyboard,Accessories,1,2200.0,2200.0,1400,800.0,West,Maharashtra,Pune,Credit Card
ORD102994,2025-11-20,CUST1738,Sneha Gupta,Monitor,Electronics,1,18000.0,18000.0,13500,4500.0,North,Punjab,Ludhiana,Debit Card
ORD102995,2025-09-01,CUST1892,Diya Yadav,Keyboard,Accessories,2,2200.0,4400.0,2800,1600.0,North,Uttar Pradesh,Noida,Debit Card
ORD102996,2025-01-21,CUST1870,Neha Patil,Printer,Office Equipment,5,12500.0,62500.0,49000,13500.0,West,Gujarat,Surat,UPI
ORD102997,2025-05-22,CUST1628,Sneha Shah,Smartphone,Electronics,1,32000.0,32000.0,27000,5000.0,South,Andhra Pradesh,Vijayawada,UPI
ORD102998,2025-11-17,CUST1216,Ananya Verma,Office Chair,Furniture,1,9500.0,9500.0,7000,2500.0,West,Maharashtra,Mumbai,Net Banking
ORD102999,2025-05-23,CUST1936,Karan Sharma,Keyboard,Accessories,4,2200.0,8800.0,5600,3200.0,North,Haryana,Gurugram,UPI
ORD103000,2025-01-03,CUST1334,Priya Deshmukh,Smartphone,Electronics,1,32000.0,32000.0,27000,5000.0,North,Delhi,New Delhi,Debit Card
ORD103001,2025-03-22,CUST1756,Rohan Iyer,External SSD,Storage,4,8500.0,34000.0,24800,9200.0,North,Uttar Pradesh,Noida,Cash on Delivery
ORD103002,2025-11-08,CUST1560,Tanvi Reddy,Tablet,Electronics,2,24000.0,48000.0,39000,9000.0,West,Gujarat,Ahmedabad,Credit Card
ORD103003,2025-11-02,CUST1909,Arjun Shah,Tablet,Electronics,1,24000.0,24000.0,19500,4500.0,West,Maharashtra,Nashik,Credit Card
ORD103004,2025-06-02,CUST1039,Arjun Chaudhary,Keyboard,Accessories,2,2090.0,4180.0,2800,1380.0,East,Bihar,Patna,Cash on Delivery
ORD103005,2025-04-23,CUST1164,Sahil Singh,Mouse,Accessories,2,1200.0,2400.0,1400,1000.0,West,Maharashtra,Pune,Credit Card
ORD103006,2025-07-18,CUST1796,Ananya Shah,Headphones,Accessories,1,3500.0,3500.0,2200,1300.0,West,Gujarat,Ahmedabad,Debit Card
ORD103007,2025-07-10,CUST1153,Aditya Gupta,Tablet,Electronics,3,24000.0,72000.0,58500,13500.0,North,Delhi,New Delhi,Credit Card
ORD103008,2025-05-19,CUST1524,Vikram Yadav,Webcam,Accessories,1,2800.0,2800.0,1700,1100.0,North,Haryana,Gurugram,Debit Card
ORD103009,2025-02-03,CUST1123,Ishaan Mehta,Smartphone,Electronics,1,32000.0,32000.0,27000,5000.0,West,Gujarat,Ahmedabad,Cash on Delivery
ORD103010,2025-04-15,CUST1289,Vikram Chaudhary,Printer,Office Equipment,2,12500.0,25000.0,19600,5400.0,West,Goa,Panaji,Net Banking
ORD103011,2025-01-25,CUST1887,Arjun Joshi,Printer,Office Equipment,1,13125.0,13125.0,9800,3325.0,North,Rajasthan,Jaipur,UPI
ORD103012,2025-02-03,CUST1199,Pooja Sharma,Headphones,Accessories,1,3325.0,3325.0,2200,1125.0,West,Maharashtra,Nashik,Debit Card
ORD103013,2025-10-07,CUST1127,Ananya Shah,Laptop,Electronics,1,65000.0,65000.0,52000,13000.0,North,Rajasthan,Jaipur,Cash on Delivery
ORD103014,2025-03-21,CUST1446,Aarav Chaudhary,External SSD,Storage,4,8075.0,32300.0,24800,7500.0,East,Jharkhand,Ranchi,UPI
ORD103015,2025-04-13,CUST1010,Rahul Patil,Office Chair,Furniture,1,9500.0,9500.0,7000,2500.0,East,Jharkhand,Ranchi,Net Banking
ORD103016,2025-10-24,CUST1142,Aditya Kulkarni,Laptop,Electronics,2,65000.0,130000.0,104000,26000.0,North,Rajasthan,Jaipur,Credit Card
ORD103017,2025-04-16,CUST1251,Riya Nair,Laptop,Electronics,2,65000.0,130000.0,104000,26000.0,North,Uttar Pradesh,Noida,Cash on Delivery
ORD103018,2025-05-11,CUST1135,Ananya Gupta,Laptop,Electronics,1,65000.0,65000.0,52000,13000.0,South,Telangana,Hyderabad,UPI
ORD103019,2025-01-09,CUST1615,Rahul Deshmukh,Desk,Furniture,1,12000.0,12000.0,9000,3000.0,North,Delhi,New Delhi,Debit Card
ORD103020,2025-08-22,CUST1522,Kavya Shah,Office Chair,Furniture,2,9500.0,19000.0,14000,5000.0,West,Gujarat,Surat,Debit Card
ORD103021,2025-07-21,CUST1884,Priya Singh,External SSD,Storage,1,8500.0,8500.0,6200,2300.0,North,Delhi,New Delhi,Cash on Delivery
ORD103022,2025-10-24,CUST1944,Nisha Kulkarni,Printer,Office Equipment,3,12500.0,37500.0,29400,8100.0,North,Punjab,Ludhiana,Debit Card
ORD103023,2025-12-24,CUST1040,Meera Patil,Keyboard,Accessories,2,2200.0,4400.0,2800,1600.0,North,Haryana,Gurugram,Credit Card
ORD103024,2025-09-04,CUST1105,Vikram Kulkarni,External SSD,Storage,1,8500.0,8500.0,6200,2300.0,East,West Bengal,Kolkata,Debit Card
ORD103025,2025-05-30,CUST1848,Tanvi Patil,Monitor,Electronics,2,18000.0,36000.0,27000,9000.0,South,Kerala,Kochi,UPI
ORD103026,2025-08-19,CUST1525,Priya Sharma,External SSD,Storage,2,8500.0,17000.0,12400,4600.0,North,Haryana,Gurugram,Net Banking
ORD103027,2025-11-01,CUST1580,Tanvi Nair,Desk,Furniture,1,12000.0,12000.0,9000,3000.0,North,Uttar Pradesh,Noida,Debit Card
ORD103028,2025-01-12,CUST1229,Pooja Mehta,Webcam,Accessories,1,2940.0,2940.0,1700,1240.0,East,Jharkhand,Ranchi,UPI
ORD103029,2025-02-15,CUST1005,Ishaan Mehta,Smartphone,Electronics,3,30400.0,91200.0,81000,10200.0,North,Uttar Pradesh,Noida,Credit Card
ORD103030,2025-03-10,CUST1324,Diya Kulkarni,Laptop,Electronics,3,65000.0,195000.0,156000,39000.0,North,Punjab,Ludhiana,Cash on Delivery
ORD103031,2025-12-17,CUST1627,Nisha Gupta,Tablet,Electronics,2,24000.0,48000.0,39000,9000.0,West,Maharashtra,Mumbai,UPI
ORD103032,2025-02-19,CUST1509,Karan Iyer,Headphones,Accessories,2,3500.0,7000.0,4400,2600.0,North,Haryana,Gurugram,Net Banking
ORD103033,2025-03-30,CUST1487,Rohan Iyer,Printer,Office Equipment,1,12500.0,12500.0,9800,2700.0,East,Bihar,Patna,Credit Card
ORD103034,2025-04-08,CUST1572,Diya Verma,Webcam,Accessories,4,2800.0,11200.0,6800,4400.0,East,West Bengal,Kolkata,Credit Card
ORD103035,2025-01-26,CUST1336,Pooja Yadav,Mouse,Accessories,1,1200.0,1200.0,700,500.0,North,Haryana,Gurugram,UPI
ORD103036,2025-06-20,CUST1982,Riya Yadav,Laptop,Electronics,1,68250.0,68250.0,52000,16250.0,West,Goa,Panaji,Debit Card
ORD103037,2025-04-30,CUST1608,Diya Nair,Webcam,Accessories,1,2800.0,2800.0,1700,1100.0,South,Telangana,Hyderabad,Debit Card
ORD103038,2025-12-03,CUST1742,Ishaan Kulkarni,Headphones,Accessories,4,3675.0,14700.0,8800,5900.0,North,Punjab,Ludhiana,UPI
ORD103039,2025-07-26,CUST1013,Sahil Patil,Printer,Office Equipment,4,11875.0,47500.0,39200,8300.0,South,Telangana,Hyderabad,UPI
ORD103040,2025-06-15,CUST1852,Ananya Chaudhary,Smartphone,Electronics,2,32000.0,64000.0,54000,10000.0,East,Assam,Guwahati,Net Banking
ORD103041,2025-03-27,CUST1963,Neha Kulkarni,Laptop,Electronics,1,65000.0,65000.0,52000,13000.0,West,Goa,Panaji,Net Banking
ORD103042,2025-03-04,CUST1953,Arjun Nair,Laptop,Electronics,1,65000.0,65000.0,52000,13000.0,West,Gujarat,Ahmedabad,Debit Card
ORD103043,2025-04-04,CUST1357,Aarav Verma,Keyboard,Accessories,1,2310.0,2310.0,1400,910.0,West,Goa,Panaji,UPI
ORD103044,2025-09-25,CUST1225,Rohan Shah,Smartphone,Electronics,1,33600.0,33600.0,27000,6600.0,South,Andhra Pradesh,Vijayawada,UPI
ORD103045,2025-09-24,CUST1995,Kavya Sharma,Monitor,Electronics,2,18000.0,36000.0,27000,9000.0,South,Tamil Nadu,Chennai,Cash on Delivery
ORD103046,2025-02-18,CUST1348,Neha Nair,Webcam,Accessories,3,2800.0,8400.0,5100,3300.0,North,Punjab,Ludhiana,Cash on Delivery
ORD103047,2025-08-09,CUST1215,Pooja Patil,Headphones,Accessories,2,3500.0,7000.0,4400,2600.0,West,Gujarat,Surat,Credit Card
ORD103048,2025-02-22,CUST1537,Neha Joshi,Webcam,Accessories,2,2800.0,5600.0,3400,2200.0,South,Tamil Nadu,Chennai,UPI
ORD103049,2025-06-07,CUST1304,Karan Yadav,Printer,Office Equipment,3,12500.0,37500.0,29400,8100.0,North,Uttar Pradesh,Noida,Cash on Delivery
ORD103050,2025-08-13,CUST1738,Ananya Mehta,Desk,Furniture,1,12600.0,12600.0,9000,3600.0,North,Punjab,Ludhiana,Credit Card
ORD103051,2025-02-15,CUST1119,Meera Yadav,External SSD,Storage,1,8500.0,8500.0,6200,2300.0,North,Uttar Pradesh,Noida,Net Banking
ORD103052,2025-11-12,CUST1681,Pooja Nair,Office Chair,Furniture,1,9500.0,9500.0,7000,2500.0,East,Assam,Guwahati,Cash on Delivery
ORD103053,2025-10-02,CUST1978,Diya Sharma,Office Chair,Furniture,1,9500.0,9500.0,7000,2500.0,South,Kerala,Kochi,Debit Card
ORD103054,2025-07-08,CUST1582,Ananya Nair,Office Chair,Furniture,2,9500.0,19000.0,14000,5000.0,South,Telangana,Hyderabad,Credit Card
ORD103055,2025-09-30,CUST1557,Ananya Deshmukh,Headphones,Accessories,1,3500.0,3500.0,2200,1300.0,East,West Bengal,Kolkata,Cash on Delivery
ORD103056,2025-04-04,CUST1715,Sahil Mehta,Webcam,Accessories,5,2800.0,14000.0,8500,5500.0,South,Kerala,Kochi,Cash on Delivery
ORD103057,2025-04-26,CUST1383,Diya Singh,Mouse,Accessories,1,1200.0,1200.0,700,500.0,South,Kerala,Kochi,Cash on Delivery
ORD103058,2025-02-21,CUST1116,Kavya Kulkarni,External SSD,Storage,1,8500.0,8500.0,6200,2300.0,North,Uttar Pradesh,Noida,UPI
ORD103059,2025-02-17,CUST1966,Karan Singh,Office Chair,Furniture,3,9975.0,29925.0,21000,8925.0,North,Rajasthan,Jaipur,Debit Card
ORD103060,2025-01-05,CUST1988,Ananya Nair,Monitor,Electronics,1,18000.0,18000.0,13500,4500.0,North,Punjab,Ludhiana,UPI
ORD103061,2025-01-08,CUST1392,Riya Joshi,Office Chair,Furniture,1,9975.0,9975.0,7000,2975.0,East,Odisha,Bhubaneswar,Cash on Delivery
ORD103062,2025-08-22,CUST1815,Priya Yadav,Headphones,Accessories,1,3500.0,3500.0,2200,1300.0,West,Gujarat,Ahmedabad,Credit Card
ORD103063,2025-07-04,CUST1358,Tanvi Patil,Webcam,Accessories,2,2940.0,5880.0,3400,2480.0,West,Goa,Panaji,Debit Card
ORD103064,2025-01-28,CUST1315,Ishaan Chaudhary,Desk,Furniture,1,12000.0,12000.0,9000,3000.0,South,Andhra Pradesh,Vijayawada,Credit Card
ORD103065,2025-01-19,CUST1394,Karan Patil,Desk,Furniture,2,12000.0,24000.0,18000,6000.0,North,Punjab,Ludhiana,Net Banking
ORD103066,2025-10-22,CUST1699,Ananya Gupta,Printer,Office Equipment,1,12500.0,12500.0,9800,2700.0,South,Tamil Nadu,Chennai,Debit Card
ORD103067,2025-12-17,CUST1842,Diya Verma,Printer,Office Equipment,2,13125.0,26250.0,19600,6650.0,South,Telangana,Hyderabad,Debit Card
ORD103068,2025-04-15,CUST1698,Priya Singh,Laptop,Electronics,1,65000.0,65000.0,52000,13000.0,East,Jharkhand,Ranchi,Cash on Delivery
ORD103069,2025-10-02,CUST1119,Rohan Singh,Headphones,Accessories,2,3500.0,7000.0,4400,2600.0,North,Uttar Pradesh,Noida,Net Banking
ORD103070,2025-01-29,CUST1677,Meera Deshmukh,Smartphone,Electronics,1,32000.0,32000.0,27000,5000.0,West,Maharashtra,Mumbai,Debit Card
ORD103071,2025-01-12,CUST1111,Ananya Nair,Keyboard,Accessories,2,2200.0,4400.0,2800,1600.0,South,Telangana,Hyderabad,Credit Card
ORD103072,2025-02-04,CUST1507,Pooja Verma,Desk,Furniture,1,12000.0,12000.0,9000,3000.0,West,Gujarat,Ahmedabad,UPI
ORD103073,2025-02-25,CUST1307,Sahil Deshmukh,Desk,Furniture,3,12000.0,36000.0,27000,9000.0,East,Jharkhand,Ranchi,Debit Card
ORD103074,2025-12-28,CUST1864,Vikram Iyer,Headphones,Accessories,2,3500.0,7000.0,4400,2600.0,South,Andhra Pradesh,Vijayawada,UPI
ORD103075,2025-03-28,CUST1783,Neha Shah,Monitor,Electronics,1,18000.0,18000.0,13500,4500.0,North,Rajasthan,Jaipur,Debit Card
ORD103076,2025-09-17,CUST1588,Kavya Sharma,Keyboard,Accessories,1,2200.0,2200.0,1400,800.0,South,Karnataka,Bengaluru,UPI
ORD103077,2025-01-23,CUST1044,Arjun Shah,Tablet,Electronics,2,22800.0,45600.0,39000,6600.0,North,Rajasthan,Jaipur,Credit Card
ORD103078,2025-07-08,CUST1848,Ananya Nair,Office Chair,Furniture,1,9500.0,9500.0,7000,2500.0,South,Andhra Pradesh,Vijayawada,Cash on Delivery
ORD103079,2025-06-19,CUST1209,Rahul Deshmukh,Monitor,Electronics,2,18000.0,36000.0,27000,9000.0,West,Gujarat,Ahmedabad,Debit Card
ORD103080,2025-07-10,CUST1343,Vikram Nair,Printer,Office Equipment,4,12500.0,50000.0,39200,10800.0,West,Goa,Panaji,Debit Card
ORD103081,2025-02-14,CUST1462,Karan Kulkarni,Printer,Office Equipment,1,12500.0,12500.0,9800,2700.0,North,Uttar Pradesh,Noida,Debit Card
ORD103082,2025-07-17,CUST1108,Vikram Sharma,Desk,Furniture,1,12000.0,12000.0,9000,3000.0,West,Maharashtra,Mumbai,UPI
ORD103083,2025-05-10,CUST1399,Meera Iyer,Webcam,Accessories,1,2800.0,2800.0,1700,1100.0,South,Andhra Pradesh,Vijayawada,Cash on Delivery
ORD103084,2025-03-21,CUST1945,Kavya Joshi,Office Chair,Furniture,1,9500.0,9500.0,7000,2500.0,South,Karnataka,Bengaluru,Credit Card
ORD103085,2025-08-13,CUST1336,Rohan Sharma,Headphones,Accessories,1,3500.0,3500.0,2200,1300.0,South,Andhra Pradesh,Vijayawada,Debit Card
ORD103086,2025-01-09,CUST1311,Tanvi Iyer,Webcam,Accessories,2,2800.0,5600.0,3400,2200.0,West,Gujarat,Surat,Cash on Delivery
ORD103087,2025-02-23,CUST1497,Nisha Chaudhary,External SSD,Storage,3,8500.0,25500.0,18600,6900.0,West,Maharashtra,Nashik,Net Banking
ORD103088,2025-09-24,CUST1229,Neha Yadav,Headphones,Accessories,2,3500.0,7000.0,4400,2600.0,South,Andhra Pradesh,Vijayawada,UPI
ORD103089,2025-07-13,CUST1616,Nisha Mehta,Headphones,Accessories,2,3500.0,7000.0,4400,2600.0,West,Maharashtra,Mumbai,UPI
ORD103090,2025-02-05,CUST1195,Nisha Kulkarni,Office Chair,Furniture,3,9500.0,28500.0,21000,7500.0,East,West Bengal,Kolkata,Cash on Delivery
ORD103091,2025-09-09,CUST1064,Aarav Patil,Mouse,Accessories,1,1140.0,1140.0,700,440.0,West,Maharashtra,Pune,Net Banking
ORD103092,2025-05-22,CUST1494,Rohan Chaudhary,Laptop,Electronics,1,65000.0,65000.0,52000,13000.0,South,Kerala,Kochi,Debit Card
ORD103093,2025-09-23,CUST1884,Nisha Patil,Headphones,Accessories,2,3500.0,7000.0,4400,2600.0,East,Odisha,Bhubaneswar,Net Banking
ORD103094,2025-01-21,CUST1328,Ananya Deshmukh,Monitor,Electronics,5,18000.0,90000.0,67500,22500.0,East,Assam,Guwahati,UPI
ORD103095,2025-11-09,CUST1836,Ananya Yadav,Laptop,Electronics,1,65000.0,65000.0,52000,13000.0,South,Kerala,Kochi,Credit Card
ORD103096,2025-10-07,CUST1144,Meera Patil,External SSD,Storage,1,8500.0,8500.0,6200,2300.0,West,Maharashtra,Nashik,Debit Card
ORD103097,2025-06-28,CUST1469,Neha Kulkarni,External SSD,Storage,1,8500.0,8500.0,6200,2300.0,North,Uttar Pradesh,Noida,UPI
ORD103098,2025-09-19,CUST1516,Neha Verma,Headphones,Accessories,1,3500.0,3500.0,2200,1300.0,South,Telangana,Hyderabad,UPI
ORD103099,2025-02-02,CUST1038,Nisha Shah,Office Chair,Furniture,1,9975.0,9975.0,7000,2975.0,North,Haryana,Gurugram,UPI
ORD103100,2025-08-15,CUST1541,Diya Verma,Desk,Furniture,1,12000.0,12000.0,9000,3000.0,North,Haryana,Gurugram,Cash on Delivery
ORD103101,2025-01-11,CUST1671,Pooja Kulkarni,Mouse,Accessories,1,1200.0,1200.0,700,500.0,West,Maharashtra,Nashik,UPI
ORD103102,2025-10-03,CUST1362,Rahul Kulkarni,Laptop,Electronics,2,61750.0,123500.0,104000,19500.0,South,Andhra Pradesh,Vijayawada,UPI
ORD103103,2025-07-14,CUST1137,Diya Gupta,Desk,Furniture,2,12000.0,24000.0,18000,6000.0,North,Haryana,Gurugram,Credit Card
ORD103104,2025-12-09,CUST1948,Neha Shah,Smartphone,Electronics,2,30400.0,60800.0,54000,6800.0,West,Gujarat,Ahmedabad,UPI
ORD103105,2025-07-14,CUST1757,Kavya Chaudhary,Laptop,Electronics,1,65000.0,65000.0,52000,13000.0,East,Assam,Guwahati,Net Banking
ORD103106,2025-05-22,CUST1839,Neha Yadav,Desk,Furniture,2,12000.0,24000.0,18000,6000.0,North,Delhi,New Delhi,Cash on Delivery
ORD103107,2025-02-20,CUST1438,Rahul Yadav,Keyboard,Accessories,1,2200.0,2200.0,1400,800.0,North,Punjab,Ludhiana,Debit Card
ORD103108,2025-03-13,CUST1339,Vikram Singh,Office Chair,Furniture,2,9500.0,19000.0,14000,5000.0,West,Goa,Panaji,Net Banking
ORD103109,2025-07-16,CUST1043,Diya Mehta,Headphones,Accessories,1,3325.0,3325.0,2200,1125.0,East,Odisha,Bhubaneswar,Debit Card
ORD103110,2025-06-19,CUST1154,Diya Patil,Tablet,Electronics,2,24000.0,48000.0,39000,9000.0,South,Tamil Nadu,Chennai,Debit Card
ORD103111,2025-07-17,CUST1633,Tanvi Nair,Keyboard,Accessories,2,2200.0,4400.0,2800,1600.0,West,Maharashtra,Nashik,Credit Card
ORD103112,2025-03-13,CUST1122,Pooja Patil,Keyboard,Accessories,1,2200.0,2200.0,1400,800.0,West,Maharashtra,Nashik,Net Banking
ORD103113,2025-04-24,CUST1923,Karan Verma,Printer,Office Equipment,2,12500.0,25000.0,19600,5400.0,South,Andhra Pradesh,Vijayawada,Credit Card
ORD103114,2025-02-14,CUST1973,Tanvi Joshi,Mouse,Accessories,3,1200.0,3600.0,2100,1500.0,North,Delhi,New Delhi,Debit Card
ORD103115,2025-08-05,CUST1761,Rohan Singh,Tablet,Electronics,3,24000.0,72000.0,58500,13500.0,East,West Bengal,Kolkata,Credit Card
ORD103116,2025-07-11,CUST1281,Riya Verma,Desk,Furniture,3,12000.0,36000.0,27000,9000.0,East,Bihar,Patna,UPI
ORD103117,2025-05-16,CUST1357,Arjun Gupta,Tablet,Electronics,3,25200.0,75600.0,58500,17100.0,North,Delhi,New Delhi,Credit Card
ORD103118,2025-08-13,CUST1539,Diya Patil,Laptop,Electronics,1,61750.0,61750.0,52000,9750.0,West,Maharashtra,Mumbai,Credit Card
ORD103119,2025-03-09,CUST1092,Riya Patil,Desk,Furniture,4,12000.0,48000.0,36000,12000.0,South,Tamil Nadu,Chennai,Debit Card
ORD103120,2025-04-03,CUST1121,Ananya Yadav,Office Chair,Furniture,2,9500.0,19000.0,14000,5000.0,East,Bihar,Patna,Cash on Delivery
ORD103121,2025-07-14,CUST1288,Diya Nair,Office Chair,Furniture,1,9500.0,9500.0,7000,2500.0,East,Odisha,Bhubaneswar,Debit Card
ORD103122,2025-07-10,CUST1282,Arjun Iyer,Mouse,Accessories,3,1200.0,3600.0,2100,1500.0,West,Goa,Panaji,Credit Card
ORD103123,2025-11-03,CUST1646,Diya Nair,Printer,Office Equipment,1,12500.0,12500.0,9800,2700.0,West,Gujarat,Ahmedabad,Net Banking
ORD103124,2025-02-27,CUST1146,Arjun Yadav,Printer,Office Equipment,1,13125.0,13125.0,9800,3325.0,North,Punjab,Ludhiana,UPI
ORD103125,2025-02-11,CUST1332,Sahil Patil,Printer,Office Equipment,4,12500.0,50000.0,39200,10800.0,East,Bihar,Patna,Cash on Delivery
ORD103126,2025-02-02,CUST1959,Rohan Deshmukh,External SSD,Storage,1,8500.0,8500.0,6200,2300.0,East,Bihar,Patna,Net Banking
ORD103127,2025-07-28,CUST1615,Aditya Gupta,Monitor,Electronics,1,18000.0,18000.0,13500,4500.0,East,West Bengal,Kolkata,Cash on Delivery
ORD103128,2025-05-22,CUST1091,Meera Gupta,Desk,Furniture,3,12000.0,36000.0,27000,9000.0,East,Bihar,Patna,Credit Card
ORD103129,2025-12-04,CUST1954,Tanvi Iyer,Printer,Office Equipment,2,12500.0,25000.0,19600,5400.0,West,Maharashtra,Pune,Net Banking
ORD103130,2025-05-29,CUST1453,Vikram Iyer,Tablet,Electronics,2,24000.0,48000.0,39000,9000.0,West,Gujarat,Surat,Cash on Delivery
ORD103131,2025-09-11,CUST1364,Ishaan Yadav,Office Chair,Furniture,2,9500.0,19000.0,14000,5000.0,West,Gujarat,Surat,Credit Card
ORD103132,2025-05-13,CUST1918,Pooja Reddy,Tablet,Electronics,3,24000.0,72000.0,58500,13500.0,North,Uttar Pradesh,Noida,Cash on Delivery
ORD103133,2025-11-07,CUST1960,Aditya Singh,External SSD,Storage,1,8500.0,8500.0,6200,2300.0,South,Karnataka,Bengaluru,Credit Card
ORD103134,2025-05-06,CUST1285,Sahil Joshi,Monitor,Electronics,1,18000.0,18000.0,13500,4500.0,West,Goa,Panaji,Net Banking
ORD103135,2025-06-04,CUST1917,Sahil Joshi,Keyboard,Accessories,1,2200.0,2200.0,1400,800.0,South,Kerala,Kochi,Cash on Delivery
ORD103136,2025-08-01,CUST1411,Vikram Chaudhary,Headphones,Accessories,1,3500.0,3500.0,2200,1300.0,West,Goa,Panaji,Debit Card
ORD103137,2025-09-18,CUST1604,Meera Mehta,Webcam,Accessories,3,2800.0,8400.0,5100,3300.0,East,Bihar,Patna,UPI
ORD103138,2025-11-25,CUST1938,Tanvi Shah,Keyboard,Accessories,3,2200.0,6600.0,4200,2400.0,South,Andhra Pradesh,Vijayawada,Net Banking
ORD103139,2025-12-08,CUST1231,Pooja Singh,Tablet,Electronics,1,24000.0,24000.0,19500,4500.0,West,Gujarat,Surat,Cash on Delivery
ORD103140,2025-11-29,CUST1721,Rahul Gupta,Laptop,Electronics,3,65000.0,195000.0,156000,39000.0,West,Maharashtra,Pune,Cash on Delivery
ORD103141,2025-01-30,CUST1975,Kavya Mehta,Mouse,Accessories,1,1200.0,1200.0,700,500.0,West,Maharashtra,Mumbai,UPI
ORD103142,2025-06-19,CUST1921,Ishaan Deshmukh,Desk,Furniture,2,12000.0,24000.0,18000,6000.0,South,Tamil Nadu,Chennai,Credit Card
ORD103143,2025-12-24,CUST1976,Neha Sharma,Desk,Furniture,1,11400.0,11400.0,9000,2400.0,North,Rajasthan,Jaipur,Debit Card
ORD103144,2025-12-27,CUST1587,Kavya Kulkarni,Tablet,Electronics,1,24000.0,24000.0,19500,4500.0,East,Odisha,Bhubaneswar,Credit Card
ORD103145,2025-09-16,CUST1502,Tanvi Kulkarni,Smartphone,Electronics,1,32000.0,32000.0,27000,5000.0,East,Bihar,Patna,UPI
ORD103146,2025-04-21,CUST1311,Pooja Kulkarni,Webcam,Accessories,2,2660.0,5320.0,3400,1920.0,South,Tamil Nadu,Chennai,Credit Card
ORD103147,2025-05-03,CUST1361,Kavya Yadav,Tablet,Electronics,3,24000.0,72000.0,58500,13500.0,East,Odisha,Bhubaneswar,UPI
ORD103148,2025-02-12,CUST1098,Aarav Verma,Laptop,Electronics,4,65000.0,260000.0,208000,52000.0,South,Kerala,Kochi,UPI
ORD103149,2025-01-14,CUST1513,Meera Gupta,Headphones,Accessories,1,3500.0,3500.0,2200,1300.0,West,Maharashtra,Nashik,Cash on Delivery
ORD103150,2025-11-12,CUST1594,Ananya Mehta,Office Chair,Furniture,1,9500.0,9500.0,7000,2500.0,South,Telangana,Hyderabad,UPI
ORD103151,2025-01-26,CUST1272,Priya Yadav,Printer,Office Equipment,2,13125.0,26250.0,19600,6650.0,North,Rajasthan,Jaipur,Cash on Delivery
ORD103152,2025-06-17,CUST1706,Ishaan Kulkarni,Webcam,Accessories,2,2800.0,5600.0,3400,2200.0,South,Telangana,Hyderabad,UPI
ORD103153,2025-05-31,CUST1174,Rahul Verma,Mouse,Accessories,2,1200.0,2400.0,1400,1000.0,South,Andhra Pradesh,Vijayawada,Cash on Delivery
ORD103154,2025-04-25,CUST1911,Vikram Patil,Office Chair,Furniture,3,9500.0,28500.0,21000,7500.0,West,Gujarat,Surat,UPI
ORD103155,2025-11-10,CUST1726,Neha Yadav,Mouse,Accessories,3,1200.0,3600.0,2100,1500.0,East,Assam,Guwahati,Cash on Delivery
ORD103156,2025-12-25,CUST1473,Neha Verma,Tablet,Electronics,1,24000.0,24000.0,19500,4500.0,West,Maharashtra,Pune,Net Banking
ORD103157,2025-09-12,CUST1676,Nisha Nair,Keyboard,Accessories,4,2200.0,8800.0,5600,3200.0,West,Maharashtra,Mumbai,Net Banking
ORD103158,2025-07-10,CUST1771,Sneha Sharma,Keyboard,Accessories,1,2310.0,2310.0,1400,910.0,South,Kerala,Kochi,Credit Card
ORD103159,2025-03-30,CUST1482,Vikram Reddy,Smartphone,Electronics,2,30400.0,60800.0,54000,6800.0,South,Kerala,Kochi,UPI
ORD103160,2025-11-30,CUST1558,Kavya Deshmukh,Desk,Furniture,1,12000.0,12000.0,9000,3000.0,West,Gujarat,Ahmedabad,Credit Card
ORD103161,2025-05-01,CUST1263,Priya Patil,External SSD,Storage,2,8500.0,17000.0,12400,4600.0,West,Gujarat,Ahmedabad,Cash on Delivery
ORD103162,2025-11-23,CUST1635,Diya Iyer,Printer,Office Equipment,1,12500.0,12500.0,9800,2700.0,West,Maharashtra,Pune,UPI
ORD103163,2025-10-27,CUST1075,Riya Kulkarni,Mouse,Accessories,3,1200.0,3600.0,2100,1500.0,South,Tamil Nadu,Chennai,Debit Card
ORD103164,2025-06-20,CUST1463,Rahul Yadav,Laptop,Electronics,4,65000.0,260000.0,208000,52000.0,West,Gujarat,Surat,Credit Card
ORD103165,2025-04-25,CUST1011,Tanvi Joshi,Tablet,Electronics,5,25200.0,126000.0,97500,28500.0,East,Assam,Guwahati,Credit Card
ORD103166,2025-01-21,CUST1973,Rohan Mehta,Tablet,Electronics,2,24000.0,48000.0,39000,9000.0,South,Telangana,Hyderabad,Cash on Delivery
ORD103167,2025-03-04,CUST1922,Diya Mehta,Monitor,Electronics,3,18000.0,54000.0,40500,13500.0,West,Gujarat,Ahmedabad,Net Banking
ORD103168,2025-04-05,CUST1272,Kavya Yadav,Office Chair,Furniture,2,9975.0,19950.0,14000,5950.0,South,Tamil Nadu,Chennai,UPI
ORD103169,2025-07-10,CUST1614,Karan Joshi,Headphones,Accessories,2,3500.0,7000.0,4400,2600.0,West,Maharashtra,Pune,Cash on Delivery
ORD103170,2025-02-13,CUST1297,Arjun Verma,Office Chair,Furniture,1,9500.0,9500.0,7000,2500.0,North,Haryana,Gurugram,UPI
ORD103171,2025-08-09,CUST1618,Tanvi Iyer,Desk,Furniture,2,12000.0,24000.0,18000,6000.0,South,Tamil Nadu,Chennai,Credit Card
ORD103172,2025-08-30,CUST1572,Ananya Mehta,Laptop,Electronics,1,65000.0,65000.0,52000,13000.0,West,Goa,Panaji,Cash on Delivery
ORD103173,2025-02-04,CUST1273,Ananya Verma,Desk,Furniture,1,12000.0,12000.0,9000,3000.0,West,Gujarat,Surat,UPI
ORD103174,2025-09-27,CUST1624,Vikram Patil,Office Chair,Furniture,1,9500.0,9500.0,7000,2500.0,North,Delhi,New Delhi,Cash on Delivery
ORD103175,2025-12-08,CUST1977,Ananya Singh,Laptop,Electronics,2,65000.0,130000.0,104000,26000.0,South,Tamil Nadu,Chennai,Cash on Delivery
ORD103176,2025-09-13,CUST1118,Kavya Reddy,Office Chair,Furniture,5,9500.0,47500.0,35000,12500.0,West,Maharashtra,Pune,Net Banking
ORD103177,2025-01-26,CUST1172,Diya Yadav,Office Chair,Furniture,3,9500.0,28500.0,21000,7500.0,North,Rajasthan,Jaipur,UPI
ORD103178,2025-10-22,CUST1455,Tanvi Singh,Headphones,Accessories,3,3500.0,10500.0,6600,3900.0,South,Telangana,Hyderabad,Credit Card
ORD103179,2025-11-23,CUST1857,Neha Iyer,Monitor,Electronics,5,18000.0,90000.0,67500,22500.0,West,Maharashtra,Nashik,Credit Card
ORD103180,2025-11-13,CUST1704,Sneha Chaudhary,External SSD,Storage,3,8500.0,25500.0,18600,6900.0,North,Rajasthan,Jaipur,Net Banking
ORD103181,2025-08-19,CUST1934,Rahul Mehta,Printer,Office Equipment,2,12500.0,25000.0,19600,5400.0,West,Maharashtra,Nashik,Debit Card
ORD103182,2025-03-11,CUST1771,Nisha Kulkarni,Webcam,Accessories,1,2800.0,2800.0,1700,1100.0,South,Karnataka,Bengaluru,UPI
ORD103183,2025-07-12,CUST1072,Aarav Chaudhary,Smartphone,Electronics,1,32000.0,32000.0,27000,5000.0,North,Delhi,New Delhi,Credit Card
ORD103184,2025-06-30,CUST1422,Diya Verma,Headphones,Accessories,1,3675.0,3675.0,2200,1475.0,West,Gujarat,Ahmedabad,Credit Card
ORD103185,2025-05-20,CUST1986,Neha Iyer,Office Chair,Furniture,4,9500.0,38000.0,28000,10000.0,South,Tamil Nadu,Chennai,Credit Card
ORD103186,2025-05-12,CUST1581,Vikram Verma,Webcam,Accessories,5,2660.0,13300.0,8500,4800.0,West,Maharashtra,Pune,UPI
ORD103187,2025-08-29,CUST1884,Aditya Reddy,Headphones,Accessories,3,3500.0,10500.0,6600,3900.0,West,Gujarat,Surat,Cash on Delivery
ORD103188,2025-12-20,CUST1080,Rahul Verma,Headphones,Accessories,4,3500.0,14000.0,8800,5200.0,West,Maharashtra,Mumbai,Net Banking
ORD103189,2025-02-17,CUST1740,Ananya Sharma,Printer,Office Equipment,1,12500.0,12500.0,9800,2700.0,South,Karnataka,Bengaluru,Cash on Delivery
ORD103190,2025-12-16,CUST1856,Pooja Joshi,Desk,Furniture,4,12000.0,48000.0,36000,12000.0,South,Karnataka,Bengaluru,Credit Card
ORD103191,2025-08-27,CUST1894,Nisha Nair,Desk,Furniture,1,12000.0,12000.0,9000,3000.0,South,Tamil Nadu,Chennai,Cash on Delivery
ORD103192,2025-11-15,CUST1129,Arjun Reddy,Webcam,Accessories,1,2800.0,2800.0,1700,1100.0,North,Delhi,New Delhi,Debit Card
ORD103193,2025-12-31,CUST1984,Diya Mehta,Mouse,Accessories,1,1200.0,1200.0,700,500.0,South,Tamil Nadu,Chennai,Cash on Delivery
ORD103194,2025-03-30,CUST1522,Riya Chaudhary,Keyboard,Accessories,2,2200.0,4400.0,2800,1600.0,West,Gujarat,Surat,Cash on Delivery
ORD103195,2025-02-28,CUST1736,Neha Yadav,Desk,Furniture,1,12000.0,12000.0,9000,3000.0,West,Goa,Panaji,Credit Card
ORD103196,2025-06-24,CUST1992,Pooja Nair,Keyboard,Accessories,3,2200.0,6600.0,4200,2400.0,North,Punjab,Ludhiana,Net Banking
ORD103197,2025-10-09,CUST1004,Karan Singh,Tablet,Electronics,4,22800.0,91200.0,78000,13200.0,North,Punjab,Ludhiana,Cash on Delivery
ORD103198,2025-07-17,CUST1525,Aarav Kulkarni,Headphones,Accessories,1,3500.0,3500.0,2200,1300.0,South,Tamil Nadu,Chennai,Credit Card
ORD103199,2025-07-20,CUST1673,Rahul Iyer,Monitor,Electronics,3,18000.0,54000.0,40500,13500.0,West,Goa,Panaji,UPI
ORD103200,2025-11-12,CUST1388,Ishaan Joshi,Mouse,Accessories,2,1200.0,2400.0,1400,1000.0,South,Karnataka,Bengaluru,Credit Card
ORD103201,2025-12-05,CUST1024,Rahul Iyer,External SSD,Storage,4,8075.0,32300.0,24800,7500.0,South,Telangana,Hyderabad,Credit Card
ORD103202,2025-08-26,CUST1592,Ishaan Deshmukh,Monitor,Electronics,3,18000.0,54000.0,40500,13500.0,West,Gujarat,Surat,Net Banking
ORD103203,2025-04-04,CUST1341,Tanvi Kulkarni,Webcam,Accessories,1,2940.0,2940.0,1700,1240.0,West,Maharashtra,Mumbai,Net Banking
ORD103204,2025-02-23,CUST1431,Aarav Iyer,Desk,Furniture,1,12000.0,12000.0,9000,3000.0,West,Gujarat,Ahmedabad,Debit Card
ORD103205,2025-10-27,CUST1721,Kavya Singh,Printer,Office Equipment,1,12500.0,12500.0,9800,2700.0,West,Maharashtra,Mumbai,Credit Card
ORD103206,2025-06-17,CUST1528,Pooja Nair,Printer,Office Equipment,2,12500.0,25000.0,19600,5400.0,North,Punjab,Ludhiana,Debit Card
ORD103207,2025-12-28,CUST1570,Nisha Sharma,Desk,Furniture,1,11400.0,11400.0,9000,2400.0,North,Delhi,New Delhi,Credit Card
ORD103208,2025-11-26,CUST1379,Ishaan Reddy,External SSD,Storage,3,8925.0,26775.0,18600,8175.0,North,Delhi,New Delhi,Credit Card
ORD103209,2025-09-17,CUST1295,Ishaan Chaudhary,Desk,Furniture,1,12000.0,12000.0,9000,3000.0,West,Gujarat,Surat,Credit Card
ORD103210,2025-06-16,CUST1996,Kavya Sharma,External SSD,Storage,2,8075.0,16150.0,12400,3750.0,East,Assam,Guwahati,UPI
ORD103211,2025-01-30,CUST1922,Tanvi Reddy,Monitor,Electronics,3,18000.0,54000.0,40500,13500.0,West,Maharashtra,Pune,Credit Card
ORD103212,2025-04-05,CUST1399,Rahul Singh,Webcam,Accessories,1,2800.0,2800.0,1700,1100.0,West,Maharashtra,Mumbai,Net Banking
ORD103213,2025-04-19,CUST1944,Sahil Shah,Desk,Furniture,4,12000.0,48000.0,36000,12000.0,East,Bihar,Patna,Net Banking
ORD103214,2025-02-22,CUST1218,Vikram Mehta,Mouse,Accessories,1,1200.0,1200.0,700,500.0,South,Andhra Pradesh,Vijayawada,Debit Card
ORD103215,2025-11-11,CUST1125,Sneha Yadav,Printer,Office Equipment,4,12500.0,50000.0,39200,10800.0,South,Karnataka,Bengaluru,Debit Card
ORD103216,2025-03-31,CUST1168,Riya Joshi,Mouse,Accessories,1,1140.0,1140.0,700,440.0,West,Maharashtra,Pune,Net Banking
ORD103217,2025-04-24,CUST1654,Karan Chaudhary,Smartphone,Electronics,2,32000.0,64000.0,54000,10000.0,West,Maharashtra,Pune,UPI
ORD103218,2025-07-27,CUST1944,Sneha Verma,Webcam,Accessories,3,2800.0,8400.0,5100,3300.0,South,Andhra Pradesh,Vijayawada,Net Banking
ORD103219,2025-02-13,CUST1339,Karan Iyer,Headphones,Accessories,4,3325.0,13300.0,8800,4500.0,West,Maharashtra,Nashik,Net Banking
ORD103220,2025-02-01,CUST1866,Aditya Mehta,Desk,Furniture,1,12000.0,12000.0,9000,3000.0,East,Jharkhand,Ranchi,UPI
ORD103221,2025-07-01,CUST1222,Pooja Patil,Office Chair,Furniture,2,9500.0,19000.0,14000,5000.0,North,Delhi,New Delhi,Debit Card
ORD103222,2025-02-11,CUST1385,Riya Kulkarni,Headphones,Accessories,3,3500.0,10500.0,6600,3900.0,East,Odisha,Bhubaneswar,Debit Card
ORD103223,2025-01-28,CUST1707,Tanvi Shah,External SSD,Storage,3,8500.0,25500.0,18600,6900.0,East,Jharkhand,Ranchi,Credit Card
ORD103224,2025-05-06,CUST1886,Tanvi Deshmukh,External SSD,Storage,2,8500.0,17000.0,12400,4600.0,South,Tamil Nadu,Chennai,UPI
ORD103225,2025-06-17,CUST1316,Arjun Deshmukh,Smartphone,Electronics,1,30400.0,30400.0,27000,3400.0,South,Andhra Pradesh,Vijayawada,Net Banking
ORD103226,2025-09-10,CUST1021,Kavya Gupta,External SSD,Storage,2,8500.0,17000.0,12400,4600.0,West,Maharashtra,Pune,Debit Card
ORD103227,2025-04-27,CUST1734,Rahul Yadav,Monitor,Electronics,3,18000.0,54000.0,40500,13500.0,South,Andhra Pradesh,Vijayawada,UPI
ORD103228,2025-09-02,CUST1038,Tanvi Nair,Monitor,Electronics,1,18000.0,18000.0,13500,4500.0,East,West Bengal,Kolkata,Cash on Delivery
ORD103229,2025-10-30,CUST1483,Priya Gupta,Keyboard,Accessories,1,2090.0,2090.0,1400,690.0,North,Rajasthan,Jaipur,Credit Card
ORD103230,2025-10-10,CUST1510,Aarav Shah,Webcam,Accessories,4,2660.0,10640.0,6800,3840.0,South,Andhra Pradesh,Vijayawada,Cash on Delivery
ORD103231,2025-06-22,CUST1494,Ananya Gupta,Keyboard,Accessories,3,2200.0,6600.0,4200,2400.0,West,Maharashtra,Mumbai,Debit Card
ORD103232,2025-11-16,CUST1314,Meera Yadav,Mouse,Accessories,1,1140.0,1140.0,700,440.0,South,Karnataka,Bengaluru,Net Banking
ORD103233,2025-05-02,CUST1723,Kavya Nair,External SSD,Storage,3,8925.0,26775.0,18600,8175.0,South,Karnataka,Bengaluru,Cash on Delivery
ORD103234,2025-09-01,CUST1851,Neha Gupta,Office Chair,Furniture,4,9500.0,38000.0,28000,10000.0,South,Andhra Pradesh,Vijayawada,Credit Card
ORD103235,2025-02-27,CUST1038,Ananya Yadav,Headphones,Accessories,1,3500.0,3500.0,2200,1300.0,South,Karnataka,Bengaluru,Net Banking
ORD103236,2025-02-12,CUST1654,Tanvi Yadav,Headphones,Accessories,2,3500.0,7000.0,4400,2600.0,West,Gujarat,Ahmedabad,Debit Card
ORD103237,2025-10-13,CUST1164,Priya Gupta,Printer,Office Equipment,3,12500.0,37500.0,29400,8100.0,East,Assam,Guwahati,Debit Card
ORD103238,2025-04-04,CUST1677,Sneha Singh,External SSD,Storage,4,8075.0,32300.0,24800,7500.0,West,Maharashtra,Nashik,Debit Card
ORD103239,2025-07-20,CUST1707,Sneha Mehta,Smartphone,Electronics,4,32000.0,128000.0,108000,20000.0,North,Uttar Pradesh,Noida,UPI
ORD103240,2025-03-22,CUST1806,Riya Yadav,Monitor,Electronics,1,18000.0,18000.0,13500,4500.0,West,Maharashtra,Pune,Credit Card
ORD103241,2025-03-31,CUST1135,Sneha Chaudhary,Smartphone,Electronics,1,32000.0,32000.0,27000,5000.0,West,Maharashtra,Nashik,Debit Card
ORD103242,2025-06-29,CUST1855,Nisha Iyer,Office Chair,Furniture,1,9500.0,9500.0,7000,2500.0,East,Bihar,Patna,Net Banking
ORD103243,2025-01-06,CUST1311,Aarav Iyer,External SSD,Storage,1,8500.0,8500.0,6200,2300.0,East,Bihar,Patna,UPI
ORD103244,2025-01-26,CUST1529,Neha Nair,Office Chair,Furniture,1,9500.0,9500.0,7000,2500.0,North,Uttar Pradesh,Noida,Cash on Delivery
ORD103245,2025-09-18,CUST1997,Sahil Verma,Laptop,Electronics,1,65000.0,65000.0,52000,13000.0,West,Maharashtra,Pune,Net Banking
ORD103246,2025-07-21,CUST1818,Neha Deshmukh,Office Chair,Furniture,1,9500.0,9500.0,7000,2500.0,West,Goa,Panaji,Credit Card
ORD103247,2025-04-12,CUST1525,Rahul Iyer,Webcam,Accessories,2,2800.0,5600.0,3400,2200.0,East,West Bengal,Kolkata,Net Banking
ORD103248,2025-04-25,CUST1612,Ananya Sharma,Tablet,Electronics,1,24000.0,24000.0,19500,4500.0,West,Gujarat,Surat,Credit Card
ORD103249,2025-05-05,CUST1380,Tanvi Shah,Webcam,Accessories,1,2800.0,2800.0,1700,1100.0,West,Gujarat,Ahmedabad,Cash on Delivery
ORD103250,2025-12-14,CUST1402,Arjun Chaudhary,Webcam,Accessories,1,2800.0,2800.0,1700,1100.0,South,Karnataka,Bengaluru,Cash on Delivery
ORD103251,2025-09-13,CUST1953,Rohan Gupta,Monitor,Electronics,2,18000.0,36000.0,27000,9000.0,West,Gujarat,Surat,Net Banking
ORD103252,2025-05-25,CUST1534,Tanvi Gupta,Smartphone,Electronics,1,32000.0,32000.0,27000,5000.0,West,Gujarat,Ahmedabad,UPI
ORD103253,2025-04-22,CUST1452,Aditya Nair,Printer,Office Equipment,4,13125.0,52500.0,39200,13300.0,West,Gujarat,Surat,Credit Card
ORD103254,2025-01-13,CUST1608,Ishaan Shah,Headphones,Accessories,1,3500.0,3500.0,2200,1300.0,East,Jharkhand,Ranchi,UPI
ORD103255,2025-03-24,CUST1388,Rohan Mehta,Webcam,Accessories,2,2800.0,5600.0,3400,2200.0,West,Maharashtra,Pune,Credit Card
ORD103256,2025-07-31,CUST1328,Rahul Nair,External SSD,Storage,1,8925.0,8925.0,6200,2725.0,South,Andhra Pradesh,Vijayawada,Credit Card
ORD103257,2025-02-04,CUST1428,Karan Nair,External SSD,Storage,2,8500.0,17000.0,12400,4600.0,South,Kerala,Kochi,Debit Card
ORD103258,2025-06-12,CUST1592,Ishaan Mehta,Tablet,Electronics,1,24000.0,24000.0,19500,4500.0,East,Assam,Guwahati,Credit Card
ORD103259,2025-05-17,CUST1585,Rahul Shah,Desk,Furniture,1,12600.0,12600.0,9000,3600.0,North,Punjab,Ludhiana,Credit Card
ORD103260,2025-01-29,CUST1806,Meera Iyer,External SSD,Storage,1,8075.0,8075.0,6200,1875.0,West,Gujarat,Ahmedabad,Debit Card
ORD103261,2025-08-17,CUST1627,Karan Verma,Tablet,Electronics,4,24000.0,96000.0,78000,18000.0,West,Maharashtra,Pune,Net Banking
ORD103262,2025-10-04,CUST1496,Pooja Kulkarni,Desk,Furniture,3,12000.0,36000.0,27000,9000.0,West,Maharashtra,Nashik,Debit Card
ORD103263,2025-01-14,CUST1813,Tanvi Yadav,Tablet,Electronics,1,24000.0,24000.0,19500,4500.0,West,Maharashtra,Nashik,UPI
ORD103264,2025-10-31,CUST1566,Vikram Yadav,External SSD,Storage,1,8500.0,8500.0,6200,2300.0,North,Punjab,Ludhiana,UPI
ORD103265,2025-11-18,CUST1284,Riya Yadav,Tablet,Electronics,2,24000.0,48000.0,39000,9000.0,West,Maharashtra,Pune,Credit Card
ORD103266,2025-03-22,CUST1800,Sahil Reddy,External SSD,Storage,3,8500.0,25500.0,18600,6900.0,East,Bihar,Patna,Credit Card
ORD103267,2025-09-08,CUST1517,Tanvi Joshi,Printer,Office Equipment,2,12500.0,25000.0,19600,5400.0,South,Kerala,Kochi,Net Banking
ORD103268,2025-02-27,CUST1642,Ananya Gupta,Mouse,Accessories,2,1200.0,2400.0,1400,1000.0,North,Rajasthan,Jaipur,Debit Card
ORD103269,2025-03-01,CUST1022,Sahil Mehta,Monitor,Electronics,1,18000.0,18000.0,13500,4500.0,South,Telangana,Hyderabad,Credit Card
ORD103270,2025-11-15,CUST1809,Rahul Mehta,Mouse,Accessories,1,1200.0,1200.0,700,500.0,North,Delhi,New Delhi,Net Banking
ORD103271,2025-10-02,CUST1985,Sneha Shah,Desk,Furniture,1,12000.0,12000.0,9000,3000.0,South,Telangana,Hyderabad,Cash on Delivery
ORD103272,2025-12-14,CUST1160,Sneha Gupta,Mouse,Accessories,4,1200.0,4800.0,2800,2000.0,South,Kerala,Kochi,Cash on Delivery
ORD103273,2025-04-09,CUST1042,Pooja Shah,Webcam,Accessories,1,2660.0,2660.0,1700,960.0,South,Karnataka,Bengaluru,Credit Card
ORD103274,2025-10-22,CUST1325,Riya Shah,Monitor,Electronics,2,18000.0,36000.0,27000,9000.0,North,Rajasthan,Jaipur,Net Banking
ORD103275,2025-07-05,CUST1221,Tanvi Gupta,Headphones,Accessories,1,3500.0,3500.0,2200,1300.0,West,Maharashtra,Mumbai,Debit Card
ORD103276,2025-02-12,CUST1939,Rahul Yadav,Smartphone,Electronics,2,32000.0,64000.0,54000,10000.0,West,Gujarat,Ahmedabad,Cash on Delivery
ORD103277,2025-04-28,CUST1461,Riya Nair,Desk,Furniture,3,12000.0,36000.0,27000,9000.0,West,Maharashtra,Mumbai,Net Banking
ORD103278,2025-12-19,CUST1769,Pooja Sharma,Monitor,Electronics,1,18000.0,18000.0,13500,4500.0,North,Delhi,New Delhi,UPI
ORD103279,2025-06-08,CUST1233,Priya Gupta,Monitor,Electronics,1,18000.0,18000.0,13500,4500.0,North,Haryana,Gurugram,Net Banking
ORD103280,2025-06-04,CUST1601,Sahil Patil,Headphones,Accessories,1,3325.0,3325.0,2200,1125.0,North,Rajasthan,Jaipur,UPI
ORD103281,2025-11-12,CUST1350,Rohan Shah,Mouse,Accessories,1,1200.0,1200.0,700,500.0,South,Karnataka,Bengaluru,Cash on Delivery
ORD103282,2025-11-06,CUST1593,Riya Mehta,Printer,Office Equipment,1,12500.0,12500.0,9800,2700.0,West,Maharashtra,Pune,Cash on Delivery
ORD103283,2025-01-07,CUST1432,Arjun Singh,Mouse,Accessories,1,1200.0,1200.0,700,500.0,West,Gujarat,Surat,Credit Card
ORD103284,2025-03-23,CUST1103,Pooja Chaudhary,External SSD,Storage,1,8925.0,8925.0,6200,2725.0,West,Maharashtra,Nashik,Net Banking
ORD103285,2025-11-09,CUST1225,Kavya Singh,Headphones,Accessories,1,3325.0,3325.0,2200,1125.0,West,Maharashtra,Pune,Debit Card
ORD103286,2025-09-10,CUST1776,Sahil Gupta,Desk,Furniture,2,12000.0,24000.0,18000,6000.0,North,Punjab,Ludhiana,Debit Card
ORD103287,2025-12-29,CUST1152,Nisha Reddy,Laptop,Electronics,2,65000.0,130000.0,104000,26000.0,West,Maharashtra,Nashik,Cash on Delivery
ORD103288,2025-06-05,CUST1410,Ishaan Nair,Office Chair,Furniture,4,9500.0,38000.0,28000,10000.0,West,Gujarat,Surat,Credit Card
ORD103289,2025-05-27,CUST1119,Kavya Chaudhary,Tablet,Electronics,1,24000.0,24000.0,19500,4500.0,West,Maharashtra,Pune,Net Banking
ORD103290,2025-11-23,CUST1239,Pooja Chaudhary,Printer,Office Equipment,3,13125.0,39375.0,29400,9975.0,South,Kerala,Kochi,UPI
ORD103291,2025-07-13,CUST1892,Karan Shah,External SSD,Storage,4,8925.0,35700.0,24800,10900.0,North,Delhi,New Delhi,Cash on Delivery
ORD103292,2025-05-28,CUST1238,Aditya Chaudhary,Smartphone,Electronics,3,33600.0,100800.0,81000,19800.0,West,Gujarat,Ahmedabad,Credit Card
ORD103293,2025-08-02,CUST1519,Priya Chaudhary,External SSD,Storage,1,8500.0,8500.0,6200,2300.0,South,Andhra Pradesh,Vijayawada,Cash on Delivery
ORD103294,2025-08-09,CUST1172,Sneha Joshi,Printer,Office Equipment,2,11875.0,23750.0,19600,4150.0,South,Tamil Nadu,Chennai,UPI
ORD103295,2025-11-02,CUST2000,Priya Iyer,Desk,Furniture,2,12000.0,24000.0,18000,6000.0,West,Goa,Panaji,Debit Card
ORD103296,2025-12-07,CUST1207,Tanvi Patil,Printer,Office Equipment,5,12500.0,62500.0,49000,13500.0,South,Kerala,Kochi,Cash on Delivery
ORD103297,2025-05-30,CUST1578,Vikram Joshi,Monitor,Electronics,2,18000.0,36000.0,27000,9000.0,West,Gujarat,Surat,Net Banking
ORD103298,2025-10-26,CUST1782,Aarav Sharma,Monitor,Electronics,1,18000.0,18000.0,13500,4500.0,South,Andhra Pradesh,Vijayawada,Net Banking
ORD103299,2025-08-31,CUST1052,Meera Shah,Desk,Furniture,1,12000.0,12000.0,9000,3000.0,West,Gujarat,Ahmedabad,Net Banking
ORD103300,2025-12-17,CUST1595,Kavya Nair,Laptop,Electronics,1,65000.0,65000.0,52000,13000.0,North,Rajasthan,Jaipur,Net Banking
ORD103301,2025-06-16,CUST1234,Nisha Verma,Desk,Furniture,3,12000.0,36000.0,27000,9000.0,East,Jharkhand,Ranchi,Debit Card
ORD103302,2025-09-28,CUST1028,Ishaan Kulkarni,External SSD,Storage,3,8925.0,26775.0,18600,8175.0,East,Jharkhand,Ranchi,Cash on Delivery
ORD103303,2025-06-19,CUST1297,Sahil Sharma,Keyboard,Accessories,4,2200.0,8800.0,5600,3200.0,South,Telangana,Hyderabad,Net Banking
ORD103304,2025-01-20,CUST2000,Priya Iyer,Monitor,Electronics,1,18000.0,18000.0,13500,4500.0,North,Punjab,Ludhiana,Net Banking
ORD103305,2025-08-19,CUST1558,Priya Nair,Desk,Furniture,1,12600.0,12600.0,9000,3600.0,West,Gujarat,Surat,Credit Card
ORD103306,2025-11-13,CUST1768,Vikram Mehta,Tablet,Electronics,1,22800.0,22800.0,19500,3300.0,West,Gujarat,Ahmedabad,UPI
ORD103307,2025-07-02,CUST1411,Riya Verma,Keyboard,Accessories,2,2200.0,4400.0,2800,1600.0,East,Assam,Guwahati,Debit Card
ORD103308,2025-12-17,CUST1678,Sneha Verma,Keyboard,Accessories,1,2200.0,2200.0,1400,800.0,West,Goa,Panaji,Credit Card
ORD103309,2025-03-01,CUST1973,Rahul Verma,Keyboard,Accessories,5,2200.0,11000.0,7000,4000.0,East,Bihar,Patna,Debit Card
ORD103310,2025-04-11,CUST1880,Pooja Mehta,Monitor,Electronics,1,18000.0,18000.0,13500,4500.0,East,Jharkhand,Ranchi,Debit Card
ORD103311,2025-10-27,CUST1234,Diya Iyer,Laptop,Electronics,1,65000.0,65000.0,52000,13000.0,North,Rajasthan,Jaipur,Debit Card
ORD103312,2025-03-08,CUST1146,Sahil Verma,Laptop,Electronics,1,65000.0,65000.0,52000,13000.0,South,Tamil Nadu,Chennai,Credit Card
ORD103313,2025-05-29,CUST1469,Rohan Sharma,External SSD,Storage,1,8500.0,8500.0,6200,2300.0,West,Maharashtra,Nashik,Debit Card
ORD103314,2025-08-23,CUST1482,Ishaan Reddy,External SSD,Storage,1,8075.0,8075.0,6200,1875.0,East,Jharkhand,Ranchi,Credit Card
ORD103315,2025-06-08,CUST1487,Neha Patil,Office Chair,Furniture,1,9500.0,9500.0,7000,2500.0,North,Rajasthan,Jaipur,Net Banking
ORD103316,2025-01-16,CUST1145,Nisha Mehta,Webcam,Accessories,4,2800.0,11200.0,6800,4400.0,South,Tamil Nadu,Chennai,Cash on Delivery
ORD103317,2025-09-11,CUST1810,Pooja Chaudhary,Tablet,Electronics,3,24000.0,72000.0,58500,13500.0,West,Gujarat,Ahmedabad,Cash on Delivery
ORD103318,2025-05-13,CUST1984,Priya Sharma,Mouse,Accessories,2,1200.0,2400.0,1400,1000.0,North,Uttar Pradesh,Noida,Credit Card
ORD103319,2025-11-21,CUST1298,Ananya Joshi,Smartphone,Electronics,1,33600.0,33600.0,27000,6600.0,South,Kerala,Kochi,Cash on Delivery
ORD103320,2025-12-27,CUST1616,Rohan Chaudhary,Headphones,Accessories,1,3500.0,3500.0,2200,1300.0,South,Kerala,Kochi,Net Banking
ORD103321,2025-09-13,CUST1073,Aarav Deshmukh,Mouse,Accessories,3,1200.0,3600.0,2100,1500.0,West,Gujarat,Surat,Credit Card
ORD103322,2025-09-01,CUST1925,Ananya Yadav,Monitor,Electronics,1,18000.0,18000.0,13500,4500.0,North,Punjab,Ludhiana,Debit Card
ORD103323,2025-04-26,CUST1458,Pooja Chaudhary,Printer,Office Equipment,1,12500.0,12500.0,9800,2700.0,West,Goa,Panaji,UPI
ORD103324,2025-04-18,CUST1849,Rahul Chaudhary,Laptop,Electronics,2,68250.0,136500.0,104000,32500.0,West,Maharashtra,Nashik,Credit Card
ORD103325,2025-02-05,CUST1573,Nisha Shah,Office Chair,Furniture,2,9500.0,19000.0,14000,5000.0,South,Telangana,Hyderabad,Net Banking
ORD103326,2025-07-04,CUST1876,Kavya Nair,Monitor,Electronics,3,18000.0,54000.0,40500,13500.0,South,Andhra Pradesh,Vijayawada,UPI
ORD103327,2025-02-01,CUST1186,Rohan Yadav,Tablet,Electronics,3,24000.0,72000.0,58500,13500.0,South,Karnataka,Bengaluru,Debit Card
ORD103328,2025-06-23,CUST1053,Aarav Verma,Headphones,Accessories,1,3500.0,3500.0,2200,1300.0,East,Bihar,Patna,Net Banking
ORD103329,2025-05-02,CUST1683,Neha Nair,Keyboard,Accessories,2,2310.0,4620.0,2800,1820.0,East,Jharkhand,Ranchi,Credit Card
ORD103330,2025-08-26,CUST1315,Pooja Chaudhary,Monitor,Electronics,2,18000.0,36000.0,27000,9000.0,South,Kerala,Kochi,Net Banking
ORD103331,2025-01-01,CUST1527,Arjun Mehta,External SSD,Storage,1,8500.0,8500.0,6200,2300.0,North,Punjab,Ludhiana,UPI
ORD103332,2025-07-05,CUST1718,Neha Deshmukh,Smartphone,Electronics,1,30400.0,30400.0,27000,3400.0,North,Uttar Pradesh,Noida,UPI
ORD103333,2025-08-16,CUST1709,Riya Verma,Mouse,Accessories,2,1200.0,2400.0,1400,1000.0,West,Gujarat,Surat,Cash on Delivery
ORD103334,2025-02-15,CUST1212,Diya Yadav,Smartphone,Electronics,1,32000.0,32000.0,27000,5000.0,West,Goa,Panaji,Cash on Delivery
ORD103335,2025-04-09,CUST1534,Arjun Gupta,Tablet,Electronics,1,24000.0,24000.0,19500,4500.0,East,Bihar,Patna,UPI
ORD103336,2025-04-27,CUST1001,Nisha Joshi,Keyboard,Accessories,2,2090.0,4180.0,2800,1380.0,West,Goa,Panaji,Credit Card
ORD103337,2025-02-17,CUST1146,Rohan Nair,Mouse,Accessories,2,1200.0,2400.0,1400,1000.0,North,Uttar Pradesh,Noida,Net Banking
ORD103338,2025-12-21,CUST1019,Priya Iyer,Smartphone,Electronics,2,32000.0,64000.0,54000,10000.0,East,West Bengal,Kolkata,UPI
ORD103339,2025-07-07,CUST1433,Vikram Yadav,External SSD,Storage,2,8500.0,17000.0,12400,4600.0,South,Kerala,Kochi,Net Banking
ORD103340,2025-08-14,CUST1013,Sneha Chaudhary,Laptop,Electronics,2,61750.0,123500.0,104000,19500.0,South,Kerala,Kochi,Credit Card
ORD103341,2025-01-16,CUST1702,Aditya Gupta,Monitor,Electronics,1,18900.0,18900.0,13500,5400.0,East,Assam,Guwahati,Debit Card
ORD103342,2025-12-01,CUST1812,Sahil Sharma,Headphones,Accessories,5,3500.0,17500.0,11000,6500.0,West,Gujarat,Surat,Net Banking
ORD103343,2025-01-09,CUST1861,Sneha Kulkarni,Keyboard,Accessories,4,2310.0,9240.0,5600,3640.0,North,Haryana,Gurugram,UPI
ORD103344,2025-08-12,CUST1603,Rohan Shah,Laptop,Electronics,1,65000.0,65000.0,52000,13000.0,South,Tamil Nadu,Chennai,Net Banking
ORD103345,2025-06-27,CUST1435,Vikram Chaudhary,Monitor,Electronics,2,18000.0,36000.0,27000,9000.0,East,Odisha,Bhubaneswar,Cash on Delivery
ORD103346,2025-01-16,CUST1372,Ishaan Verma,Mouse,Accessories,3,1140.0,3420.0,2100,1320.0,North,Delhi,New Delhi,Credit Card
ORD103347,2025-12-02,CUST1214,Aarav Singh,Smartphone,Electronics,1,32000.0,32000.0,27000,5000.0,North,Haryana,Gurugram,Credit Card
ORD103348,2025-04-30,CUST1482,Rohan Mehta,Tablet,Electronics,4,24000.0,96000.0,78000,18000.0,North,Rajasthan,Jaipur,UPI
ORD103349,2025-09-16,CUST1798,Riya Singh,Monitor,Electronics,1,18000.0,18000.0,13500,4500.0,West,Gujarat,Ahmedabad,Cash on Delivery
ORD103350,2025-09-08,CUST1654,Ishaan Deshmukh,Keyboard,Accessories,3,2200.0,6600.0,4200,2400.0,North,Haryana,Gurugram,Net Banking
ORD103351,2025-08-18,CUST1988,Arjun Yadav,External SSD,Storage,2,8500.0,17000.0,12400,4600.0,East,West Bengal,Kolkata,UPI
ORD103352,2025-01-08,CUST1069,Rahul Mehta,Mouse,Accessories,2,1200.0,2400.0,1400,1000.0,East,Assam,Guwahati,Debit Card
ORD103353,2025-07-20,CUST1635,Tanvi Deshmukh,Laptop,Electronics,1,65000.0,65000.0,52000,13000.0,West,Goa,Panaji,Debit Card
ORD103354,2025-06-26,CUST1321,Neha Reddy,Office Chair,Furniture,3,9500.0,28500.0,21000,7500.0,South,Kerala,Kochi,Debit Card
ORD103355,2025-01-29,CUST1370,Priya Mehta,Office Chair,Furniture,1,9500.0,9500.0,7000,2500.0,North,Rajasthan,Jaipur,Debit Card
ORD103356,2025-06-08,CUST1238,Meera Kulkarni,Printer,Office Equipment,1,12500.0,12500.0,9800,2700.0,East,Odisha,Bhubaneswar,UPI
ORD103357,2025-07-08,CUST1535,Nisha Nair,Smartphone,Electronics,2,32000.0,64000.0,54000,10000.0,West,Maharashtra,Nashik,Debit Card
ORD103358,2025-08-06,CUST1686,Riya Deshmukh,Desk,Furniture,2,12000.0,24000.0,18000,6000.0,East,Bihar,Patna,Debit Card
ORD103359,2025-11-21,CUST1690,Pooja Iyer,Smartphone,Electronics,1,32000.0,32000.0,27000,5000.0,North,Uttar Pradesh,Noida,Debit Card
ORD103360,2025-03-18,CUST1069,Nisha Verma,Headphones,Accessories,1,3500.0,3500.0,2200,1300.0,South,Telangana,Hyderabad,Net Banking
ORD103361,2025-11-04,CUST1311,Rohan Sharma,Smartphone,Electronics,1,32000.0,32000.0,27000,5000.0,North,Rajasthan,Jaipur,Cash on Delivery
ORD103362,2025-05-09,CUST1236,Meera Singh,Laptop,Electronics,1,65000.0,65000.0,52000,13000.0,South,Kerala,Kochi,Debit Card
ORD103363,2025-04-24,CUST1031,Riya Sharma,Smartphone,Electronics,1,32000.0,32000.0,27000,5000.0,North,Rajasthan,Jaipur,Cash on Delivery
ORD103364,2025-08-03,CUST1017,Nisha Iyer,Smartphone,Electronics,2,33600.0,67200.0,54000,13200.0,West,Goa,Panaji,Debit Card
ORD103365,2025-04-16,CUST1067,Arjun Verma,Mouse,Accessories,3,1200.0,3600.0,2100,1500.0,North,Uttar Pradesh,Noida,Net Banking
ORD103366,2025-07-30,CUST1977,Pooja Singh,Keyboard,Accessories,4,2200.0,8800.0,5600,3200.0,West,Gujarat,Surat,Net Banking
ORD103367,2025-08-19,CUST1573,Riya Chaudhary,Webcam,Accessories,2,2800.0,5600.0,3400,2200.0,East,Bihar,Patna,Debit Card
ORD103368,2025-05-04,CUST1093,Karan Shah,Mouse,Accessories,4,1200.0,4800.0,2800,2000.0,South,Tamil Nadu,Chennai,Cash on Delivery
ORD103369,2025-05-10,CUST1548,Neha Shah,External SSD,Storage,2,8500.0,17000.0,12400,4600.0,South,Tamil Nadu,Chennai,Cash on Delivery
ORD103370,2025-10-06,CUST1175,Ishaan Yadav,Mouse,Accessories,3,1200.0,3600.0,2100,1500.0,South,Karnataka,Bengaluru,Debit Card
ORD103371,2025-05-28,CUST1483,Aarav Patil,Office Chair,Furniture,2,9500.0,19000.0,14000,5000.0,South,Kerala,Kochi,Cash on Delivery
ORD103372,2025-04-30,CUST1563,Nisha Patil,Mouse,Accessories,1,1140.0,1140.0,700,440.0,South,Tamil Nadu,Chennai,Credit Card
ORD103373,2025-02-03,CUST1078,Meera Deshmukh,Office Chair,Furniture,3,9500.0,28500.0,21000,7500.0,South,Kerala,Kochi,UPI
ORD103374,2025-08-05,CUST1472,Kavya Reddy,Webcam,Accessories,2,2800.0,5600.0,3400,2200.0,West,Maharashtra,Pune,Debit Card
ORD103375,2025-06-27,CUST1163,Ishaan Yadav,Office Chair,Furniture,4,9500.0,38000.0,28000,10000.0,West,Goa,Panaji,UPI
ORD103376,2025-02-15,CUST1727,Nisha Iyer,Tablet,Electronics,1,24000.0,24000.0,19500,4500.0,South,Tamil Nadu,Chennai,Debit Card
ORD103377,2025-01-13,CUST1946,Riya Reddy,Printer,Office Equipment,1,12500.0,12500.0,9800,2700.0,North,Haryana,Gurugram,Cash on Delivery
ORD103378,2025-06-04,CUST1202,Diya Patil,External SSD,Storage,1,8500.0,8500.0,6200,2300.0,North,Rajasthan,Jaipur,Credit Card
ORD103379,2025-09-20,CUST1155,Meera Gupta,Mouse,Accessories,1,1200.0,1200.0,700,500.0,North,Delhi,New Delhi,Debit Card
ORD103380,2025-06-04,CUST1709,Rohan Verma,Smartphone,Electronics,1,32000.0,32000.0,27000,5000.0,South,Karnataka,Bengaluru,Net Banking
ORD103381,2025-12-14,CUST1139,Rahul Nair,Laptop,Electronics,1,65000.0,65000.0,52000,13000.0,South,Kerala,Kochi,Credit Card
ORD103382,2025-09-06,CUST1798,Karan Shah,Tablet,Electronics,1,24000.0,24000.0,19500,4500.0,South,Karnataka,Bengaluru,Cash on Delivery
ORD103383,2025-06-15,CUST1133,Vikram Kulkarni,Headphones,Accessories,1,3500.0,3500.0,2200,1300.0,West,Maharashtra,Pune,Cash on Delivery
ORD103384,2025-08-26,CUST1330,Arjun Gupta,Mouse,Accessories,1,1200.0,1200.0,700,500.0,West,Maharashtra,Nashik,Credit Card
ORD103385,2025-10-12,CUST1126,Sneha Patil,External SSD,Storage,4,8500.0,34000.0,24800,9200.0,South,Kerala,Kochi,Net Banking
ORD103386,2025-02-12,CUST1789,Diya Shah,Smartphone,Electronics,1,32000.0,32000.0,27000,5000.0,North,Uttar Pradesh,Noida,Debit Card
ORD103387,2025-10-20,CUST1653,Neha Nair,Smartphone,Electronics,2,32000.0,64000.0,54000,10000.0,West,Gujarat,Surat,Credit Card
ORD103388,2025-09-22,CUST1828,Karan Mehta,External SSD,Storage,1,8500.0,8500.0,6200,2300.0,North,Haryana,Gurugram,Net Banking
ORD103389,2025-04-04,CUST1213,Neha Kulkarni,Tablet,Electronics,3,24000.0,72000.0,58500,13500.0,East,Assam,Guwahati,Debit Card
ORD103390,2025-05-09,CUST1739,Ananya Mehta,Mouse,Accessories,2,1200.0,2400.0,1400,1000.0,South,Karnataka,Bengaluru,Cash on Delivery
ORD103391,2025-04-11,CUST1744,Riya Nair,Headphones,Accessories,2,3500.0,7000.0,4400,2600.0,North,Haryana,Gurugram,UPI
ORD103392,2025-02-12,CUST1811,Rohan Patil,Desk,Furniture,1,12000.0,12000.0,9000,3000.0,West,Gujarat,Ahmedabad,UPI
ORD103393,2025-03-01,CUST1433,Priya Verma,Office Chair,Furniture,2,9500.0,19000.0,14000,5000.0,West,Gujarat,Surat,Debit Card
ORD103394,2025-03-11,CUST1410,Sneha Reddy,Headphones,Accessories,1,3675.0,3675.0,2200,1475.0,South,Tamil Nadu,Chennai,Debit Card
ORD103395,2025-01-11,CUST1159,Vikram Kulkarni,Smartphone,Electronics,2,32000.0,64000.0,54000,10000.0,North,Delhi,New Delhi,UPI
ORD103396,2025-01-19,CUST1098,Diya Reddy,Desk,Furniture,1,12000.0,12000.0,9000,3000.0,South,Tamil Nadu,Chennai,UPI
ORD103397,2025-12-31,CUST1925,Rohan Nair,Desk,Furniture,1,12600.0,12600.0,9000,3600.0,West,Gujarat,Surat,Credit Card
ORD103398,2025-12-16,CUST1821,Sahil Deshmukh,Webcam,Accessories,1,2800.0,2800.0,1700,1100.0,South,Kerala,Kochi,Cash on Delivery
ORD103399,2025-10-07,CUST1923,Tanvi Sharma,Smartphone,Electronics,1,32000.0,32000.0,27000,5000.0,North,Rajasthan,Jaipur,Debit Card
ORD103400,2025-01-21,CUST1943,Aarav Verma,Laptop,Electronics,3,65000.0,195000.0,156000,39000.0,West,Gujarat,Surat,Debit Card
ORD103401,2025-08-01,CUST1627,Riya Joshi,Tablet,Electronics,1,24000.0,24000.0,19500,4500.0,South,Kerala,Kochi,Credit Card
ORD103402,2025-07-18,CUST1702,Neha Nair,Desk,Furniture,1,12600.0,12600.0,9000,3600.0,South,Karnataka,Bengaluru,Debit Card
ORD103403,2025-12-03,CUST1869,Sahil Chaudhary,External SSD,Storage,1,8500.0,8500.0,6200,2300.0,South,Andhra Pradesh,Vijayawada,Credit Card
ORD103404,2025-05-08,CUST1648,Tanvi Gupta,Mouse,Accessories,1,1200.0,1200.0,700,500.0,West,Maharashtra,Mumbai,Debit Card
ORD103405,2025-08-27,CUST1001,Neha Patil,Office Chair,Furniture,1,9500.0,9500.0,7000,2500.0,East,Jharkhand,Ranchi,Net Banking
ORD103406,2025-12-11,CUST1104,Rahul Joshi,Tablet,Electronics,5,24000.0,120000.0,97500,22500.0,North,Uttar Pradesh,Noida,Credit Card
ORD103407,2025-03-03,CUST1750,Neha Reddy,Laptop,Electronics,1,61750.0,61750.0,52000,9750.0,West,Goa,Panaji,Credit Card
ORD103408,2025-10-28,CUST1615,Ishaan Patil,Desk,Furniture,1,12000.0,12000.0,9000,3000.0,East,Jharkhand,Ranchi,Net Banking
ORD103409,2025-12-01,CUST1926,Karan Singh,Laptop,Electronics,1,65000.0,65000.0,52000,13000.0,North,Delhi,New Delhi,Net Banking
ORD103410,2025-06-19,CUST1571,Priya Deshmukh,Mouse,Accessories,2,1200.0,2400.0,1400,1000.0,West,Gujarat,Ahmedabad,Credit Card
ORD103411,2025-04-26,CUST1838,Karan Chaudhary,Monitor,Electronics,1,17100.0,17100.0,13500,3600.0,West,Gujarat,Surat,Debit Card
ORD103412,2025-05-15,CUST1407,Vikram Verma,Printer,Office Equipment,2,12500.0,25000.0,19600,5400.0,North,Punjab,Ludhiana,Credit Card
ORD103413,2025-04-06,CUST1220,Aarav Patil,Office Chair,Furniture,2,9500.0,19000.0,14000,5000.0,South,Telangana,Hyderabad,UPI
ORD103414,2025-03-24,CUST1884,Nisha Reddy,Printer,Office Equipment,2,13125.0,26250.0,19600,6650.0,West,Maharashtra,Mumbai,Cash on Delivery
ORD103415,2025-03-24,CUST1600,Vikram Mehta,Headphones,Accessories,3,3500.0,10500.0,6600,3900.0,North,Rajasthan,Jaipur,Net Banking
ORD103416,2025-05-29,CUST1569,Meera Deshmukh,Desk,Furniture,1,12000.0,12000.0,9000,3000.0,West,Goa,Panaji,Cash on Delivery
ORD103417,2025-01-19,CUST1744,Rahul Shah,Desk,Furniture,1,12000.0,12000.0,9000,3000.0,West,Maharashtra,Nashik,Cash on Delivery
ORD103418,2025-12-29,CUST1999,Rohan Kulkarni,Tablet,Electronics,2,22800.0,45600.0,39000,6600.0,North,Delhi,New Delhi,Net Banking
ORD103419,2025-09-23,CUST1124,Aditya Mehta,Smartphone,Electronics,1,32000.0,32000.0,27000,5000.0,North,Delhi,New Delhi,Net Banking
ORD103420,2025-04-11,CUST1047,Sahil Gupta,Keyboard,Accessories,1,2200.0,2200.0,1400,800.0,West,Maharashtra,Mumbai,Debit Card
ORD103421,2025-04-02,CUST1451,Priya Verma,Smartphone,Electronics,1,32000.0,32000.0,27000,5000.0,South,Telangana,Hyderabad,Cash on Delivery
ORD103422,2025-03-25,CUST1524,Diya Gupta,Webcam,Accessories,4,2800.0,11200.0,6800,4400.0,North,Delhi,New Delhi,Net Banking
ORD103423,2025-02-07,CUST1522,Neha Kulkarni,Webcam,Accessories,1,2800.0,2800.0,1700,1100.0,West,Gujarat,Surat,Debit Card
ORD103424,2025-01-16,CUST1875,Rahul Chaudhary,Printer,Office Equipment,3,11875.0,35625.0,29400,6225.0,South,Kerala,Kochi,Credit Card
ORD103425,2025-05-09,CUST1643,Vikram Patil,Printer,Office Equipment,1,12500.0,12500.0,9800,2700.0,West,Goa,Panaji,UPI
ORD103426,2025-03-30,CUST1529,Karan Reddy,Smartphone,Electronics,2,30400.0,60800.0,54000,6800.0,West,Maharashtra,Nashik,Cash on Delivery
ORD103427,2025-06-21,CUST1112,Meera Nair,Smartphone,Electronics,2,33600.0,67200.0,54000,13200.0,South,Karnataka,Bengaluru,Debit Card
ORD103428,2025-12-21,CUST1934,Ananya Verma,Laptop,Electronics,2,65000.0,130000.0,104000,26000.0,West,Maharashtra,Mumbai,UPI
ORD103429,2025-12-18,CUST1968,Meera Deshmukh,Desk,Furniture,3,12000.0,36000.0,27000,9000.0,South,Kerala,Kochi,Net Banking
ORD103430,2025-08-18,CUST1521,Rohan Patil,Laptop,Electronics,5,61750.0,308750.0,260000,48750.0,North,Punjab,Ludhiana,Cash on Delivery
ORD103431,2025-01-28,CUST1021,Arjun Singh,Webcam,Accessories,3,2940.0,8820.0,5100,3720.0,East,Bihar,Patna,Credit Card
ORD103432,2025-01-06,CUST1616,Sahil Singh,Keyboard,Accessories,1,2200.0,2200.0,1400,800.0,North,Rajasthan,Jaipur,Credit Card
ORD103433,2025-05-01,CUST1087,Arjun Deshmukh,Tablet,Electronics,1,24000.0,24000.0,19500,4500.0,East,Assam,Guwahati,Credit Card
ORD103434,2025-07-02,CUST1526,Ishaan Chaudhary,Headphones,Accessories,1,3500.0,3500.0,2200,1300.0,West,Goa,Panaji,Credit Card
ORD103435,2025-12-09,CUST1602,Nisha Joshi,External SSD,Storage,1,8925.0,8925.0,6200,2725.0,West,Gujarat,Ahmedabad,Net Banking
ORD103436,2025-01-08,CUST1447,Pooja Iyer,External SSD,Storage,2,8500.0,17000.0,12400,4600.0,North,Punjab,Ludhiana,Cash on Delivery
ORD103437,2025-06-15,CUST1681,Pooja Singh,Smartphone,Electronics,2,32000.0,64000.0,54000,10000.0,North,Haryana,Gurugram,Cash on Delivery
ORD103438,2025-12-10,CUST1205,Meera Yadav,Office Chair,Furniture,1,9500.0,9500.0,7000,2500.0,West,Goa,Panaji,Credit Card
ORD103439,2025-09-16,CUST1660,Sneha Nair,Smartphone,Electronics,1,32000.0,32000.0,27000,5000.0,North,Haryana,Gurugram,Credit Card
ORD103440,2025-12-23,CUST1057,Meera Singh,Desk,Furniture,1,12000.0,12000.0,9000,3000.0,East,Bihar,Patna,UPI
ORD103441,2025-08-14,CUST1098,Meera Deshmukh,Office Chair,Furniture,2,9500.0,19000.0,14000,5000.0,East,West Bengal,Kolkata,Net Banking
ORD103442,2025-12-05,CUST1153,Kavya Yadav,Printer,Office Equipment,2,12500.0,25000.0,19600,5400.0,South,Tamil Nadu,Chennai,Net Banking
ORD103443,2025-11-27,CUST1903,Nisha Joshi,Monitor,Electronics,2,18000.0,36000.0,27000,9000.0,West,Goa,Panaji,Credit Card
ORD103444,2025-08-09,CUST1773,Aarav Gupta,Desk,Furniture,2,12600.0,25200.0,18000,7200.0,North,Punjab,Ludhiana,Credit Card
ORD103445,2025-06-30,CUST1259,Ananya Deshmukh,Keyboard,Accessories,2,2200.0,4400.0,2800,1600.0,North,Rajasthan,Jaipur,Cash on Delivery
ORD103446,2025-02-21,CUST1025,Arjun Reddy,Monitor,Electronics,1,18000.0,18000.0,13500,4500.0,West,Gujarat,Surat,Credit Card
ORD103447,2025-07-16,CUST1852,Neha Reddy,Office Chair,Furniture,1,9500.0,9500.0,7000,2500.0,South,Kerala,Kochi,Net Banking
ORD103448,2025-02-12,CUST1940,Nisha Mehta,Headphones,Accessories,1,3500.0,3500.0,2200,1300.0,West,Maharashtra,Mumbai,Credit Card
ORD103449,2025-04-17,CUST1192,Ishaan Mehta,Printer,Office Equipment,1,11875.0,11875.0,9800,2075.0,East,Assam,Guwahati,Credit Card
ORD103450,2025-07-14,CUST1066,Rahul Chaudhary,Smartphone,Electronics,1,32000.0,32000.0,27000,5000.0,South,Andhra Pradesh,Vijayawada,Net Banking
ORD103451,2025-04-10,CUST1808,Diya Chaudhary,Office Chair,Furniture,2,9500.0,19000.0,14000,5000.0,West,Maharashtra,Pune,Credit Card
ORD103452,2025-03-17,CUST1681,Ishaan Nair,Keyboard,Accessories,3,2200.0,6600.0,4200,2400.0,East,Assam,Guwahati,Credit Card
ORD103453,2025-10-05,CUST1431,Meera Reddy,Laptop,Electronics,1,68250.0,68250.0,52000,16250.0,East,Bihar,Patna,Debit Card
ORD103454,2025-03-06,CUST1711,Sahil Iyer,Office Chair,Furniture,3,9500.0,28500.0,21000,7500.0,South,Kerala,Kochi,Net Banking
ORD103455,2025-04-27,CUST1998,Karan Verma,Printer,Office Equipment,2,12500.0,25000.0,19600,5400.0,North,Haryana,Gurugram,Cash on Delivery
ORD103456,2025-12-27,CUST1101,Arjun Shah,Printer,Office Equipment,1,11875.0,11875.0,9800,2075.0,North,Haryana,Gurugram,Cash on Delivery
ORD103457,2025-08-05,CUST1401,Sneha Nair,Smartphone,Electronics,3,32000.0,96000.0,81000,15000.0,South,Kerala,Kochi,Credit Card
ORD103458,2025-11-20,CUST1997,Rohan Joshi,Webcam,Accessories,2,2800.0,5600.0,3400,2200.0,South,Telangana,Hyderabad,Cash on Delivery
ORD103459,2025-01-06,CUST1145,Arjun Gupta,Printer,Office Equipment,3,12500.0,37500.0,29400,8100.0,South,Telangana,Hyderabad,Credit Card
ORD103460,2025-12-09,CUST1321,Nisha Reddy,Mouse,Accessories,5,1200.0,6000.0,3500,2500.0,West,Gujarat,Surat,Cash on Delivery
ORD103461,2025-03-09,CUST1578,Riya Deshmukh,Printer,Office Equipment,1,12500.0,12500.0,9800,2700.0,South,Telangana,Hyderabad,Net Banking
ORD103462,2025-10-11,CUST1019,Rohan Shah,Monitor,Electronics,2,18000.0,36000.0,27000,9000.0,West,Goa,Panaji,Debit Card
ORD103463,2025-03-03,CUST1337,Pooja Singh,Keyboard,Accessories,2,2200.0,4400.0,2800,1600.0,North,Delhi,New Delhi,UPI
ORD103464,2025-09-14,CUST1197,Sahil Iyer,Headphones,Accessories,1,3500.0,3500.0,2200,1300.0,South,Tamil Nadu,Chennai,Debit Card
ORD103465,2025-04-09,CUST1450,Tanvi Shah,Desk,Furniture,3,12000.0,36000.0,27000,9000.0,West,Maharashtra,Mumbai,Cash on Delivery
ORD103466,2025-07-12,CUST1541,Kavya Singh,Printer,Office Equipment,3,12500.0,37500.0,29400,8100.0,South,Kerala,Kochi,Credit Card
ORD103467,2025-06-17,CUST1431,Tanvi Yadav,Mouse,Accessories,3,1200.0,3600.0,2100,1500.0,South,Tamil Nadu,Chennai,Cash on Delivery
ORD103468,2025-02-11,CUST1837,Arjun Deshmukh,Laptop,Electronics,2,65000.0,130000.0,104000,26000.0,East,Bihar,Patna,UPI
ORD103469,2025-03-31,CUST1100,Ananya Gupta,Monitor,Electronics,1,18900.0,18900.0,13500,5400.0,West,Maharashtra,Nashik,Credit Card
ORD103470,2025-10-01,CUST1260,Karan Nair,Mouse,Accessories,1,1200.0,1200.0,700,500.0,East,Jharkhand,Ranchi,Net Banking
ORD103471,2025-11-06,CUST1681,Diya Nair,Headphones,Accessories,2,3500.0,7000.0,4400,2600.0,South,Kerala,Kochi,Debit Card
ORD103472,2025-02-22,CUST1095,Nisha Nair,Tablet,Electronics,2,25200.0,50400.0,39000,11400.0,West,Goa,Panaji,Net Banking
ORD103473,2025-08-01,CUST1331,Ananya Kulkarni,Tablet,Electronics,4,24000.0,96000.0,78000,18000.0,South,Tamil Nadu,Chennai,Debit Card
ORD103474,2025-04-01,CUST1467,Priya Joshi,Headphones,Accessories,2,3500.0,7000.0,4400,2600.0,East,Bihar,Patna,Cash on Delivery
ORD103475,2025-11-05,CUST1344,Tanvi Mehta,External SSD,Storage,4,8500.0,34000.0,24800,9200.0,West,Maharashtra,Mumbai,Cash on Delivery
ORD103476,2025-10-31,CUST1309,Meera Kulkarni,Headphones,Accessories,2,3500.0,7000.0,4400,2600.0,West,Goa,Panaji,Net Banking
ORD103477,2025-12-13,CUST1639,Riya Joshi,Printer,Office Equipment,4,13125.0,52500.0,39200,13300.0,West,Maharashtra,Nashik,Net Banking
ORD103478,2025-05-11,CUST1489,Pooja Nair,Laptop,Electronics,2,65000.0,130000.0,104000,26000.0,South,Telangana,Hyderabad,Debit Card
ORD103479,2025-10-26,CUST1091,Karan Iyer,Tablet,Electronics,2,24000.0,48000.0,39000,9000.0,West,Maharashtra,Pune,Cash on Delivery
ORD103480,2025-12-01,CUST1840,Sneha Joshi,Printer,Office Equipment,2,12500.0,25000.0,19600,5400.0,South,Telangana,Hyderabad,Net Banking
ORD103481,2025-09-02,CUST1321,Kavya Singh,Mouse,Accessories,1,1200.0,1200.0,700,500.0,West,Maharashtra,Nashik,Cash on Delivery
ORD103482,2025-12-18,CUST1882,Pooja Reddy,Keyboard,Accessories,1,2200.0,2200.0,1400,800.0,West,Goa,Panaji,Debit Card
ORD103483,2025-10-12,CUST1851,Rahul Chaudhary,Headphones,Accessories,2,3500.0,7000.0,4400,2600.0,South,Tamil Nadu,Chennai,UPI
ORD103484,2025-05-21,CUST1702,Sahil Gupta,Laptop,Electronics,2,65000.0,130000.0,104000,26000.0,West,Maharashtra,Pune,Debit Card
ORD103485,2025-12-18,CUST1342,Sahil Joshi,Mouse,Accessories,2,1140.0,2280.0,1400,880.0,West,Gujarat,Ahmedabad,Credit Card
ORD103486,2025-09-12,CUST1034,Pooja Chaudhary,Desk,Furniture,1,12000.0,12000.0,9000,3000.0,South,Tamil Nadu,Chennai,Net Banking
ORD103487,2025-03-13,CUST1722,Sahil Patil,Smartphone,Electronics,1,32000.0,32000.0,27000,5000.0,West,Maharashtra,Mumbai,Credit Card
ORD103488,2025-11-07,CUST1705,Meera Verma,Monitor,Electronics,2,18000.0,36000.0,27000,9000.0,South,Tamil Nadu,Chennai,Net Banking
ORD103489,2025-11-03,CUST1502,Priya Singh,Keyboard,Accessories,4,2310.0,9240.0,5600,3640.0,West,Goa,Panaji,UPI
ORD103490,2025-12-04,CUST1334,Riya Chaudhary,Printer,Office Equipment,1,13125.0,13125.0,9800,3325.0,South,Telangana,Hyderabad,Cash on Delivery
ORD103491,2025-12-16,CUST1633,Ishaan Chaudhary,Laptop,Electronics,1,65000.0,65000.0,52000,13000.0,North,Delhi,New Delhi,Cash on Delivery
ORD103492,2025-11-16,CUST1590,Karan Mehta,Printer,Office Equipment,2,12500.0,25000.0,19600,5400.0,North,Uttar Pradesh,Noida,Debit Card
ORD103493,2025-04-26,CUST1148,Arjun Reddy,Laptop,Electronics,2,65000.0,130000.0,104000,26000.0,South,Tamil Nadu,Chennai,UPI
ORD103494,2025-10-31,CUST1014,Sneha Mehta,Printer,Office Equipment,3,12500.0,37500.0,29400,8100.0,South,Karnataka,Bengaluru,Cash on Delivery
ORD103495,2025-07-16,CUST1439,Riya Yadav,External SSD,Storage,1,8500.0,8500.0,6200,2300.0,North,Delhi,New Delhi,Net Banking
ORD103496,2025-12-09,CUST1418,Rohan Nair,Tablet,Electronics,1,24000.0,24000.0,19500,4500.0,North,Uttar Pradesh,Noida,UPI
ORD103497,2025-08-27,CUST1176,Karan Reddy,Laptop,Electronics,3,68250.0,204750.0,156000,48750.0,West,Gujarat,Ahmedabad,Cash on Delivery
ORD103498,2025-06-03,CUST1445,Neha Chaudhary,Laptop,Electronics,1,68250.0,68250.0,52000,16250.0,South,Telangana,Hyderabad,Credit Card
ORD103499,2025-02-12,CUST1291,Riya Reddy,Desk,Furniture,2,12000.0,24000.0,18000,6000.0,East,Bihar,Patna,Cash on Delivery
ORD103500,2025-05-29,CUST1085,Tanvi Verma,Tablet,Electronics,1,24000.0,24000.0,19500,4500.0,North,Haryana,Gurugram,UPI
ORD103501,2025-09-24,CUST1678,Sneha Kulkarni,Printer,Office Equipment,3,12500.0,37500.0,29400,8100.0,North,Uttar Pradesh,Noida,Cash on Delivery
ORD103502,2025-07-14,CUST1649,Rohan Patil,External SSD,Storage,2,8925.0,17850.0,12400,5450.0,South,Karnataka,Bengaluru,Credit Card
ORD103503,2025-02-13,CUST1865,Tanvi Deshmukh,Desk,Furniture,1,11400.0,11400.0,9000,2400.0,East,Jharkhand,Ranchi,Net Banking
ORD103504,2025-11-21,CUST1959,Nisha Deshmukh,Laptop,Electronics,1,65000.0,65000.0,52000,13000.0,West,Maharashtra,Nashik,Cash on Delivery
ORD103505,2025-12-13,CUST1854,Pooja Chaudhary,Office Chair,Furniture,4,9500.0,38000.0,28000,10000.0,East,West Bengal,Kolkata,UPI
ORD103506,2025-06-30,CUST1070,Kavya Chaudhary,Laptop,Electronics,3,65000.0,195000.0,156000,39000.0,North,Delhi,New Delhi,Debit Card
ORD103507,2025-12-19,CUST1814,Ishaan Verma,Smartphone,Electronics,1,32000.0,32000.0,27000,5000.0,West,Goa,Panaji,Credit Card
ORD103508,2025-09-20,CUST1174,Pooja Nair,Printer,Office Equipment,1,12500.0,12500.0,9800,2700.0,West,Maharashtra,Nashik,Credit Card
ORD103509,2025-04-04,CUST1388,Diya Reddy,Office Chair,Furniture,5,9025.0,45125.0,35000,10125.0,West,Maharashtra,Pune,Debit Card
ORD103510,2025-11-25,CUST1880,Aarav Singh,Office Chair,Furniture,1,9975.0,9975.0,7000,2975.0,North,Delhi,New Delhi,Net Banking
ORD103511,2025-06-28,CUST1809,Aarav Chaudhary,External SSD,Storage,1,8500.0,8500.0,6200,2300.0,West,Goa,Panaji,Debit Card
ORD103512,2025-09-04,CUST1468,Rohan Gupta,Desk,Furniture,1,12000.0,12000.0,9000,3000.0,East,Bihar,Patna,Cash on Delivery
ORD103513,2025-10-06,CUST1886,Vikram Patil,Laptop,Electronics,1,65000.0,65000.0,52000,13000.0,East,Odisha,Bhubaneswar,Net Banking
ORD103514,2025-02-12,CUST1784,Aditya Sharma,External SSD,Storage,1,8500.0,8500.0,6200,2300.0,East,Assam,Guwahati,Cash on Delivery
ORD103515,2025-02-12,CUST1084,Tanvi Patil,Webcam,Accessories,4,2800.0,11200.0,6800,4400.0,North,Delhi,New Delhi,Credit Card
ORD103516,2025-01-20,CUST1892,Ananya Gupta,Mouse,Accessories,2,1260.0,2520.0,1400,1120.0,West,Gujarat,Surat,Debit Card
ORD103517,2025-02-05,CUST1285,Priya Reddy,Laptop,Electronics,1,65000.0,65000.0,52000,13000.0,West,Gujarat,Surat,UPI
ORD103518,2025-10-24,CUST1656,Tanvi Chaudhary,Office Chair,Furniture,5,9975.0,49875.0,35000,14875.0,West,Gujarat,Surat,Net Banking
ORD103519,2025-08-27,CUST1491,Aarav Mehta,Headphones,Accessories,2,3500.0,7000.0,4400,2600.0,East,Jharkhand,Ranchi,Credit Card
ORD103520,2025-02-22,CUST1944,Priya Kulkarni,Desk,Furniture,2,12000.0,24000.0,18000,6000.0,West,Maharashtra,Nashik,UPI
ORD103521,2025-06-02,CUST1110,Pooja Patil,Webcam,Accessories,3,2800.0,8400.0,5100,3300.0,West,Maharashtra,Pune,Credit Card
ORD103522,2025-09-19,CUST1172,Rohan Yadav,Desk,Furniture,2,12000.0,24000.0,18000,6000.0,South,Andhra Pradesh,Vijayawada,Net Banking
ORD103523,2025-10-15,CUST1408,Meera Singh,Desk,Furniture,1,12000.0,12000.0,9000,3000.0,East,West Bengal,Kolkata,Debit Card
ORD103524,2025-07-14,CUST1160,Aditya Sharma,Office Chair,Furniture,2,9500.0,19000.0,14000,5000.0,South,Andhra Pradesh,Vijayawada,Net Banking
ORD103525,2025-01-11,CUST1460,Aditya Mehta,Laptop,Electronics,4,65000.0,260000.0,208000,52000.0,West,Maharashtra,Nashik,Cash on Delivery
ORD103526,2025-01-19,CUST1758,Aditya Chaudhary,Tablet,Electronics,1,24000.0,24000.0,19500,4500.0,North,Uttar Pradesh,Noida,Net Banking
ORD103527,2025-03-31,CUST1123,Arjun Kulkarni,Printer,Office Equipment,3,12500.0,37500.0,29400,8100.0,North,Uttar Pradesh,Noida,Cash on Delivery
ORD103528,2025-07-06,CUST1701,Sahil Verma,Tablet,Electronics,3,22800.0,68400.0,58500,9900.0,West,Maharashtra,Pune,Net Banking
ORD103529,2025-06-08,CUST1017,Ananya Patil,External SSD,Storage,2,8500.0,17000.0,12400,4600.0,West,Maharashtra,Mumbai,Credit Card
ORD103530,2025-11-20,CUST1667,Aditya Patil,Webcam,Accessories,1,2800.0,2800.0,1700,1100.0,South,Kerala,Kochi,UPI
ORD103531,2025-07-21,CUST1208,Rahul Singh,Webcam,Accessories,1,2800.0,2800.0,1700,1100.0,West,Gujarat,Surat,Credit Card
ORD103532,2025-11-18,CUST1242,Ishaan Deshmukh,Mouse,Accessories,1,1200.0,1200.0,700,500.0,North,Delhi,New Delhi,Cash on Delivery
ORD103533,2025-11-25,CUST1052,Diya Joshi,Printer,Office Equipment,4,12500.0,50000.0,39200,10800.0,East,Assam,Guwahati,Credit Card
ORD103534,2025-09-19,CUST1367,Pooja Kulkarni,Laptop,Electronics,4,65000.0,260000.0,208000,52000.0,North,Punjab,Ludhiana,Net Banking
ORD103535,2025-06-27,CUST1928,Sneha Patil,Office Chair,Furniture,2,9500.0,19000.0,14000,5000.0,South,Kerala,Kochi,Cash on Delivery
ORD103536,2025-04-08,CUST1136,Kavya Kulkarni,Desk,Furniture,5,12000.0,60000.0,45000,15000.0,North,Haryana,Gurugram,Cash on Delivery
ORD103537,2025-02-15,CUST1717,Diya Verma,Keyboard,Accessories,2,2200.0,4400.0,2800,1600.0,West,Maharashtra,Pune,Net Banking
ORD103538,2025-10-22,CUST1662,Rahul Joshi,Webcam,Accessories,3,2800.0,8400.0,5100,3300.0,South,Tamil Nadu,Chennai,Cash on Delivery
ORD103539,2025-03-28,CUST1914,Kavya Mehta,Keyboard,Accessories,2,2200.0,4400.0,2800,1600.0,West,Goa,Panaji,Net Banking
ORD103540,2025-06-10,CUST1542,Nisha Singh,Desk,Furniture,4,12000.0,48000.0,36000,12000.0,West,Gujarat,Surat,Cash on Delivery
ORD103541,2025-11-18,CUST1752,Aarav Yadav,Smartphone,Electronics,4,30400.0,121600.0,108000,13600.0,North,Punjab,Ludhiana,Credit Card
ORD103542,2025-06-09,CUST1905,Diya Kulkarni,Desk,Furniture,2,12000.0,24000.0,18000,6000.0,North,Delhi,New Delhi,Cash on Delivery
ORD103543,2025-05-09,CUST1005,Neha Reddy,Monitor,Electronics,1,17100.0,17100.0,13500,3600.0,North,Uttar Pradesh,Noida,Net Banking
ORD103544,2025-06-06,CUST1650,Sneha Chaudhary,Desk,Furniture,2,12000.0,24000.0,18000,6000.0,East,Bihar,Patna,Debit Card
ORD103545,2025-11-10,CUST1805,Aarav Verma,Smartphone,Electronics,2,30400.0,60800.0,54000,6800.0,South,Telangana,Hyderabad,Net Banking
ORD103546,2025-11-30,CUST1089,Aarav Sharma,Desk,Furniture,4,12000.0,48000.0,36000,12000.0,North,Rajasthan,Jaipur,UPI
ORD103547,2025-10-06,CUST1327,Ishaan Sharma,Smartphone,Electronics,3,32000.0,96000.0,81000,15000.0,West,Maharashtra,Pune,Net Banking
ORD103548,2025-09-23,CUST1112,Karan Shah,Tablet,Electronics,4,24000.0,96000.0,78000,18000.0,North,Rajasthan,Jaipur,Cash on Delivery
ORD103549,2025-10-23,CUST1185,Karan Singh,Headphones,Accessories,2,3675.0,7350.0,4400,2950.0,North,Rajasthan,Jaipur,Net Banking
ORD103550,2025-10-19,CUST1733,Neha Yadav,Printer,Office Equipment,1,13125.0,13125.0,9800,3325.0,West,Goa,Panaji,Debit Card
ORD103551,2025-05-14,CUST1169,Vikram Deshmukh,Headphones,Accessories,2,3500.0,7000.0,4400,2600.0,South,Telangana,Hyderabad,Debit Card
ORD103552,2025-09-21,CUST1300,Pooja Reddy,Smartphone,Electronics,2,30400.0,60800.0,54000,6800.0,North,Uttar Pradesh,Noida,Debit Card
ORD103553,2025-06-11,CUST1031,Sahil Reddy,Keyboard,Accessories,4,2090.0,8360.0,5600,2760.0,North,Haryana,Gurugram,Net Banking
ORD103554,2025-09-07,CUST1811,Aarav Gupta,External SSD,Storage,3,8500.0,25500.0,18600,6900.0,South,Telangana,Hyderabad,Debit Card
ORD103555,2025-01-05,CUST1305,Kavya Shah,Monitor,Electronics,2,17100.0,34200.0,27000,7200.0,North,Haryana,Gurugram,UPI
ORD103556,2025-08-04,CUST1719,Karan Kulkarni,Keyboard,Accessories,1,2200.0,2200.0,1400,800.0,East,Assam,Guwahati,Net Banking
ORD103557,2025-11-28,CUST1691,Kavya Deshmukh,Mouse,Accessories,1,1200.0,1200.0,700,500.0,North,Haryana,Gurugram,Credit Card
ORD103558,2025-02-23,CUST1083,Diya Sharma,Office Chair,Furniture,1,9500.0,9500.0,7000,2500.0,North,Uttar Pradesh,Noida,Credit Card
ORD103559,2025-01-03,CUST1146,Vikram Sharma,Smartphone,Electronics,2,32000.0,64000.0,54000,10000.0,North,Delhi,New Delhi,Credit Card
ORD103560,2025-05-15,CUST1089,Riya Verma,Office Chair,Furniture,1,9975.0,9975.0,7000,2975.0,South,Karnataka,Bengaluru,Credit Card
ORD103561,2025-10-15,CUST1749,Diya Yadav,External SSD,Storage,1,8500.0,8500.0,6200,2300.0,North,Punjab,Ludhiana,UPI
ORD103562,2025-11-26,CUST1914,Ishaan Kulkarni,Printer,Office Equipment,2,12500.0,25000.0,19600,5400.0,West,Maharashtra,Nashik,Cash on Delivery
ORD103563,2025-10-22,CUST1377,Ananya Joshi,Desk,Furniture,1,12000.0,12000.0,9000,3000.0,West,Maharashtra,Mumbai,Credit Card
ORD103564,2025-12-31,CUST1527,Aditya Shah,Headphones,Accessories,4,3500.0,14000.0,8800,5200.0,North,Haryana,Gurugram,UPI
ORD103565,2025-06-09,CUST1510,Vikram Sharma,Smartphone,Electronics,2,30400.0,60800.0,54000,6800.0,North,Rajasthan,Jaipur,UPI
ORD103566,2025-06-01,CUST1989,Sneha Patil,Office Chair,Furniture,5,9500.0,47500.0,35000,12500.0,West,Maharashtra,Mumbai,Debit Card
ORD103567,2025-05-03,CUST1136,Neha Patil,Keyboard,Accessories,5,2200.0,11000.0,7000,4000.0,North,Haryana,Gurugram,Net Banking
ORD103568,2025-02-15,CUST1692,Rahul Shah,Webcam,Accessories,1,2800.0,2800.0,1700,1100.0,North,Haryana,Gurugram,Cash on Delivery
ORD103569,2025-09-07,CUST1675,Ananya Verma,Monitor,Electronics,2,18000.0,36000.0,27000,9000.0,South,Karnataka,Bengaluru,Net Banking
ORD103570,2025-02-01,CUST1777,Sneha Nair,Keyboard,Accessories,1,2200.0,2200.0,1400,800.0,West,Goa,Panaji,Credit Card
ORD103571,2025-07-02,CUST1737,Ananya Verma,Printer,Office Equipment,2,12500.0,25000.0,19600,5400.0,West,Maharashtra,Pune,Credit Card
ORD103572,2025-02-10,CUST1339,Vikram Gupta,Smartphone,Electronics,2,32000.0,64000.0,54000,10000.0,South,Kerala,Kochi,Net Banking
ORD103573,2025-09-04,CUST1261,Aarav Chaudhary,Webcam,Accessories,1,2800.0,2800.0,1700,1100.0,West,Maharashtra,Nashik,UPI
ORD103574,2025-11-30,CUST1694,Rohan Yadav,Desk,Furniture,2,12000.0,24000.0,18000,6000.0,West,Gujarat,Surat,Credit Card
ORD103575,2025-08-09,CUST1251,Sneha Nair,Smartphone,Electronics,3,32000.0,96000.0,81000,15000.0,East,Assam,Guwahati,Credit Card
ORD103576,2025-07-16,CUST1605,Vikram Sharma,Keyboard,Accessories,1,2200.0,2200.0,1400,800.0,North,Uttar Pradesh,Noida,Debit Card
ORD103577,2025-10-03,CUST1756,Sneha Patil,Mouse,Accessories,1,1200.0,1200.0,700,500.0,South,Karnataka,Bengaluru,Debit Card
ORD103578,2025-09-18,CUST1151,Ananya Mehta,Headphones,Accessories,3,3500.0,10500.0,6600,3900.0,East,Bihar,Patna,Credit Card
ORD103579,2025-02-15,CUST1197,Aarav Kulkarni,Desk,Furniture,4,12000.0,48000.0,36000,12000.0,North,Uttar Pradesh,Noida,Credit Card
ORD103580,2025-12-12,CUST1706,Pooja Nair,Smartphone,Electronics,3,32000.0,96000.0,81000,15000.0,South,Andhra Pradesh,Vijayawada,Cash on Delivery
ORD103581,2025-08-15,CUST1911,Ananya Verma,Office Chair,Furniture,1,9500.0,9500.0,7000,2500.0,South,Telangana,Hyderabad,UPI
ORD103582,2025-09-16,CUST1437,Ishaan Gupta,Webcam,Accessories,1,2660.0,2660.0,1700,960.0,West,Gujarat,Surat,Debit Card
ORD103583,2025-10-30,CUST1710,Riya Kulkarni,Desk,Furniture,2,12000.0,24000.0,18000,6000.0,West,Goa,Panaji,UPI
ORD103584,2025-10-07,CUST1863,Tanvi Reddy,Desk,Furniture,1,12000.0,12000.0,9000,3000.0,West,Goa,Panaji,Cash on Delivery
ORD103585,2025-07-08,CUST1652,Aditya Kulkarni,Printer,Office Equipment,1,12500.0,12500.0,9800,2700.0,South,Karnataka,Bengaluru,Debit Card
ORD103586,2025-06-18,CUST1870,Ishaan Joshi,Tablet,Electronics,3,24000.0,72000.0,58500,13500.0,West,Gujarat,Surat,UPI
ORD103587,2025-07-18,CUST1919,Arjun Singh,Desk,Furniture,1,12000.0,12000.0,9000,3000.0,North,Haryana,Gurugram,Cash on Delivery
ORD103588,2025-03-24,CUST1088,Rohan Joshi,Laptop,Electronics,5,68250.0,341250.0,260000,81250.0,East,Odisha,Bhubaneswar,Cash on Delivery
ORD103589,2025-05-16,CUST1555,Sneha Kulkarni,Smartphone,Electronics,1,32000.0,32000.0,27000,5000.0,East,West Bengal,Kolkata,Credit Card
ORD103590,2025-02-15,CUST1544,Ishaan Mehta,Printer,Office Equipment,1,12500.0,12500.0,9800,2700.0,West,Gujarat,Ahmedabad,Net Banking
ORD103591,2025-08-25,CUST1946,Ananya Reddy,Mouse,Accessories,1,1140.0,1140.0,700,440.0,East,Odisha,Bhubaneswar,Net Banking
ORD103592,2025-08-01,CUST1154,Sahil Patil,External SSD,Storage,5,8500.0,42500.0,31000,11500.0,South,Kerala,Kochi,Credit Card
ORD103593,2025-12-05,CUST1288,Sahil Nair,Mouse,Accessories,2,1140.0,2280.0,1400,880.0,North,Haryana,Gurugram,UPI
ORD103594,2025-09-27,CUST1683,Neha Joshi,Monitor,Electronics,3,17100.0,51300.0,40500,10800.0,South,Tamil Nadu,Chennai,Debit Card
ORD103595,2025-12-03,CUST1834,Diya Yadav,Tablet,Electronics,3,24000.0,72000.0,58500,13500.0,North,Uttar Pradesh,Noida,Cash on Delivery
ORD103596,2025-12-23,CUST1598,Rohan Mehta,Webcam,Accessories,3,2800.0,8400.0,5100,3300.0,South,Karnataka,Bengaluru,Credit Card
ORD103597,2025-06-06,CUST1906,Neha Deshmukh,Smartphone,Electronics,4,32000.0,128000.0,108000,20000.0,East,West Bengal,Kolkata,Credit Card
ORD103598,2025-10-13,CUST1163,Nisha Kulkarni,Monitor,Electronics,2,18000.0,36000.0,27000,9000.0,North,Delhi,New Delhi,UPI
ORD103599,2025-04-02,CUST1925,Rohan Iyer,Smartphone,Electronics,3,32000.0,96000.0,81000,15000.0,West,Goa,Panaji,Net Banking
ORD103600,2025-03-02,CUST1342,Priya Mehta,Office Chair,Furniture,1,9500.0,9500.0,7000,2500.0,South,Kerala,Kochi,Debit Card
ORD103601,2025-02-18,CUST1468,Rahul Reddy,Laptop,Electronics,2,65000.0,130000.0,104000,26000.0,South,Telangana,Hyderabad,UPI
ORD103602,2025-01-05,CUST1180,Meera Chaudhary,Smartphone,Electronics,1,32000.0,32000.0,27000,5000.0,West,Gujarat,Ahmedabad,Credit Card
ORD103603,2025-11-02,CUST1154,Tanvi Verma,Headphones,Accessories,1,3500.0,3500.0,2200,1300.0,South,Kerala,Kochi,Credit Card
ORD103604,2025-01-26,CUST1599,Pooja Shah,Smartphone,Electronics,1,32000.0,32000.0,27000,5000.0,West,Gujarat,Surat,Net Banking
ORD103605,2025-11-14,CUST1332,Sahil Gupta,Webcam,Accessories,1,2800.0,2800.0,1700,1100.0,East,Assam,Guwahati,Credit Card
ORD103606,2025-05-10,CUST1534,Rohan Shah,Keyboard,Accessories,3,2200.0,6600.0,4200,2400.0,East,Bihar,Patna,Net Banking
ORD103607,2025-01-25,CUST1842,Rahul Shah,Laptop,Electronics,1,65000.0,65000.0,52000,13000.0,South,Karnataka,Bengaluru,Credit Card
ORD103608,2025-11-30,CUST1910,Neha Iyer,Smartphone,Electronics,1,32000.0,32000.0,27000,5000.0,West,Maharashtra,Mumbai,Cash on Delivery
ORD103609,2025-11-01,CUST1786,Aditya Deshmukh,Smartphone,Electronics,3,30400.0,91200.0,81000,10200.0,South,Tamil Nadu,Chennai,Credit Card
ORD103610,2025-03-26,CUST1662,Pooja Gupta,Smartphone,Electronics,1,32000.0,32000.0,27000,5000.0,West,Maharashtra,Nashik,Credit Card
ORD103611,2025-08-11,CUST1054,Riya Verma,Monitor,Electronics,2,18000.0,36000.0,27000,9000.0,West,Goa,Panaji,Net Banking
ORD103612,2025-10-19,CUST1650,Rahul Reddy,Headphones,Accessories,1,3500.0,3500.0,2200,1300.0,North,Uttar Pradesh,Noida,Credit Card
ORD103613,2025-05-04,CUST1909,Karan Kulkarni,External SSD,Storage,3,8925.0,26775.0,18600,8175.0,North,Punjab,Ludhiana,Net Banking
ORD103614,2025-11-24,CUST1624,Pooja Sharma,Desk,Furniture,1,12000.0,12000.0,9000,3000.0,South,Telangana,Hyderabad,Credit Card
ORD103615,2025-06-15,CUST1487,Ananya Nair,Webcam,Accessories,2,2800.0,5600.0,3400,2200.0,West,Maharashtra,Nashik,Debit Card
ORD103616,2025-09-24,CUST1026,Riya Yadav,Tablet,Electronics,2,24000.0,48000.0,39000,9000.0,South,Andhra Pradesh,Vijayawada,Credit Card
ORD103617,2025-01-09,CUST1106,Neha Deshmukh,Printer,Office Equipment,4,12500.0,50000.0,39200,10800.0,West,Maharashtra,Nashik,Credit Card
ORD103618,2025-08-18,CUST1169,Nisha Joshi,Office Chair,Furniture,1,9500.0,9500.0,7000,2500.0,South,Telangana,Hyderabad,Cash on Delivery
ORD103619,2025-01-05,CUST1425,Sahil Joshi,Desk,Furniture,1,12000.0,12000.0,9000,3000.0,North,Punjab,Ludhiana,Net Banking
ORD103620,2025-08-10,CUST1609,Sahil Deshmukh,Mouse,Accessories,1,1200.0,1200.0,700,500.0,South,Kerala,Kochi,Credit Card
ORD103621,2025-12-07,CUST1957,Meera Shah,External SSD,Storage,4,8500.0,34000.0,24800,9200.0,West,Maharashtra,Pune,Cash on Delivery
ORD103622,2025-02-16,CUST1119,Aditya Verma,Tablet,Electronics,1,24000.0,24000.0,19500,4500.0,North,Delhi,New Delhi,Net Banking
ORD103623,2025-01-21,CUST1996,Vikram Mehta,Tablet,Electronics,2,24000.0,48000.0,39000,9000.0,North,Delhi,New Delhi,Net Banking
ORD103624,2025-03-09,CUST1820,Karan Kulkarni,Laptop,Electronics,4,65000.0,260000.0,208000,52000.0,West,Gujarat,Ahmedabad,Cash on Delivery
ORD103625,2025-03-13,CUST1652,Sneha Patil,Monitor,Electronics,1,18000.0,18000.0,13500,4500.0,East,Assam,Guwahati,Credit Card
ORD103626,2025-05-29,CUST1564,Ishaan Shah,Headphones,Accessories,4,3500.0,14000.0,8800,5200.0,East,Bihar,Patna,UPI
ORD103627,2025-01-04,CUST1935,Ishaan Singh,Desk,Furniture,2,12000.0,24000.0,18000,6000.0,East,Odisha,Bhubaneswar,Debit Card
ORD103628,2025-02-21,CUST1724,Aarav Yadav,Monitor,Electronics,2,18000.0,36000.0,27000,9000.0,West,Maharashtra,Pune,UPI
ORD103629,2025-03-05,CUST1330,Vikram Singh,Office Chair,Furniture,3,9500.0,28500.0,21000,7500.0,North,Punjab,Ludhiana,Debit Card
ORD103630,2025-07-26,CUST1698,Rahul Chaudhary,Printer,Office Equipment,1,12500.0,12500.0,9800,2700.0,South,Andhra Pradesh,Vijayawada,Cash on Delivery
ORD103631,2025-03-22,CUST1866,Rohan Singh,Laptop,Electronics,1,65000.0,65000.0,52000,13000.0,West,Maharashtra,Nashik,Credit Card
ORD103632,2025-09-03,CUST1066,Arjun Gupta,Webcam,Accessories,1,2660.0,2660.0,1700,960.0,West,Maharashtra,Pune,Credit Card
ORD103633,2025-03-24,CUST1926,Ishaan Yadav,Monitor,Electronics,3,18000.0,54000.0,40500,13500.0,West,Gujarat,Ahmedabad,Credit Card
ORD103634,2025-04-24,CUST1774,Ananya Gupta,Smartphone,Electronics,1,32000.0,32000.0,27000,5000.0,West,Maharashtra,Mumbai,Credit Card
ORD103635,2025-07-16,CUST1506,Meera Iyer,Webcam,Accessories,1,2800.0,2800.0,1700,1100.0,West,Goa,Panaji,Cash on Delivery
ORD103636,2025-09-24,CUST1202,Tanvi Reddy,Mouse,Accessories,5,1200.0,6000.0,3500,2500.0,West,Goa,Panaji,Debit Card
ORD103637,2025-03-26,CUST2000,Rahul Shah,Smartphone,Electronics,1,32000.0,32000.0,27000,5000.0,West,Gujarat,Surat,UPI
ORD103638,2025-10-06,CUST1266,Pooja Yadav,External SSD,Storage,2,8500.0,17000.0,12400,4600.0,South,Karnataka,Bengaluru,Net Banking
ORD103639,2025-01-25,CUST1498,Neha Nair,Monitor,Electronics,2,18000.0,36000.0,27000,9000.0,South,Andhra Pradesh,Vijayawada,Credit Card
ORD103640,2025-04-07,CUST1140,Vikram Joshi,Office Chair,Furniture,1,9500.0,9500.0,7000,2500.0,North,Haryana,Gurugram,UPI
ORD103641,2025-12-15,CUST1958,Rohan Gupta,Tablet,Electronics,2,25200.0,50400.0,39000,11400.0,West,Gujarat,Ahmedabad,UPI
ORD103642,2025-01-27,CUST1011,Sneha Nair,Monitor,Electronics,3,18000.0,54000.0,40500,13500.0,South,Karnataka,Bengaluru,Credit Card
ORD103643,2025-02-07,CUST1036,Rahul Deshmukh,Desk,Furniture,2,12000.0,24000.0,18000,6000.0,West,Maharashtra,Mumbai,Cash on Delivery
ORD103644,2025-12-29,CUST1474,Kavya Yadav,External SSD,Storage,2,8925.0,17850.0,12400,5450.0,South,Tamil Nadu,Chennai,Cash on Delivery
ORD103645,2025-04-18,CUST1577,Aarav Shah,Smartphone,Electronics,1,32000.0,32000.0,27000,5000.0,North,Haryana,Gurugram,Cash on Delivery
ORD103646,2025-07-15,CUST1054,Arjun Verma,Monitor,Electronics,2,18000.0,36000.0,27000,9000.0,North,Uttar Pradesh,Noida,UPI
ORD103647,2025-05-17,CUST1206,Priya Singh,Printer,Office Equipment,1,11875.0,11875.0,9800,2075.0,West,Goa,Panaji,Cash on Delivery
ORD103648,2025-06-04,CUST1548,Sahil Deshmukh,Headphones,Accessories,4,3500.0,14000.0,8800,5200.0,West,Maharashtra,Pune,UPI
ORD103649,2025-07-30,CUST1548,Kavya Deshmukh,Office Chair,Furniture,1,9500.0,9500.0,7000,2500.0,West,Maharashtra,Nashik,Net Banking
ORD103650,2025-10-01,CUST1151,Vikram Reddy,Mouse,Accessories,1,1200.0,1200.0,700,500.0,East,Assam,Guwahati,Cash on Delivery
ORD103651,2025-09-06,CUST1927,Aditya Singh,Webcam,Accessories,2,2800.0,5600.0,3400,2200.0,North,Punjab,Ludhiana,Credit Card
ORD103652,2025-06-06,CUST1783,Tanvi Nair,Desk,Furniture,2,12600.0,25200.0,18000,7200.0,South,Tamil Nadu,Chennai,Net Banking
ORD103653,2025-09-03,CUST1496,Kavya Deshmukh,Webcam,Accessories,1,2660.0,2660.0,1700,960.0,West,Goa,Panaji,Credit Card
ORD103654,2025-07-03,CUST1339,Neha Reddy,Webcam,Accessories,1,2800.0,2800.0,1700,1100.0,South,Tamil Nadu,Chennai,Debit Card
ORD103655,2025-11-10,CUST1090,Meera Kulkarni,Office Chair,Furniture,4,9975.0,39900.0,28000,11900.0,West,Gujarat,Surat,UPI
ORD103656,2025-10-31,CUST1140,Aditya Sharma,Printer,Office Equipment,3,12500.0,37500.0,29400,8100.0,West,Maharashtra,Mumbai,Net Banking
ORD103657,2025-06-13,CUST1407,Arjun Kulkarni,Headphones,Accessories,2,3500.0,7000.0,4400,2600.0,West,Maharashtra,Pune,Cash on Delivery
ORD103658,2025-05-13,CUST1701,Kavya Kulkarni,Smartphone,Electronics,1,30400.0,30400.0,27000,3400.0,South,Karnataka,Bengaluru,Credit Card
ORD103659,2025-04-04,CUST1112,Ishaan Shah,Monitor,Electronics,1,18000.0,18000.0,13500,4500.0,North,Haryana,Gurugram,Net Banking
ORD103660,2025-10-12,CUST1554,Rahul Deshmukh,Monitor,Electronics,3,18000.0,54000.0,40500,13500.0,West,Maharashtra,Pune,Debit Card
ORD103661,2025-03-17,CUST1765,Arjun Deshmukh,Mouse,Accessories,4,1200.0,4800.0,2800,2000.0,West,Gujarat,Ahmedabad,Credit Card
ORD103662,2025-12-19,CUST1216,Pooja Chaudhary,External SSD,Storage,1,8500.0,8500.0,6200,2300.0,North,Delhi,New Delhi,Net Banking
ORD103663,2025-08-28,CUST1839,Rohan Sharma,Tablet,Electronics,1,24000.0,24000.0,19500,4500.0,North,Haryana,Gurugram,Credit Card
ORD103664,2025-08-25,CUST1879,Aarav Kulkarni,Keyboard,Accessories,2,2200.0,4400.0,2800,1600.0,West,Maharashtra,Pune,Cash on Delivery
ORD103665,2025-07-31,CUST1671,Priya Singh,Webcam,Accessories,1,2660.0,2660.0,1700,960.0,West,Maharashtra,Mumbai,Debit Card
ORD103666,2025-08-08,CUST1129,Arjun Gupta,Mouse,Accessories,1,1260.0,1260.0,700,560.0,North,Rajasthan,Jaipur,Cash on Delivery
ORD103667,2025-12-18,CUST1844,Rahul Kulkarni,Tablet,Electronics,1,24000.0,24000.0,19500,4500.0,East,Assam,Guwahati,UPI
ORD103668,2025-10-29,CUST1038,Sneha Mehta,Keyboard,Accessories,1,2200.0,2200.0,1400,800.0,West,Maharashtra,Pune,Debit Card
ORD103669,2025-08-27,CUST1105,Kavya Yadav,Webcam,Accessories,1,2800.0,2800.0,1700,1100.0,North,Haryana,Gurugram,Debit Card
ORD103670,2025-01-01,CUST1574,Tanvi Mehta,External SSD,Storage,4,8500.0,34000.0,24800,9200.0,South,Karnataka,Bengaluru,UPI
ORD103671,2025-04-13,CUST1612,Rohan Singh,Mouse,Accessories,1,1200.0,1200.0,700,500.0,West,Maharashtra,Nashik,Net Banking
ORD103672,2025-11-18,CUST1556,Kavya Chaudhary,Webcam,Accessories,1,2800.0,2800.0,1700,1100.0,South,Kerala,Kochi,Net Banking
ORD103673,2025-06-03,CUST1904,Ananya Mehta,Mouse,Accessories,3,1200.0,3600.0,2100,1500.0,South,Karnataka,Bengaluru,Credit Card
ORD103674,2025-01-27,CUST1762,Tanvi Joshi,Monitor,Electronics,2,17100.0,34200.0,27000,7200.0,North,Uttar Pradesh,Noida,Cash on Delivery
ORD103675,2025-06-09,CUST1835,Priya Deshmukh,Mouse,Accessories,1,1140.0,1140.0,700,440.0,North,Delhi,New Delhi,Cash on Delivery
ORD103676,2025-11-20,CUST1732,Priya Verma,Laptop,Electronics,2,65000.0,130000.0,104000,26000.0,West,Gujarat,Surat,Debit Card
ORD103677,2025-02-06,CUST1159,Sahil Chaudhary,Webcam,Accessories,3,2800.0,8400.0,5100,3300.0,West,Gujarat,Surat,Debit Card
ORD103678,2025-10-26,CUST1749,Sahil Kulkarni,Tablet,Electronics,2,25200.0,50400.0,39000,11400.0,East,West Bengal,Kolkata,UPI
ORD103679,2025-05-14,CUST1457,Ananya Gupta,Headphones,Accessories,3,3500.0,10500.0,6600,3900.0,East,West Bengal,Kolkata,Credit Card
ORD103680,2025-05-04,CUST1830,Vikram Shah,Headphones,Accessories,1,3500.0,3500.0,2200,1300.0,East,Bihar,Patna,Debit Card
ORD103681,2025-11-14,CUST1059,Nisha Iyer,Office Chair,Furniture,3,9500.0,28500.0,21000,7500.0,South,Kerala,Kochi,Debit Card
ORD103682,2025-02-20,CUST1872,Aarav Yadav,Tablet,Electronics,4,24000.0,96000.0,78000,18000.0,East,Jharkhand,Ranchi,UPI
ORD103683,2025-03-21,CUST1841,Sahil Nair,Office Chair,Furniture,4,9500.0,38000.0,28000,10000.0,North,Rajasthan,Jaipur,Net Banking
ORD103684,2025-09-08,CUST1368,Priya Reddy,Tablet,Electronics,3,24000.0,72000.0,58500,13500.0,South,Karnataka,Bengaluru,Credit Card
ORD103685,2025-10-22,CUST1201,Rohan Joshi,Tablet,Electronics,1,24000.0,24000.0,19500,4500.0,North,Rajasthan,Jaipur,Debit Card
ORD103686,2025-12-11,CUST1700,Aditya Mehta,Mouse,Accessories,1,1200.0,1200.0,700,500.0,East,Assam,Guwahati,Debit Card
ORD103687,2025-03-07,CUST1177,Arjun Patil,Smartphone,Electronics,1,32000.0,32000.0,27000,5000.0,South,Karnataka,Bengaluru,Credit Card
ORD103688,2025-05-22,CUST1028,Rohan Reddy,External SSD,Storage,5,8500.0,42500.0,31000,11500.0,North,Punjab,Ludhiana,Net Banking
ORD103689,2025-09-20,CUST1752,Meera Gupta,Monitor,Electronics,2,18900.0,37800.0,27000,10800.0,North,Delhi,New Delhi,UPI
ORD103690,2025-01-24,CUST1444,Aditya Iyer,Printer,Office Equipment,1,12500.0,12500.0,9800,2700.0,West,Goa,Panaji,Net Banking
ORD103691,2025-08-23,CUST1310,Tanvi Gupta,Mouse,Accessories,2,1200.0,2400.0,1400,1000.0,West,Maharashtra,Nashik,Cash on Delivery
ORD103692,2025-08-08,CUST1667,Neha Iyer,Smartphone,Electronics,3,32000.0,96000.0,81000,15000.0,South,Kerala,Kochi,UPI
ORD103693,2025-10-12,CUST1538,Nisha Patil,Mouse,Accessories,2,1200.0,2400.0,1400,1000.0,West,Maharashtra,Pune,UPI
ORD103694,2025-03-07,CUST1800,Neha Nair,Monitor,Electronics,3,18000.0,54000.0,40500,13500.0,South,Tamil Nadu,Chennai,Debit Card
ORD103695,2025-12-16,CUST1666,Priya Deshmukh,Mouse,Accessories,5,1200.0,6000.0,3500,2500.0,East,Bihar,Patna,Credit Card
ORD103696,2025-01-18,CUST1023,Arjun Kulkarni,Monitor,Electronics,2,18000.0,36000.0,27000,9000.0,North,Punjab,Ludhiana,Credit Card
ORD103697,2025-07-02,CUST1675,Rahul Kulkarni,Webcam,Accessories,1,2800.0,2800.0,1700,1100.0,South,Karnataka,Bengaluru,UPI
ORD103698,2025-09-19,CUST1444,Diya Singh,Desk,Furniture,2,12000.0,24000.0,18000,6000.0,South,Karnataka,Bengaluru,Cash on Delivery
ORD103699,2025-01-19,CUST1751,Meera Verma,Office Chair,Furniture,3,9025.0,27075.0,21000,6075.0,East,Jharkhand,Ranchi,Credit Card
ORD103700,2025-09-30,CUST1648,Karan Iyer,Laptop,Electronics,1,65000.0,65000.0,52000,13000.0,West,Gujarat,Ahmedabad,Debit Card
ORD103701,2025-08-31,CUST1381,Ishaan Joshi,Mouse,Accessories,1,1200.0,1200.0,700,500.0,West,Gujarat,Surat,Credit Card
ORD103702,2025-06-26,CUST1409,Sahil Kulkarni,Smartphone,Electronics,2,32000.0,64000.0,54000,10000.0,South,Telangana,Hyderabad,Cash on Delivery
ORD103703,2025-07-20,CUST1441,Rohan Reddy,Webcam,Accessories,2,2800.0,5600.0,3400,2200.0,South,Telangana,Hyderabad,Net Banking
ORD103704,2025-05-25,CUST1797,Karan Shah,Webcam,Accessories,2,2800.0,5600.0,3400,2200.0,North,Rajasthan,Jaipur,Credit Card
ORD103705,2025-11-13,CUST1653,Ishaan Joshi,Webcam,Accessories,2,2800.0,5600.0,3400,2200.0,East,Odisha,Bhubaneswar,Debit Card
ORD103706,2025-01-21,CUST1301,Riya Patil,Smartphone,Electronics,1,32000.0,32000.0,27000,5000.0,South,Kerala,Kochi,Net Banking
ORD103707,2025-10-15,CUST1285,Aarav Joshi,Mouse,Accessories,1,1200.0,1200.0,700,500.0,West,Maharashtra,Nashik,Cash on Delivery
ORD103708,2025-01-08,CUST1884,Kavya Verma,External SSD,Storage,1,8500.0,8500.0,6200,2300.0,North,Uttar Pradesh,Noida,Credit Card
ORD103709,2025-03-17,CUST1566,Pooja Iyer,Webcam,Accessories,3,2800.0,8400.0,5100,3300.0,North,Delhi,New Delhi,UPI
ORD103710,2025-05-06,CUST1317,Rahul Reddy,Webcam,Accessories,1,2800.0,2800.0,1700,1100.0,North,Punjab,Ludhiana,Net Banking
ORD103711,2025-10-27,CUST1039,Aarav Mehta,Printer,Office Equipment,1,12500.0,12500.0,9800,2700.0,South,Andhra Pradesh,Vijayawada,Debit Card
ORD103712,2025-03-20,CUST1241,Meera Sharma,Printer,Office Equipment,1,12500.0,12500.0,9800,2700.0,West,Maharashtra,Nashik,Credit Card
ORD103713,2025-02-15,CUST1989,Kavya Nair,Office Chair,Furniture,2,9500.0,19000.0,14000,5000.0,South,Andhra Pradesh,Vijayawada,Credit Card
ORD103714,2025-10-24,CUST1876,Neha Iyer,Tablet,Electronics,1,24000.0,24000.0,19500,4500.0,North,Uttar Pradesh,Noida,Cash on Delivery
ORD103715,2025-05-04,CUST1260,Kavya Shah,Smartphone,Electronics,1,30400.0,30400.0,27000,3400.0,South,Kerala,Kochi,Credit Card
ORD103716,2025-02-21,CUST1903,Nisha Reddy,Keyboard,Accessories,2,2200.0,4400.0,2800,1600.0,East,Bihar,Patna,Net Banking
ORD103717,2025-06-26,CUST1763,Neha Nair,Headphones,Accessories,4,3675.0,14700.0,8800,5900.0,South,Andhra Pradesh,Vijayawada,UPI
ORD103718,2025-05-05,CUST1583,Karan Yadav,Monitor,Electronics,4,18000.0,72000.0,54000,18000.0,South,Tamil Nadu,Chennai,Cash on Delivery
ORD103719,2025-11-30,CUST1837,Aditya Patil,External SSD,Storage,1,8075.0,8075.0,6200,1875.0,North,Haryana,Gurugram,Net Banking
ORD103720,2025-08-14,CUST1939,Nisha Deshmukh,Printer,Office Equipment,2,12500.0,25000.0,19600,5400.0,North,Delhi,New Delhi,UPI
ORD103721,2025-07-01,CUST1532,Aarav Reddy,Desk,Furniture,2,12000.0,24000.0,18000,6000.0,South,Andhra Pradesh,Vijayawada,Net Banking
ORD103722,2025-06-10,CUST1971,Kavya Deshmukh,Webcam,Accessories,1,2800.0,2800.0,1700,1100.0,South,Kerala,Kochi,Cash on Delivery
ORD103723,2025-09-18,CUST1056,Arjun Patil,Printer,Office Equipment,2,12500.0,25000.0,19600,5400.0,East,West Bengal,Kolkata,UPI
ORD103724,2025-11-13,CUST1496,Pooja Singh,Webcam,Accessories,3,2660.0,7980.0,5100,2880.0,South,Andhra Pradesh,Vijayawada,Cash on Delivery
ORD103725,2025-01-19,CUST1222,Pooja Joshi,External SSD,Storage,2,8500.0,17000.0,12400,4600.0,East,Jharkhand,Ranchi,UPI
ORD103726,2025-01-22,CUST1026,Sneha Joshi,Monitor,Electronics,1,18000.0,18000.0,13500,4500.0,North,Rajasthan,Jaipur,Cash on Delivery
ORD103727,2025-12-12,CUST1170,Priya Verma,External SSD,Storage,1,8500.0,8500.0,6200,2300.0,South,Tamil Nadu,Chennai,Cash on Delivery
ORD103728,2025-09-06,CUST1502,Diya Patil,Mouse,Accessories,2,1200.0,2400.0,1400,1000.0,North,Punjab,Ludhiana,Debit Card
ORD103729,2025-05-25,CUST1164,Ishaan Shah,Smartphone,Electronics,1,32000.0,32000.0,27000,5000.0,East,Jharkhand,Ranchi,UPI
ORD103730,2025-07-30,CUST1024,Riya Iyer,External SSD,Storage,2,8500.0,17000.0,12400,4600.0,West,Maharashtra,Nashik,Cash on Delivery
ORD103731,2025-07-03,CUST1633,Sneha Gupta,Laptop,Electronics,1,65000.0,65000.0,52000,13000.0,North,Haryana,Gurugram,Debit Card
ORD103732,2025-08-08,CUST1573,Diya Yadav,Office Chair,Furniture,3,9500.0,28500.0,21000,7500.0,South,Kerala,Kochi,UPI
ORD103733,2025-10-12,CUST1529,Diya Shah,Printer,Office Equipment,2,12500.0,25000.0,19600,5400.0,West,Gujarat,Ahmedabad,UPI
ORD103734,2025-10-14,CUST1715,Aditya Yadav,Monitor,Electronics,5,18000.0,90000.0,67500,22500.0,West,Maharashtra,Pune,Cash on Delivery
ORD103735,2025-08-29,CUST1972,Nisha Mehta,Laptop,Electronics,1,65000.0,65000.0,52000,13000.0,South,Telangana,Hyderabad,Debit Card
ORD103736,2025-05-02,CUST1309,Rohan Sharma,Tablet,Electronics,2,24000.0,48000.0,39000,9000.0,West,Maharashtra,Pune,Credit Card
ORD103737,2025-11-11,CUST1804,Arjun Shah,External SSD,Storage,4,8500.0,34000.0,24800,9200.0,North,Haryana,Gurugram,Credit Card
ORD103738,2025-09-09,CUST1191,Aditya Mehta,Smartphone,Electronics,2,32000.0,64000.0,54000,10000.0,East,West Bengal,Kolkata,Credit Card
ORD103739,2025-07-30,CUST1156,Sahil Singh,Laptop,Electronics,2,65000.0,130000.0,104000,26000.0,South,Telangana,Hyderabad,Cash on Delivery
ORD103740,2025-03-11,CUST1297,Riya Mehta,Smartphone,Electronics,3,32000.0,96000.0,81000,15000.0,East,West Bengal,Kolkata,UPI
ORD103741,2025-07-03,CUST1344,Riya Verma,Printer,Office Equipment,1,12500.0,12500.0,9800,2700.0,West,Goa,Panaji,Credit Card
ORD103742,2025-01-10,CUST1788,Kavya Reddy,Headphones,Accessories,1,3500.0,3500.0,2200,1300.0,South,Karnataka,Bengaluru,Debit Card
ORD103743,2025-08-17,CUST1616,Aarav Deshmukh,Smartphone,Electronics,1,32000.0,32000.0,27000,5000.0,North,Rajasthan,Jaipur,Net Banking
ORD103744,2025-01-21,CUST1298,Vikram Gupta,Office Chair,Furniture,1,9500.0,9500.0,7000,2500.0,West,Gujarat,Ahmedabad,Credit Card
ORD103745,2025-04-09,CUST1446,Sneha Patil,Webcam,Accessories,2,2800.0,5600.0,3400,2200.0,East,Assam,Guwahati,Debit Card
ORD103746,2025-03-29,CUST1232,Priya Joshi,External SSD,Storage,3,8500.0,25500.0,18600,6900.0,South,Karnataka,Bengaluru,Debit Card
ORD103747,2025-07-29,CUST1556,Neha Chaudhary,Tablet,Electronics,2,25200.0,50400.0,39000,11400.0,South,Tamil Nadu,Chennai,UPI
ORD103748,2025-01-12,CUST1975,Tanvi Mehta,Tablet,Electronics,1,24000.0,24000.0,19500,4500.0,South,Kerala,Kochi,Net Banking
ORD103749,2025-07-27,CUST1788,Riya Yadav,Laptop,Electronics,1,65000.0,65000.0,52000,13000.0,West,Goa,Panaji,UPI
ORD103750,2025-01-30,CUST1903,Arjun Deshmukh,Desk,Furniture,3,12000.0,36000.0,27000,9000.0,North,Haryana,Gurugram,Credit Card
ORD103751,2025-03-20,CUST1001,Meera Joshi,Laptop,Electronics,1,65000.0,65000.0,52000,13000.0,East,West Bengal,Kolkata,Net Banking
ORD103752,2025-09-09,CUST1424,Sahil Patil,Smartphone,Electronics,3,32000.0,96000.0,81000,15000.0,North,Rajasthan,Jaipur,Credit Card
ORD103753,2025-07-30,CUST1468,Sneha Kulkarni,Desk,Furniture,2,12000.0,24000.0,18000,6000.0,South,Andhra Pradesh,Vijayawada,Cash on Delivery
ORD103754,2025-04-04,CUST1558,Neha Yadav,Laptop,Electronics,1,65000.0,65000.0,52000,13000.0,West,Maharashtra,Nashik,Net Banking
ORD103755,2025-02-12,CUST1650,Priya Sharma,Desk,Furniture,1,12000.0,12000.0,9000,3000.0,West,Maharashtra,Nashik,Credit Card
ORD103756,2025-01-09,CUST1099,Priya Gupta,Office Chair,Furniture,1,9500.0,9500.0,7000,2500.0,North,Haryana,Gurugram,Net Banking
ORD103757,2025-10-21,CUST1003,Pooja Gupta,Laptop,Electronics,1,61750.0,61750.0,52000,9750.0,East,Odisha,Bhubaneswar,UPI
ORD103758,2025-09-06,CUST1196,Sahil Deshmukh,Office Chair,Furniture,3,9025.0,27075.0,21000,6075.0,North,Haryana,Gurugram,Credit Card
ORD103759,2025-12-27,CUST1895,Sneha Patil,Headphones,Accessories,2,3500.0,7000.0,4400,2600.0,South,Karnataka,Bengaluru,Debit Card
ORD103760,2025-10-29,CUST1121,Neha Yadav,Mouse,Accessories,1,1200.0,1200.0,700,500.0,West,Gujarat,Ahmedabad,UPI
ORD103761,2025-05-27,CUST1051,Pooja Singh,Mouse,Accessories,4,1200.0,4800.0,2800,2000.0,North,Haryana,Gurugram,UPI
ORD103762,2025-05-09,CUST1985,Neha Singh,Keyboard,Accessories,3,2200.0,6600.0,4200,2400.0,South,Karnataka,Bengaluru,Net Banking
ORD103763,2025-09-24,CUST1544,Sahil Deshmukh,Tablet,Electronics,1,24000.0,24000.0,19500,4500.0,South,Karnataka,Bengaluru,Net Banking
ORD103764,2025-08-15,CUST1343,Neha Sharma,Mouse,Accessories,2,1200.0,2400.0,1400,1000.0,North,Uttar Pradesh,Noida,Net Banking
ORD103765,2025-11-17,CUST1855,Kavya Gupta,Laptop,Electronics,4,61750.0,247000.0,208000,39000.0,North,Rajasthan,Jaipur,Net Banking
ORD103766,2025-11-02,CUST1812,Nisha Nair,Keyboard,Accessories,1,2200.0,2200.0,1400,800.0,South,Karnataka,Bengaluru,Net Banking
ORD103767,2025-04-30,CUST1380,Rohan Sharma,Office Chair,Furniture,1,9500.0,9500.0,7000,2500.0,North,Rajasthan,Jaipur,Debit Card
ORD103768,2025-11-09,CUST1172,Sneha Mehta,Headphones,Accessories,1,3325.0,3325.0,2200,1125.0,West,Goa,Panaji,Net Banking
ORD103769,2025-08-04,CUST1371,Nisha Deshmukh,Office Chair,Furniture,1,9500.0,9500.0,7000,2500.0,West,Gujarat,Surat,UPI
ORD103770,2025-04-21,CUST1149,Ishaan Verma,Desk,Furniture,1,12000.0,12000.0,9000,3000.0,South,Tamil Nadu,Chennai,Net Banking
ORD103771,2025-08-11,CUST1316,Rohan Nair,Desk,Furniture,2,12000.0,24000.0,18000,6000.0,West,Goa,Panaji,Cash on Delivery
ORD103772,2025-05-16,CUST1732,Priya Gupta,Mouse,Accessories,3,1260.0,3780.0,2100,1680.0,South,Kerala,Kochi,Cash on Delivery
ORD103773,2025-05-13,CUST1030,Neha Mehta,Desk,Furniture,1,12000.0,12000.0,9000,3000.0,South,Kerala,Kochi,Credit Card
ORD103774,2025-07-19,CUST1956,Karan Singh,Desk,Furniture,1,12000.0,12000.0,9000,3000.0,South,Tamil Nadu,Chennai,Net Banking
ORD103775,2025-05-01,CUST1309,Sneha Patil,Desk,Furniture,1,11400.0,11400.0,9000,2400.0,South,Andhra Pradesh,Vijayawada,Debit Card
ORD103776,2025-07-03,CUST1719,Neha Reddy,Monitor,Electronics,1,18000.0,18000.0,13500,4500.0,West,Maharashtra,Nashik,Net Banking
ORD103777,2025-03-31,CUST1607,Meera Sharma,Printer,Office Equipment,1,12500.0,12500.0,9800,2700.0,East,Assam,Guwahati,UPI
ORD103778,2025-10-29,CUST1342,Ananya Yadav,Desk,Furniture,1,12000.0,12000.0,9000,3000.0,South,Tamil Nadu,Chennai,Credit Card
ORD103779,2025-05-24,CUST1447,Tanvi Sharma,Smartphone,Electronics,1,33600.0,33600.0,27000,6600.0,East,Assam,Guwahati,UPI
ORD103780,2025-07-27,CUST1162,Ishaan Singh,Webcam,Accessories,1,2660.0,2660.0,1700,960.0,North,Punjab,Ludhiana,Cash on Delivery
ORD103781,2025-03-10,CUST1146,Meera Nair,Smartphone,Electronics,1,32000.0,32000.0,27000,5000.0,West,Maharashtra,Nashik,Net Banking
ORD103782,2025-02-01,CUST1264,Rohan Patil,Office Chair,Furniture,1,9500.0,9500.0,7000,2500.0,North,Delhi,New Delhi,Net Banking
ORD103783,2025-07-18,CUST1725,Kavya Patil,Laptop,Electronics,3,61750.0,185250.0,156000,29250.0,East,Assam,Guwahati,Credit Card
ORD103784,2025-11-24,CUST1602,Vikram Kulkarni,Smartphone,Electronics,1,30400.0,30400.0,27000,3400.0,North,Haryana,Gurugram,Cash on Delivery
ORD103785,2025-12-25,CUST1426,Rohan Patil,Smartphone,Electronics,4,30400.0,121600.0,108000,13600.0,North,Uttar Pradesh,Noida,Net Banking
ORD103786,2025-11-03,CUST1939,Priya Reddy,External SSD,Storage,1,8500.0,8500.0,6200,2300.0,West,Maharashtra,Pune,Debit Card
ORD103787,2025-12-19,CUST1242,Rahul Kulkarni,Monitor,Electronics,2,18000.0,36000.0,27000,9000.0,North,Delhi,New Delhi,Credit Card
ORD103788,2025-11-27,CUST1773,Arjun Patil,Mouse,Accessories,2,1200.0,2400.0,1400,1000.0,West,Gujarat,Ahmedabad,Cash on Delivery
ORD103789,2025-08-14,CUST1968,Vikram Chaudhary,Keyboard,Accessories,2,2200.0,4400.0,2800,1600.0,North,Punjab,Ludhiana,Net Banking
ORD103790,2025-02-04,CUST1632,Tanvi Sharma,Smartphone,Electronics,1,30400.0,30400.0,27000,3400.0,East,Assam,Guwahati,Cash on Delivery
ORD103791,2025-05-14,CUST1878,Vikram Shah,Headphones,Accessories,1,3500.0,3500.0,2200,1300.0,North,Uttar Pradesh,Noida,Debit Card
ORD103792,2025-11-01,CUST1062,Meera Verma,Office Chair,Furniture,1,9500.0,9500.0,7000,2500.0,South,Telangana,Hyderabad,Debit Card
ORD103793,2025-02-05,CUST1635,Aarav Singh,External SSD,Storage,1,8500.0,8500.0,6200,2300.0,West,Maharashtra,Pune,UPI
ORD103794,2025-09-03,CUST1831,Pooja Joshi,Keyboard,Accessories,1,2200.0,2200.0,1400,800.0,East,Assam,Guwahati,Cash on Delivery
ORD103795,2025-09-08,CUST1550,Neha Chaudhary,Tablet,Electronics,1,24000.0,24000.0,19500,4500.0,East,Bihar,Patna,Cash on Delivery
ORD103796,2025-05-01,CUST1748,Priya Nair,Office Chair,Furniture,2,9500.0,19000.0,14000,5000.0,South,Karnataka,Bengaluru,Debit Card
ORD103797,2025-10-25,CUST1501,Karan Iyer,Smartphone,Electronics,1,32000.0,32000.0,27000,5000.0,South,Tamil Nadu,Chennai,UPI
ORD103798,2025-10-22,CUST1135,Pooja Deshmukh,External SSD,Storage,3,8500.0,25500.0,18600,6900.0,North,Rajasthan,Jaipur,Credit Card
ORD103799,2025-04-23,CUST1674,Ananya Joshi,Monitor,Electronics,2,18000.0,36000.0,27000,9000.0,West,Gujarat,Surat,UPI
ORD103800,2025-05-15,CUST1587,Aarav Mehta,Mouse,Accessories,1,1200.0,1200.0,700,500.0,West,Gujarat,Ahmedabad,Credit Card
ORD103801,2025-06-16,CUST1857,Ananya Patil,Keyboard,Accessories,2,2090.0,4180.0,2800,1380.0,West,Maharashtra,Nashik,Cash on Delivery
ORD103802,2025-05-19,CUST1644,Diya Singh,Mouse,Accessories,2,1140.0,2280.0,1400,880.0,South,Karnataka,Bengaluru,Debit Card
ORD103803,2025-03-30,CUST1508,Sahil Iyer,Webcam,Accessories,1,2800.0,2800.0,1700,1100.0,North,Rajasthan,Jaipur,Net Banking
ORD103804,2025-04-14,CUST1233,Pooja Yadav,Webcam,Accessories,3,2800.0,8400.0,5100,3300.0,East,Odisha,Bhubaneswar,Net Banking
ORD103805,2025-01-10,CUST1787,Ananya Reddy,Laptop,Electronics,1,65000.0,65000.0,52000,13000.0,West,Maharashtra,Mumbai,UPI
ORD103806,2025-01-02,CUST1648,Tanvi Mehta,Keyboard,Accessories,1,2200.0,2200.0,1400,800.0,East,Jharkhand,Ranchi,Credit Card
ORD103807,2025-11-25,CUST1299,Arjun Patil,Printer,Office Equipment,1,12500.0,12500.0,9800,2700.0,South,Kerala,Kochi,Net Banking
ORD103808,2025-03-03,CUST1948,Diya Nair,Tablet,Electronics,3,25200.0,75600.0,58500,17100.0,North,Rajasthan,Jaipur,Cash on Delivery
ORD103809,2025-04-05,CUST1272,Priya Deshmukh,Smartphone,Electronics,3,32000.0,96000.0,81000,15000.0,South,Tamil Nadu,Chennai,Cash on Delivery
ORD103810,2025-11-16,CUST1778,Meera Reddy,Headphones,Accessories,1,3500.0,3500.0,2200,1300.0,West,Maharashtra,Mumbai,Credit Card
ORD103811,2025-10-27,CUST1882,Karan Chaudhary,Desk,Furniture,1,11400.0,11400.0,9000,2400.0,North,Rajasthan,Jaipur,Cash on Delivery
ORD103812,2025-12-28,CUST1966,Riya Shah,Smartphone,Electronics,2,30400.0,60800.0,54000,6800.0,West,Goa,Panaji,Cash on Delivery
ORD103813,2025-12-12,CUST1737,Neha Chaudhary,External SSD,Storage,1,8500.0,8500.0,6200,2300.0,South,Kerala,Kochi,Debit Card
ORD103814,2025-03-10,CUST1171,Diya Verma,External SSD,Storage,1,8500.0,8500.0,6200,2300.0,South,Karnataka,Bengaluru,Debit Card
ORD103815,2025-11-06,CUST1827,Meera Shah,Printer,Office Equipment,1,12500.0,12500.0,9800,2700.0,North,Delhi,New Delhi,Credit Card
ORD103816,2025-03-22,CUST1847,Rahul Nair,Webcam,Accessories,4,2800.0,11200.0,6800,4400.0,South,Tamil Nadu,Chennai,Credit Card
ORD103817,2025-11-10,CUST1756,Aditya Sharma,Webcam,Accessories,1,2800.0,2800.0,1700,1100.0,South,Karnataka,Bengaluru,Credit Card
ORD103818,2025-08-17,CUST1431,Pooja Iyer,Printer,Office Equipment,1,13125.0,13125.0,9800,3325.0,South,Karnataka,Bengaluru,UPI
ORD103819,2025-05-22,CUST1540,Diya Yadav,Mouse,Accessories,2,1200.0,2400.0,1400,1000.0,South,Karnataka,Bengaluru,UPI
ORD103820,2025-09-11,CUST1106,Tanvi Sharma,Headphones,Accessories,2,3325.0,6650.0,4400,2250.0,East,West Bengal,Kolkata,Debit Card
ORD103821,2025-10-24,CUST1675,Riya Kulkarni,External SSD,Storage,2,8925.0,17850.0,12400,5450.0,West,Maharashtra,Mumbai,Credit Card
ORD103822,2025-12-19,CUST1736,Meera Gupta,Office Chair,Furniture,2,9500.0,19000.0,14000,5000.0,North,Uttar Pradesh,Noida,Net Banking
ORD103823,2025-05-14,CUST1711,Ishaan Kulkarni,Tablet,Electronics,4,25200.0,100800.0,78000,22800.0,South,Tamil Nadu,Chennai,Credit Card
ORD103824,2025-10-08,CUST1969,Diya Verma,External SSD,Storage,1,8500.0,8500.0,6200,2300.0,West,Maharashtra,Nashik,Net Banking
ORD103825,2025-03-19,CUST1552,Aditya Verma,Smartphone,Electronics,1,30400.0,30400.0,27000,3400.0,North,Rajasthan,Jaipur,Cash on Delivery
ORD103826,2025-11-18,CUST1341,Arjun Deshmukh,Webcam,Accessories,1,2800.0,2800.0,1700,1100.0,North,Punjab,Ludhiana,Credit Card
ORD103827,2025-07-26,CUST1398,Rohan Shah,Desk,Furniture,4,12000.0,48000.0,36000,12000.0,South,Kerala,Kochi,Credit Card
ORD103828,2025-11-06,CUST1816,Nisha Joshi,Laptop,Electronics,1,65000.0,65000.0,52000,13000.0,South,Telangana,Hyderabad,Debit Card
ORD103829,2025-10-31,CUST1651,Sneha Kulkarni,External SSD,Storage,1,8925.0,8925.0,6200,2725.0,West,Maharashtra,Pune,Debit Card
ORD103830,2025-04-16,CUST1596,Meera Singh,Keyboard,Accessories,3,2200.0,6600.0,4200,2400.0,South,Telangana,Hyderabad,UPI
ORD103831,2025-06-17,CUST1759,Ananya Sharma,Smartphone,Electronics,1,32000.0,32000.0,27000,5000.0,North,Haryana,Gurugram,Cash on Delivery
ORD103832,2025-06-17,CUST1236,Riya Deshmukh,Webcam,Accessories,1,2800.0,2800.0,1700,1100.0,West,Goa,Panaji,Net Banking
ORD103833,2025-03-30,CUST1392,Aarav Patil,Laptop,Electronics,2,65000.0,130000.0,104000,26000.0,North,Uttar Pradesh,Noida,Credit Card
ORD103834,2025-06-26,CUST1533,Tanvi Nair,Smartphone,Electronics,3,32000.0,96000.0,81000,15000.0,West,Gujarat,Ahmedabad,UPI
ORD103835,2025-12-08,CUST1233,Neha Joshi,Mouse,Accessories,1,1200.0,1200.0,700,500.0,South,Kerala,Kochi,Debit Card
ORD103836,2025-07-07,CUST1294,Karan Deshmukh,Webcam,Accessories,1,2940.0,2940.0,1700,1240.0,North,Punjab,Ludhiana,Net Banking
ORD103837,2025-09-29,CUST1235,Pooja Shah,Tablet,Electronics,1,24000.0,24000.0,19500,4500.0,South,Karnataka,Bengaluru,Credit Card
ORD103838,2025-08-02,CUST1829,Tanvi Sharma,Desk,Furniture,1,12000.0,12000.0,9000,3000.0,West,Maharashtra,Mumbai,Cash on Delivery
ORD103839,2025-03-22,CUST1598,Aarav Iyer,Webcam,Accessories,1,2800.0,2800.0,1700,1100.0,West,Gujarat,Ahmedabad,Net Banking
ORD103840,2025-06-07,CUST1379,Pooja Sharma,Smartphone,Electronics,1,32000.0,32000.0,27000,5000.0,West,Gujarat,Surat,Credit Card
ORD103841,2025-02-28,CUST1597,Aarav Patil,Tablet,Electronics,1,25200.0,25200.0,19500,5700.0,West,Gujarat,Ahmedabad,Credit Card
ORD103842,2025-09-10,CUST1406,Meera Reddy,Webcam,Accessories,3,2800.0,8400.0,5100,3300.0,East,West Bengal,Kolkata,UPI
ORD103843,2025-08-18,CUST1369,Sahil Reddy,Tablet,Electronics,2,24000.0,48000.0,39000,9000.0,South,Telangana,Hyderabad,Credit Card
ORD103844,2025-08-26,CUST1395,Sneha Iyer,Mouse,Accessories,1,1200.0,1200.0,700,500.0,South,Tamil Nadu,Chennai,Debit Card
ORD103845,2025-11-01,CUST1997,Vikram Verma,Webcam,Accessories,3,2800.0,8400.0,5100,3300.0,West,Goa,Panaji,Debit Card
ORD103846,2025-06-17,CUST1686,Tanvi Shah,External SSD,Storage,2,8500.0,17000.0,12400,4600.0,West,Maharashtra,Pune,Debit Card
ORD103847,2025-06-27,CUST1792,Karan Iyer,Monitor,Electronics,1,18000.0,18000.0,13500,4500.0,West,Gujarat,Surat,Cash on Delivery
ORD103848,2025-06-05,CUST1141,Meera Verma,Tablet,Electronics,2,24000.0,48000.0,39000,9000.0,East,Assam,Guwahati,Cash on Delivery
ORD103849,2025-11-13,CUST1070,Karan Gupta,Office Chair,Furniture,2,9025.0,18050.0,14000,4050.0,North,Haryana,Gurugram,Credit Card
ORD103850,2025-03-08,CUST1574,Rahul Verma,Laptop,Electronics,4,65000.0,260000.0,208000,52000.0,West,Maharashtra,Nashik,Debit Card
ORD103851,2025-03-21,CUST1733,Meera Deshmukh,Webcam,Accessories,1,2940.0,2940.0,1700,1240.0,North,Punjab,Ludhiana,Debit Card
ORD103852,2025-08-18,CUST1078,Karan Chaudhary,Tablet,Electronics,1,24000.0,24000.0,19500,4500.0,South,Karnataka,Bengaluru,Net Banking
ORD103853,2025-09-22,CUST1569,Kavya Nair,Mouse,Accessories,5,1200.0,6000.0,3500,2500.0,South,Karnataka,Bengaluru,Debit Card
ORD103854,2025-09-05,CUST1320,Vikram Joshi,Printer,Office Equipment,3,12500.0,37500.0,29400,8100.0,West,Maharashtra,Pune,Debit Card
ORD103855,2025-11-21,CUST1886,Pooja Joshi,Mouse,Accessories,3,1200.0,3600.0,2100,1500.0,North,Haryana,Gurugram,UPI
ORD103856,2025-06-15,CUST1603,Pooja Nair,External SSD,Storage,1,8500.0,8500.0,6200,2300.0,East,Bihar,Patna,UPI
ORD103857,2025-11-11,CUST1227,Neha Sharma,Webcam,Accessories,2,2800.0,5600.0,3400,2200.0,South,Andhra Pradesh,Vijayawada,Net Banking
ORD103858,2025-07-21,CUST1679,Aarav Chaudhary,Monitor,Electronics,4,18000.0,72000.0,54000,18000.0,South,Karnataka,Bengaluru,Credit Card
ORD103859,2025-01-31,CUST1939,Ananya Patil,Printer,Office Equipment,1,12500.0,12500.0,9800,2700.0,West,Maharashtra,Pune,UPI
ORD103860,2025-07-09,CUST1477,Kavya Chaudhary,Headphones,Accessories,2,3500.0,7000.0,4400,2600.0,West,Goa,Panaji,Credit Card
ORD103861,2025-11-25,CUST1842,Rahul Gupta,Printer,Office Equipment,1,11875.0,11875.0,9800,2075.0,West,Goa,Panaji,Cash on Delivery
ORD103862,2025-04-30,CUST1864,Sneha Joshi,Desk,Furniture,2,12000.0,24000.0,18000,6000.0,North,Rajasthan,Jaipur,UPI
ORD103863,2025-11-04,CUST1727,Priya Patil,Printer,Office Equipment,5,12500.0,62500.0,49000,13500.0,North,Punjab,Ludhiana,Debit Card
ORD103864,2025-02-28,CUST1416,Rohan Gupta,Webcam,Accessories,1,2800.0,2800.0,1700,1100.0,North,Rajasthan,Jaipur,Debit Card
ORD103865,2025-06-03,CUST1106,Neha Nair,Smartphone,Electronics,1,32000.0,32000.0,27000,5000.0,West,Maharashtra,Pune,Credit Card
ORD103866,2025-08-03,CUST1350,Aditya Joshi,Mouse,Accessories,1,1200.0,1200.0,700,500.0,West,Gujarat,Surat,Net Banking
ORD103867,2025-06-21,CUST1074,Rohan Reddy,Mouse,Accessories,4,1200.0,4800.0,2800,2000.0,South,Andhra Pradesh,Vijayawada,Credit Card
ORD103868,2025-05-16,CUST1307,Kavya Gupta,Headphones,Accessories,4,3500.0,14000.0,8800,5200.0,South,Karnataka,Bengaluru,Cash on Delivery
ORD103869,2025-05-12,CUST1912,Rahul Chaudhary,Office Chair,Furniture,2,9500.0,19000.0,14000,5000.0,West,Gujarat,Surat,Debit Card
ORD103870,2025-05-19,CUST1188,Pooja Patil,Keyboard,Accessories,2,2090.0,4180.0,2800,1380.0,South,Andhra Pradesh,Vijayawada,Net Banking
ORD103871,2025-02-17,CUST1872,Riya Reddy,Laptop,Electronics,4,65000.0,260000.0,208000,52000.0,South,Andhra Pradesh,Vijayawada,Debit Card
ORD103872,2025-12-11,CUST1661,Diya Joshi,External SSD,Storage,1,8500.0,8500.0,6200,2300.0,North,Delhi,New Delhi,Credit Card
ORD103873,2025-12-18,CUST1693,Diya Iyer,Office Chair,Furniture,4,9975.0,39900.0,28000,11900.0,West,Maharashtra,Mumbai,UPI
ORD103874,2025-10-09,CUST1098,Aarav Gupta,Smartphone,Electronics,1,32000.0,32000.0,27000,5000.0,West,Maharashtra,Mumbai,UPI
ORD103875,2025-02-23,CUST1640,Diya Singh,External SSD,Storage,2,8500.0,17000.0,12400,4600.0,West,Maharashtra,Nashik,Credit Card
ORD103876,2025-04-25,CUST1632,Rahul Deshmukh,Webcam,Accessories,1,2800.0,2800.0,1700,1100.0,West,Gujarat,Ahmedabad,UPI
ORD103877,2025-03-07,CUST1191,Riya Joshi,Monitor,Electronics,1,18000.0,18000.0,13500,4500.0,West,Goa,Panaji,Debit Card
ORD103878,2025-01-20,CUST1531,Nisha Kulkarni,Tablet,Electronics,1,24000.0,24000.0,19500,4500.0,West,Maharashtra,Nashik,UPI
ORD103879,2025-05-15,CUST1167,Arjun Joshi,External SSD,Storage,1,8500.0,8500.0,6200,2300.0,West,Gujarat,Surat,UPI
ORD103880,2025-02-16,CUST1915,Rohan Mehta,Printer,Office Equipment,2,12500.0,25000.0,19600,5400.0,North,Uttar Pradesh,Noida,UPI
ORD103881,2025-03-19,CUST1568,Tanvi Nair,Headphones,Accessories,1,3500.0,3500.0,2200,1300.0,South,Andhra Pradesh,Vijayawada,Credit Card
ORD103882,2025-07-25,CUST1583,Arjun Nair,Laptop,Electronics,1,65000.0,65000.0,52000,13000.0,West,Maharashtra,Nashik,Credit Card
ORD103883,2025-06-07,CUST1340,Meera Kulkarni,Monitor,Electronics,1,17100.0,17100.0,13500,3600.0,North,Delhi,New Delhi,Net Banking
ORD103884,2025-11-05,CUST1197,Arjun Deshmukh,Headphones,Accessories,3,3325.0,9975.0,6600,3375.0,South,Karnataka,Bengaluru,UPI
ORD103885,2025-12-09,CUST1936,Meera Kulkarni,Monitor,Electronics,5,18000.0,90000.0,67500,22500.0,South,Karnataka,Bengaluru,Credit Card
ORD103886,2025-11-12,CUST1679,Nisha Yadav,Printer,Office Equipment,2,12500.0,25000.0,19600,5400.0,West,Gujarat,Ahmedabad,Credit Card
ORD103887,2025-04-19,CUST1973,Ananya Verma,Desk,Furniture,5,12600.0,63000.0,45000,18000.0,West,Maharashtra,Pune,Debit Card
ORD103888,2025-02-12,CUST1538,Ishaan Kulkarni,Webcam,Accessories,2,2800.0,5600.0,3400,2200.0,South,Kerala,Kochi,Debit Card
ORD103889,2025-06-27,CUST1412,Sahil Joshi,Printer,Office Equipment,1,13125.0,13125.0,9800,3325.0,North,Rajasthan,Jaipur,UPI
ORD103890,2025-09-29,CUST1647,Riya Mehta,Monitor,Electronics,1,18000.0,18000.0,13500,4500.0,North,Haryana,Gurugram,Debit Card
ORD103891,2025-04-26,CUST1512,Vikram Kulkarni,Office Chair,Furniture,1,9500.0,9500.0,7000,2500.0,West,Maharashtra,Nashik,Cash on Delivery
ORD103892,2025-10-11,CUST1380,Diya Mehta,Monitor,Electronics,1,18000.0,18000.0,13500,4500.0,West,Maharashtra,Pune,Net Banking
ORD103893,2025-05-23,CUST1624,Priya Iyer,Laptop,Electronics,1,68250.0,68250.0,52000,16250.0,North,Delhi,New Delhi,Debit Card
ORD103894,2025-12-25,CUST1962,Rohan Deshmukh,Printer,Office Equipment,1,12500.0,12500.0,9800,2700.0,North,Rajasthan,Jaipur,UPI
ORD103895,2025-06-10,CUST1995,Aditya Mehta,Tablet,Electronics,1,25200.0,25200.0,19500,5700.0,North,Uttar Pradesh,Noida,UPI
ORD103896,2025-04-10,CUST1526,Neha Chaudhary,Office Chair,Furniture,1,9500.0,9500.0,7000,2500.0,South,Karnataka,Bengaluru,UPI
ORD103897,2025-10-17,CUST1107,Rohan Nair,Webcam,Accessories,1,2800.0,2800.0,1700,1100.0,East,Odisha,Bhubaneswar,Credit Card
ORD103898,2025-07-10,CUST1694,Kavya Kulkarni,Tablet,Electronics,4,25200.0,100800.0,78000,22800.0,West,Gujarat,Surat,UPI
ORD103899,2025-07-01,CUST1756,Rohan Shah,Monitor,Electronics,3,18000.0,54000.0,40500,13500.0,South,Tamil Nadu,Chennai,Debit Card
ORD103900,2025-11-17,CUST1216,Tanvi Nair,Office Chair,Furniture,2,9500.0,19000.0,14000,5000.0,West,Goa,Panaji,Cash on Delivery
ORD103901,2025-09-13,CUST1677,Ishaan Iyer,Smartphone,Electronics,1,32000.0,32000.0,27000,5000.0,North,Haryana,Gurugram,UPI
ORD103902,2025-05-28,CUST1206,Sneha Singh,Desk,Furniture,1,12000.0,12000.0,9000,3000.0,West,Gujarat,Ahmedabad,Cash on Delivery
ORD103903,2025-02-14,CUST1820,Karan Mehta,Smartphone,Electronics,3,32000.0,96000.0,81000,15000.0,South,Telangana,Hyderabad,Net Banking
ORD103904,2025-10-28,CUST1126,Karan Yadav,Printer,Office Equipment,2,12500.0,25000.0,19600,5400.0,South,Karnataka,Bengaluru,UPI
ORD103905,2025-10-18,CUST1786,Diya Chaudhary,Keyboard,Accessories,1,2200.0,2200.0,1400,800.0,West,Gujarat,Ahmedabad,Credit Card
ORD103906,2025-12-13,CUST1361,Ananya Mehta,Keyboard,Accessories,2,2200.0,4400.0,2800,1600.0,South,Andhra Pradesh,Vijayawada,Debit Card
ORD103907,2025-11-21,CUST1787,Pooja Deshmukh,Mouse,Accessories,3,1200.0,3600.0,2100,1500.0,South,Karnataka,Bengaluru,Cash on Delivery
ORD103908,2025-03-09,CUST1152,Aarav Yadav,Monitor,Electronics,1,17100.0,17100.0,13500,3600.0,West,Gujarat,Ahmedabad,Net Banking
ORD103909,2025-06-24,CUST1259,Rohan Iyer,External SSD,Storage,4,8500.0,34000.0,24800,9200.0,South,Kerala,Kochi,Debit Card
ORD103910,2025-07-22,CUST1917,Ananya Sharma,Desk,Furniture,3,12000.0,36000.0,27000,9000.0,North,Haryana,Gurugram,Debit Card
ORD103911,2025-10-25,CUST1255,Ananya Yadav,Headphones,Accessories,3,3675.0,11025.0,6600,4425.0,West,Goa,Panaji,Cash on Delivery
ORD103912,2025-12-02,CUST1455,Neha Yadav,Printer,Office Equipment,3,11875.0,35625.0,29400,6225.0,South,Kerala,Kochi,Net Banking
ORD103913,2025-02-03,CUST1990,Ananya Shah,External SSD,Storage,1,8500.0,8500.0,6200,2300.0,South,Tamil Nadu,Chennai,Credit Card
ORD103914,2025-10-02,CUST1106,Vikram Kulkarni,Office Chair,Furniture,1,9500.0,9500.0,7000,2500.0,West,Maharashtra,Nashik,UPI
ORD103915,2025-04-23,CUST1630,Meera Patil,Webcam,Accessories,1,2800.0,2800.0,1700,1100.0,West,Gujarat,Ahmedabad,Net Banking
ORD103916,2025-10-24,CUST1230,Vikram Gupta,Laptop,Electronics,2,65000.0,130000.0,104000,26000.0,North,Punjab,Ludhiana,Credit Card
ORD103917,2025-01-16,CUST1134,Ananya Reddy,Webcam,Accessories,1,2800.0,2800.0,1700,1100.0,East,West Bengal,Kolkata,Cash on Delivery
ORD103918,2025-04-09,CUST1242,Tanvi Reddy,Printer,Office Equipment,1,12500.0,12500.0,9800,2700.0,West,Goa,Panaji,Net Banking
ORD103919,2025-04-27,CUST1954,Sneha Gupta,Laptop,Electronics,1,68250.0,68250.0,52000,16250.0,South,Andhra Pradesh,Vijayawada,Debit Card
ORD103920,2025-03-12,CUST1828,Sahil Chaudhary,Smartphone,Electronics,1,32000.0,32000.0,27000,5000.0,West,Gujarat,Surat,Net Banking
ORD103921,2025-06-14,CUST1521,Ananya Nair,Office Chair,Furniture,2,9500.0,19000.0,14000,5000.0,West,Gujarat,Surat,Net Banking
ORD103922,2025-12-17,CUST1429,Arjun Nair,Tablet,Electronics,1,24000.0,24000.0,19500,4500.0,South,Karnataka,Bengaluru,Credit Card
ORD103923,2025-08-09,CUST1902,Riya Joshi,Monitor,Electronics,3,18000.0,54000.0,40500,13500.0,North,Haryana,Gurugram,Credit Card
ORD103924,2025-02-08,CUST1816,Vikram Joshi,Keyboard,Accessories,1,2310.0,2310.0,1400,910.0,West,Gujarat,Ahmedabad,Net Banking
ORD103925,2025-11-18,CUST1707,Sahil Joshi,Monitor,Electronics,2,18900.0,37800.0,27000,10800.0,West,Gujarat,Ahmedabad,Credit Card
ORD103926,2025-05-16,CUST1738,Ishaan Patil,Tablet,Electronics,3,24000.0,72000.0,58500,13500.0,North,Uttar Pradesh,Noida,Debit Card
ORD103927,2025-02-19,CUST1704,Priya Mehta,Smartphone,Electronics,1,32000.0,32000.0,27000,5000.0,North,Haryana,Gurugram,Cash on Delivery
ORD103928,2025-06-25,CUST1118,Nisha Shah,Webcam,Accessories,1,2940.0,2940.0,1700,1240.0,West,Maharashtra,Mumbai,Net Banking
ORD103929,2025-07-18,CUST1320,Priya Mehta,Desk,Furniture,2,11400.0,22800.0,18000,4800.0,North,Delhi,New Delhi,UPI
ORD103930,2025-09-22,CUST1122,Priya Reddy,Laptop,Electronics,1,65000.0,65000.0,52000,13000.0,West,Goa,Panaji,Debit Card
ORD103931,2025-09-14,CUST1933,Rahul Yadav,External SSD,Storage,1,8500.0,8500.0,6200,2300.0,North,Delhi,New Delhi,UPI
ORD103932,2025-10-22,CUST1603,Priya Kulkarni,Tablet,Electronics,2,24000.0,48000.0,39000,9000.0,East,Jharkhand,Ranchi,Credit Card
ORD103933,2025-09-15,CUST1072,Ishaan Sharma,External SSD,Storage,3,8500.0,25500.0,18600,6900.0,North,Delhi,New Delhi,Cash on Delivery
ORD103934,2025-08-02,CUST1407,Aarav Iyer,Keyboard,Accessories,3,2090.0,6270.0,4200,2070.0,South,Tamil Nadu,Chennai,Debit Card
ORD103935,2025-05-04,CUST1825,Sahil Singh,Office Chair,Furniture,1,9500.0,9500.0,7000,2500.0,South,Telangana,Hyderabad,Debit Card
ORD103936,2025-09-09,CUST1476,Meera Mehta,Laptop,Electronics,4,65000.0,260000.0,208000,52000.0,South,Telangana,Hyderabad,Net Banking
ORD103937,2025-09-30,CUST1519,Arjun Singh,Tablet,Electronics,3,24000.0,72000.0,58500,13500.0,North,Delhi,New Delhi,Cash on Delivery
ORD103938,2025-10-22,CUST1056,Rahul Patil,External SSD,Storage,2,8500.0,17000.0,12400,4600.0,West,Goa,Panaji,Credit Card
ORD103939,2025-07-21,CUST1139,Rahul Deshmukh,Webcam,Accessories,2,2800.0,5600.0,3400,2200.0,West,Maharashtra,Mumbai,Net Banking
ORD103940,2025-03-14,CUST1485,Riya Sharma,Printer,Office Equipment,1,11875.0,11875.0,9800,2075.0,South,Tamil Nadu,Chennai,Credit Card
ORD103941,2025-06-09,CUST1940,Neha Reddy,Desk,Furniture,1,11400.0,11400.0,9000,2400.0,West,Maharashtra,Pune,Debit Card
ORD103942,2025-11-15,CUST1955,Karan Deshmukh,Headphones,Accessories,1,3500.0,3500.0,2200,1300.0,East,Jharkhand,Ranchi,Cash on Delivery
ORD103943,2025-07-20,CUST1555,Priya Yadav,Printer,Office Equipment,5,13125.0,65625.0,49000,16625.0,West,Maharashtra,Mumbai,Net Banking
ORD103944,2025-12-12,CUST1222,Karan Yadav,Desk,Furniture,2,12000.0,24000.0,18000,6000.0,North,Punjab,Ludhiana,Debit Card
ORD103945,2025-12-27,CUST1860,Arjun Mehta,Office Chair,Furniture,3,9975.0,29925.0,21000,8925.0,South,Telangana,Hyderabad,Credit Card
ORD103946,2025-12-15,CUST1812,Sneha Singh,Printer,Office Equipment,2,12500.0,25000.0,19600,5400.0,West,Maharashtra,Nashik,Credit Card
ORD103947,2025-06-29,CUST1564,Pooja Gupta,Monitor,Electronics,4,18000.0,72000.0,54000,18000.0,East,West Bengal,Kolkata,Credit Card
ORD103948,2025-07-01,CUST1276,Aditya Chaudhary,Desk,Furniture,2,12000.0,24000.0,18000,6000.0,South,Kerala,Kochi,Credit Card
ORD103949,2025-01-19,CUST1771,Meera Deshmukh,External SSD,Storage,2,8500.0,17000.0,12400,4600.0,West,Maharashtra,Nashik,Debit Card
ORD103950,2025-06-20,CUST1612,Nisha Gupta,Monitor,Electronics,1,18000.0,18000.0,13500,4500.0,South,Tamil Nadu,Chennai,UPI
ORD103951,2025-04-18,CUST1366,Neha Shah,External SSD,Storage,3,8500.0,25500.0,18600,6900.0,South,Kerala,Kochi,Net Banking
ORD103952,2025-01-26,CUST1731,Priya Shah,Tablet,Electronics,1,22800.0,22800.0,19500,3300.0,North,Rajasthan,Jaipur,Debit Card
ORD103953,2025-12-02,CUST1003,Sneha Shah,Monitor,Electronics,1,18000.0,18000.0,13500,4500.0,West,Maharashtra,Pune,UPI
ORD103954,2025-12-07,CUST1630,Riya Iyer,Smartphone,Electronics,3,32000.0,96000.0,81000,15000.0,North,Haryana,Gurugram,UPI
ORD103955,2025-09-01,CUST1685,Riya Sharma,Keyboard,Accessories,1,2200.0,2200.0,1400,800.0,South,Karnataka,Bengaluru,UPI
ORD103956,2025-06-19,CUST1733,Riya Nair,Keyboard,Accessories,2,2200.0,4400.0,2800,1600.0,West,Maharashtra,Pune,Net Banking
ORD103957,2025-12-23,CUST1681,Nisha Verma,External SSD,Storage,3,8500.0,25500.0,18600,6900.0,West,Goa,Panaji,UPI
ORD103958,2025-08-07,CUST1081,Rohan Yadav,Headphones,Accessories,1,3500.0,3500.0,2200,1300.0,West,Maharashtra,Nashik,Credit Card
ORD103959,2025-02-25,CUST1325,Diya Sharma,Headphones,Accessories,2,3325.0,6650.0,4400,2250.0,West,Goa,Panaji,UPI
ORD103960,2025-02-01,CUST1155,Diya Kulkarni,Office Chair,Furniture,2,9500.0,19000.0,14000,5000.0,West,Maharashtra,Pune,Credit Card
ORD103961,2025-10-13,CUST1240,Nisha Joshi,Desk,Furniture,2,12000.0,24000.0,18000,6000.0,North,Haryana,Gurugram,Credit Card
ORD103962,2025-09-08,CUST1516,Rohan Shah,Smartphone,Electronics,2,33600.0,67200.0,54000,13200.0,West,Goa,Panaji,Cash on Delivery
ORD103963,2025-02-11,CUST1764,Meera Kulkarni,Mouse,Accessories,2,1200.0,2400.0,1400,1000.0,South,Kerala,Kochi,Credit Card
ORD103964,2025-10-07,CUST1046,Meera Singh,Webcam,Accessories,2,2800.0,5600.0,3400,2200.0,South,Tamil Nadu,Chennai,Debit Card
ORD103965,2025-08-19,CUST1648,Rahul Gupta,Tablet,Electronics,2,24000.0,48000.0,39000,9000.0,East,Jharkhand,Ranchi,Credit Card
ORD103966,2025-08-28,CUST1353,Kavya Yadav,Tablet,Electronics,1,22800.0,22800.0,19500,3300.0,North,Punjab,Ludhiana,Debit Card
ORD103967,2025-10-12,CUST1848,Sneha Nair,Desk,Furniture,1,12000.0,12000.0,9000,3000.0,West,Gujarat,Surat,Cash on Delivery
ORD103968,2025-04-21,CUST1769,Kavya Kulkarni,Office Chair,Furniture,1,9975.0,9975.0,7000,2975.0,West,Gujarat,Surat,Net Banking
ORD103969,2025-04-20,CUST1505,Arjun Chaudhary,Keyboard,Accessories,2,2200.0,4400.0,2800,1600.0,West,Goa,Panaji,Cash on Delivery
ORD103970,2025-04-21,CUST1922,Diya Nair,Printer,Office Equipment,1,12500.0,12500.0,9800,2700.0,South,Andhra Pradesh,Vijayawada,UPI
ORD103971,2025-08-23,CUST1856,Riya Yadav,Webcam,Accessories,3,2800.0,8400.0,5100,3300.0,West,Maharashtra,Nashik,UPI
ORD103972,2025-06-02,CUST1804,Sahil Chaudhary,Monitor,Electronics,1,18000.0,18000.0,13500,4500.0,West,Maharashtra,Mumbai,Debit Card
ORD103973,2025-05-21,CUST1340,Ishaan Patil,Office Chair,Furniture,2,9500.0,19000.0,14000,5000.0,North,Punjab,Ludhiana,Cash on Delivery
ORD103974,2025-12-15,CUST1872,Aditya Sharma,External SSD,Storage,2,8500.0,17000.0,12400,4600.0,North,Delhi,New Delhi,Net Banking
ORD103975,2025-04-30,CUST1927,Ananya Sharma,Monitor,Electronics,1,18900.0,18900.0,13500,5400.0,South,Karnataka,Bengaluru,Cash on Delivery
ORD103976,2025-03-19,CUST1471,Tanvi Shah,Webcam,Accessories,1,2660.0,2660.0,1700,960.0,West,Gujarat,Surat,Debit Card
ORD103977,2025-11-30,CUST1514,Neha Mehta,Webcam,Accessories,1,2800.0,2800.0,1700,1100.0,South,Andhra Pradesh,Vijayawada,UPI
ORD103978,2025-10-02,CUST1774,Ishaan Sharma,Tablet,Electronics,3,24000.0,72000.0,58500,13500.0,North,Uttar Pradesh,Noida,UPI
ORD103979,2025-01-23,CUST1680,Vikram Sharma,Keyboard,Accessories,3,2200.0,6600.0,4200,2400.0,South,Kerala,Kochi,Net Banking
ORD103980,2025-09-29,CUST1868,Sahil Reddy,Webcam,Accessories,1,2800.0,2800.0,1700,1100.0,West,Maharashtra,Mumbai,Net Banking
ORD103981,2025-06-08,CUST1044,Arjun Sharma,Office Chair,Furniture,1,9500.0,9500.0,7000,2500.0,South,Telangana,Hyderabad,Debit Card
ORD103982,2025-11-23,CUST1513,Meera Singh,Monitor,Electronics,1,18000.0,18000.0,13500,4500.0,East,West Bengal,Kolkata,Credit Card
ORD103983,2025-06-04,CUST1790,Priya Yadav,Webcam,Accessories,1,2940.0,2940.0,1700,1240.0,North,Haryana,Gurugram,Debit Card
ORD103984,2025-10-03,CUST1846,Ishaan Gupta,Monitor,Electronics,1,18000.0,18000.0,13500,4500.0,West,Maharashtra,Pune,Cash on Delivery
ORD103985,2025-06-21,CUST1845,Vikram Singh,Desk,Furniture,1,12000.0,12000.0,9000,3000.0,West,Gujarat,Ahmedabad,Credit Card
ORD103986,2025-07-21,CUST1150,Arjun Kulkarni,Office Chair,Furniture,1,9500.0,9500.0,7000,2500.0,South,Tamil Nadu,Chennai,Cash on Delivery
ORD103987,2025-12-08,CUST1403,Tanvi Shah,Printer,Office Equipment,2,12500.0,25000.0,19600,5400.0,North,Rajasthan,Jaipur,Net Banking
ORD103988,2025-12-09,CUST1100,Nisha Kulkarni,Desk,Furniture,4,12000.0,48000.0,36000,12000.0,North,Rajasthan,Jaipur,Credit Card
ORD103989,2025-12-25,CUST1831,Rohan Singh,External SSD,Storage,2,8500.0,17000.0,12400,4600.0,North,Rajasthan,Jaipur,Credit Card
ORD103990,2025-12-12,CUST1529,Vikram Joshi,Desk,Furniture,4,12600.0,50400.0,36000,14400.0,East,West Bengal,Kolkata,Debit Card
ORD103991,2025-03-13,CUST1176,Riya Shah,Desk,Furniture,1,11400.0,11400.0,9000,2400.0,North,Rajasthan,Jaipur,Debit Card
ORD103992,2025-09-25,CUST1427,Diya Deshmukh,Monitor,Electronics,1,18000.0,18000.0,13500,4500.0,West,Maharashtra,Mumbai,Net Banking
ORD103993,2025-01-21,CUST1425,Diya Nair,Headphones,Accessories,1,3500.0,3500.0,2200,1300.0,South,Kerala,Kochi,Debit Card
ORD103994,2025-12-16,CUST1835,Diya Reddy,External SSD,Storage,1,8500.0,8500.0,6200,2300.0,West,Gujarat,Ahmedabad,Cash on Delivery
ORD103995,2025-05-07,CUST1012,Riya Mehta,Laptop,Electronics,3,65000.0,195000.0,156000,39000.0,East,Odisha,Bhubaneswar,Debit Card
ORD103996,2025-11-07,CUST1722,Kavya Singh,Headphones,Accessories,1,3500.0,3500.0,2200,1300.0,North,Delhi,New Delhi,Credit Card
ORD103997,2025-09-27,CUST1555,Rahul Sharma,Office Chair,Furniture,1,9500.0,9500.0,7000,2500.0,West,Maharashtra,Mumbai,Credit Card
ORD103998,2025-07-30,CUST1498,Tanvi Mehta,Office Chair,Furniture,3,9500.0,28500.0,21000,7500.0,East,Bihar,Patna,Net Banking
ORD103999,2025-01-23,CUST1621,Priya Kulkarni,Smartphone,Electronics,2,30400.0,60800.0,54000,6800.0,South,Telangana,Hyderabad,Credit Card
ORD104000,2025-10-07,CUST1855,Riya Patil,Monitor,Electronics,5,18000.0,90000.0,67500,22500.0,East,Assam,Guwahati,Credit Card
ORD104001,2025-09-03,CUST1450,Priya Chaudhary,Mouse,Accessories,4,1200.0,4800.0,2800,2000.0,North,Punjab,Ludhiana,UPI
ORD104002,2025-01-28,CUST1095,Riya Patil,External SSD,Storage,1,8500.0,8500.0,6200,2300.0,South,Karnataka,Bengaluru,Debit Card
ORD104003,2025-01-27,CUST1332,Sahil Patil,Laptop,Electronics,1,65000.0,65000.0,52000,13000.0,South,Karnataka,Bengaluru,UPI
ORD104004,2025-01-19,CUST1668,Ishaan Verma,External SSD,Storage,1,8075.0,8075.0,6200,1875.0,West,Maharashtra,Mumbai,Net Banking
ORD104005,2025-09-23,CUST1126,Diya Yadav,Office Chair,Furniture,2,9025.0,18050.0,14000,4050.0,West,Goa,Panaji,Net Banking
ORD104006,2025-01-09,CUST1228,Diya Nair,External SSD,Storage,4,8500.0,34000.0,24800,9200.0,West,Gujarat,Ahmedabad,Credit Card
ORD104007,2025-01-10,CUST1938,Rohan Mehta,Keyboard,Accessories,3,2200.0,6600.0,4200,2400.0,South,Tamil Nadu,Chennai,UPI
ORD104008,2025-07-02,CUST1599,Tanvi Kulkarni,Office Chair,Furniture,2,9500.0,19000.0,14000,5000.0,North,Haryana,Gurugram,Credit Card
ORD104009,2025-02-26,CUST1247,Riya Nair,External SSD,Storage,3,8500.0,25500.0,18600,6900.0,North,Delhi,New Delhi,Cash on Delivery
ORD104010,2025-03-28,CUST1354,Vikram Shah,Tablet,Electronics,2,22800.0,45600.0,39000,6600.0,South,Kerala,Kochi,UPI
ORD104011,2025-03-06,CUST1318,Sahil Sharma,Office Chair,Furniture,1,9025.0,9025.0,7000,2025.0,West,Maharashtra,Mumbai,Cash on Delivery
ORD104012,2025-05-12,CUST1556,Priya Sharma,Keyboard,Accessories,2,2200.0,4400.0,2800,1600.0,North,Uttar Pradesh,Noida,UPI
ORD104013,2025-08-21,CUST1866,Nisha Gupta,Laptop,Electronics,3,68250.0,204750.0,156000,48750.0,South,Andhra Pradesh,Vijayawada,Net Banking
ORD104014,2025-05-08,CUST1770,Tanvi Deshmukh,Printer,Office Equipment,4,12500.0,50000.0,39200,10800.0,South,Andhra Pradesh,Vijayawada,Net Banking
ORD104015,2025-04-16,CUST1269,Ananya Nair,Tablet,Electronics,1,24000.0,24000.0,19500,4500.0,West,Gujarat,Surat,Cash on Delivery
ORD104016,2025-07-03,CUST1738,Diya Kulkarni,Monitor,Electronics,2,17100.0,34200.0,27000,7200.0,East,Jharkhand,Ranchi,UPI
ORD104017,2025-05-13,CUST1443,Nisha Patil,Desk,Furniture,3,12000.0,36000.0,27000,9000.0,North,Rajasthan,Jaipur,Net Banking
ORD104018,2025-11-15,CUST1384,Rohan Kulkarni,Office Chair,Furniture,1,9500.0,9500.0,7000,2500.0,East,Odisha,Bhubaneswar,Net Banking
ORD104019,2025-11-26,CUST1548,Sneha Chaudhary,Laptop,Electronics,1,65000.0,65000.0,52000,13000.0,North,Delhi,New Delhi,Net Banking
ORD104020,2025-02-26,CUST1854,Kavya Nair,Tablet,Electronics,5,24000.0,120000.0,97500,22500.0,South,Andhra Pradesh,Vijayawada,Debit Card
ORD104021,2025-05-06,CUST1219,Priya Yadav,Monitor,Electronics,2,18000.0,36000.0,27000,9000.0,South,Karnataka,Bengaluru,Credit Card
ORD104022,2025-09-26,CUST1363,Aditya Deshmukh,Webcam,Accessories,1,2800.0,2800.0,1700,1100.0,West,Maharashtra,Pune,Credit Card
ORD104023,2025-11-15,CUST1830,Neha Mehta,Headphones,Accessories,1,3500.0,3500.0,2200,1300.0,South,Karnataka,Bengaluru,Credit Card
ORD104024,2025-04-15,CUST1383,Aditya Deshmukh,Webcam,Accessories,2,2800.0,5600.0,3400,2200.0,East,Jharkhand,Ranchi,UPI
ORD104025,2025-06-19,CUST1580,Ananya Yadav,Keyboard,Accessories,1,2090.0,2090.0,1400,690.0,South,Kerala,Kochi,Credit Card
ORD104026,2025-10-30,CUST1404,Aditya Sharma,External SSD,Storage,2,8500.0,17000.0,12400,4600.0,North,Haryana,Gurugram,Credit Card
ORD104027,2025-11-07,CUST1142,Rohan Iyer,Office Chair,Furniture,4,9500.0,38000.0,28000,10000.0,West,Maharashtra,Pune,UPI
ORD104028,2025-08-27,CUST1756,Ishaan Kulkarni,Laptop,Electronics,1,65000.0,65000.0,52000,13000.0,East,Odisha,Bhubaneswar,UPI
ORD104029,2025-03-24,CUST1944,Aarav Mehta,External SSD,Storage,2,8500.0,17000.0,12400,4600.0,East,West Bengal,Kolkata,UPI
ORD104030,2025-04-13,CUST1816,Kavya Mehta,Laptop,Electronics,3,65000.0,195000.0,156000,39000.0,West,Goa,Panaji,Net Banking
ORD104031,2025-05-04,CUST1578,Karan Kulkarni,Mouse,Accessories,1,1200.0,1200.0,700,500.0,North,Punjab,Ludhiana,Cash on Delivery
ORD104032,2025-03-24,CUST1318,Riya Yadav,Webcam,Accessories,1,2800.0,2800.0,1700,1100.0,North,Uttar Pradesh,Noida,Cash on Delivery
ORD104033,2025-10-06,CUST1632,Aditya Reddy,Desk,Furniture,2,12000.0,24000.0,18000,6000.0,West,Maharashtra,Pune,Credit Card
ORD104034,2025-02-21,CUST1008,Arjun Sharma,Laptop,Electronics,1,65000.0,65000.0,52000,13000.0,South,Tamil Nadu,Chennai,Credit Card
ORD104035,2025-07-23,CUST1908,Kavya Gupta,Desk,Furniture,2,12000.0,24000.0,18000,6000.0,West,Maharashtra,Pune,Credit Card
ORD104036,2025-07-10,CUST1422,Vikram Verma,Webcam,Accessories,2,2800.0,5600.0,3400,2200.0,North,Punjab,Ludhiana,Debit Card
ORD104037,2025-03-30,CUST1702,Aditya Shah,Laptop,Electronics,3,61750.0,185250.0,156000,29250.0,West,Gujarat,Surat,Net Banking
ORD104038,2025-07-01,CUST1398,Aarav Patil,Laptop,Electronics,2,65000.0,130000.0,104000,26000.0,South,Kerala,Kochi,UPI
ORD104039,2025-11-05,CUST1414,Neha Nair,External SSD,Storage,1,8075.0,8075.0,6200,1875.0,West,Goa,Panaji,Net Banking
ORD104040,2025-09-14,CUST1637,Ananya Singh,Keyboard,Accessories,2,2310.0,4620.0,2800,1820.0,North,Punjab,Ludhiana,UPI
ORD104041,2025-11-29,CUST1281,Rahul Iyer,Keyboard,Accessories,4,2090.0,8360.0,5600,2760.0,West,Goa,Panaji,Net Banking
ORD104042,2025-09-05,CUST1852,Ishaan Sharma,Laptop,Electronics,3,65000.0,195000.0,156000,39000.0,West,Gujarat,Surat,Cash on Delivery
ORD104043,2025-03-07,CUST1060,Meera Nair,Tablet,Electronics,2,24000.0,48000.0,39000,9000.0,West,Maharashtra,Pune,Debit Card
ORD104044,2025-04-07,CUST1766,Arjun Joshi,Office Chair,Furniture,1,9500.0,9500.0,7000,2500.0,North,Rajasthan,Jaipur,Credit Card
ORD104045,2025-05-21,CUST1647,Diya Mehta,Tablet,Electronics,4,24000.0,96000.0,78000,18000.0,East,Assam,Guwahati,Net Banking
ORD104046,2025-04-12,CUST1654,Vikram Yadav,Webcam,Accessories,5,2800.0,14000.0,8500,5500.0,West,Gujarat,Surat,Cash on Delivery
ORD104047,2025-01-20,CUST1574,Neha Patil,Laptop,Electronics,1,65000.0,65000.0,52000,13000.0,South,Kerala,Kochi,Credit Card
ORD104048,2025-04-20,CUST1921,Rahul Shah,Tablet,Electronics,5,24000.0,120000.0,97500,22500.0,North,Delhi,New Delhi,Net Banking
ORD104049,2025-03-20,CUST1145,Tanvi Nair,Office Chair,Furniture,2,9500.0,19000.0,14000,5000.0,North,Haryana,Gurugram,Cash on Delivery
ORD104050,2025-06-20,CUST1211,Arjun Sharma,Webcam,Accessories,2,2800.0,5600.0,3400,2200.0,West,Gujarat,Surat,Credit Card
ORD104051,2025-11-16,CUST1477,Riya Yadav,Smartphone,Electronics,1,32000.0,32000.0,27000,5000.0,East,Assam,Guwahati,Credit Card
ORD104052,2025-01-18,CUST1153,Rahul Nair,Mouse,Accessories,2,1260.0,2520.0,1400,1120.0,West,Gujarat,Surat,UPI
ORD104053,2025-06-20,CUST1839,Vikram Nair,External SSD,Storage,1,8075.0,8075.0,6200,1875.0,North,Punjab,Ludhiana,Net Banking
ORD104054,2025-12-03,CUST1221,Priya Gupta,Tablet,Electronics,1,24000.0,24000.0,19500,4500.0,East,Assam,Guwahati,Debit Card
ORD104055,2025-05-14,CUST1172,Vikram Verma,External SSD,Storage,2,8500.0,17000.0,12400,4600.0,North,Delhi,New Delhi,Net Banking
ORD104056,2025-10-19,CUST1424,Arjun Iyer,Headphones,Accessories,3,3675.0,11025.0,6600,4425.0,East,Jharkhand,Ranchi,Net Banking
ORD104057,2025-02-04,CUST1585,Rohan Patil,Keyboard,Accessories,3,2090.0,6270.0,4200,2070.0,West,Goa,Panaji,UPI
ORD104058,2025-06-27,CUST1400,Kavya Reddy,External SSD,Storage,3,8500.0,25500.0,18600,6900.0,East,Jharkhand,Ranchi,UPI
ORD104059,2025-01-14,CUST1824,Karan Shah,Webcam,Accessories,2,2800.0,5600.0,3400,2200.0,South,Telangana,Hyderabad,Credit Card
ORD104060,2025-01-09,CUST1996,Arjun Joshi,Headphones,Accessories,4,3500.0,14000.0,8800,5200.0,South,Karnataka,Bengaluru,Net Banking
ORD104061,2025-07-06,CUST1003,Sneha Reddy,Smartphone,Electronics,1,32000.0,32000.0,27000,5000.0,West,Goa,Panaji,Debit Card
ORD104062,2025-01-05,CUST1657,Meera Gupta,Keyboard,Accessories,2,2200.0,4400.0,2800,1600.0,North,Haryana,Gurugram,UPI
ORD104063,2025-02-27,CUST1785,Diya Joshi,Printer,Office Equipment,1,12500.0,12500.0,9800,2700.0,North,Rajasthan,Jaipur,Debit Card
ORD104064,2025-03-08,CUST1874,Nisha Gupta,Tablet,Electronics,1,24000.0,24000.0,19500,4500.0,East,Jharkhand,Ranchi,Credit Card
ORD104065,2025-08-07,CUST1486,Ishaan Mehta,Headphones,Accessories,3,3500.0,10500.0,6600,3900.0,West,Gujarat,Surat,UPI
ORD104066,2025-07-31,CUST1792,Nisha Mehta,Desk,Furniture,1,12000.0,12000.0,9000,3000.0,East,Odisha,Bhubaneswar,Net Banking
ORD104067,2025-03-24,CUST1922,Priya Joshi,Mouse,Accessories,2,1200.0,2400.0,1400,1000.0,South,Andhra Pradesh,Vijayawada,Cash on Delivery
ORD104068,2025-01-04,CUST1543,Riya Reddy,Smartphone,Electronics,1,32000.0,32000.0,27000,5000.0,South,Kerala,Kochi,Cash on Delivery
ORD104069,2025-09-09,CUST1986,Vikram Verma,Webcam,Accessories,1,2800.0,2800.0,1700,1100.0,North,Punjab,Ludhiana,Net Banking
ORD104070,2025-08-24,CUST1296,Vikram Yadav,Mouse,Accessories,4,1200.0,4800.0,2800,2000.0,West,Gujarat,Ahmedabad,UPI
ORD104071,2025-06-02,CUST1601,Arjun Joshi,Smartphone,Electronics,2,32000.0,64000.0,54000,10000.0,West,Gujarat,Ahmedabad,UPI
ORD104072,2025-07-26,CUST1983,Meera Patil,Tablet,Electronics,1,25200.0,25200.0,19500,5700.0,South,Kerala,Kochi,Debit Card
ORD104073,2025-10-17,CUST1021,Tanvi Nair,Monitor,Electronics,1,18000.0,18000.0,13500,4500.0,South,Andhra Pradesh,Vijayawada,Credit Card
ORD104074,2025-10-06,CUST1516,Sneha Chaudhary,Laptop,Electronics,1,65000.0,65000.0,52000,13000.0,West,Maharashtra,Nashik,Credit Card
ORD104075,2025-11-07,CUST1307,Sahil Sharma,Printer,Office Equipment,3,11875.0,35625.0,29400,6225.0,West,Gujarat,Ahmedabad,UPI
ORD104076,2025-01-21,CUST1515,Vikram Yadav,Keyboard,Accessories,1,2200.0,2200.0,1400,800.0,East,Bihar,Patna,UPI
ORD104077,2025-09-27,CUST1542,Sneha Reddy,Monitor,Electronics,1,18000.0,18000.0,13500,4500.0,West,Gujarat,Surat,Cash on Delivery
ORD104078,2025-09-01,CUST1762,Kavya Patil,Office Chair,Furniture,5,9500.0,47500.0,35000,12500.0,South,Tamil Nadu,Chennai,Credit Card
ORD104079,2025-01-30,CUST1099,Karan Verma,Smartphone,Electronics,4,32000.0,128000.0,108000,20000.0,South,Tamil Nadu,Chennai,Debit Card
ORD104080,2025-12-19,CUST1110,Aditya Iyer,Smartphone,Electronics,1,32000.0,32000.0,27000,5000.0,West,Gujarat,Ahmedabad,Net Banking
ORD104081,2025-06-02,CUST1320,Aarav Nair,External SSD,Storage,3,8925.0,26775.0,18600,8175.0,North,Delhi,New Delhi,Cash on Delivery
ORD104082,2025-06-05,CUST1692,Riya Singh,Monitor,Electronics,2,18000.0,36000.0,27000,9000.0,West,Gujarat,Ahmedabad,Debit Card
ORD104083,2025-12-14,CUST1090,Arjun Sharma,Smartphone,Electronics,1,32000.0,32000.0,27000,5000.0,South,Telangana,Hyderabad,Cash on Delivery
ORD104084,2025-05-27,CUST1020,Pooja Singh,Laptop,Electronics,1,65000.0,65000.0,52000,13000.0,East,West Bengal,Kolkata,Cash on Delivery
ORD104085,2025-05-13,CUST1765,Vikram Sharma,Mouse,Accessories,2,1200.0,2400.0,1400,1000.0,North,Uttar Pradesh,Noida,Cash on Delivery
ORD104086,2025-03-09,CUST1475,Neha Reddy,Printer,Office Equipment,1,12500.0,12500.0,9800,2700.0,East,Assam,Guwahati,Credit Card
ORD104087,2025-10-15,CUST1786,Tanvi Nair,Webcam,Accessories,2,2800.0,5600.0,3400,2200.0,West,Maharashtra,Nashik,UPI
ORD104088,2025-09-06,CUST1453,Ishaan Sharma,Monitor,Electronics,2,18900.0,37800.0,27000,10800.0,West,Gujarat,Ahmedabad,UPI
ORD104089,2025-03-14,CUST1279,Nisha Kulkarni,Printer,Office Equipment,1,12500.0,12500.0,9800,2700.0,North,Rajasthan,Jaipur,Cash on Delivery
ORD104090,2025-10-06,CUST1383,Vikram Nair,Monitor,Electronics,5,18000.0,90000.0,67500,22500.0,North,Haryana,Gurugram,UPI
ORD104091,2025-08-08,CUST1525,Aarav Shah,Printer,Office Equipment,2,12500.0,25000.0,19600,5400.0,North,Rajasthan,Jaipur,UPI
ORD104092,2025-04-16,CUST1444,Neha Singh,Printer,Office Equipment,5,12500.0,62500.0,49000,13500.0,North,Punjab,Ludhiana,Net Banking
ORD104093,2025-09-20,CUST1503,Meera Singh,Headphones,Accessories,1,3325.0,3325.0,2200,1125.0,South,Andhra Pradesh,Vijayawada,Cash on Delivery
ORD104094,2025-09-16,CUST1834,Rahul Gupta,Office Chair,Furniture,4,9500.0,38000.0,28000,10000.0,West,Gujarat,Ahmedabad,Debit Card
ORD104095,2025-12-18,CUST1357,Aarav Yadav,Printer,Office Equipment,2,12500.0,25000.0,19600,5400.0,West,Gujarat,Surat,UPI
ORD104096,2025-11-13,CUST1745,Diya Patil,Monitor,Electronics,1,18000.0,18000.0,13500,4500.0,South,Tamil Nadu,Chennai,Credit Card
ORD104097,2025-02-13,CUST1930,Sahil Patil,Tablet,Electronics,1,22800.0,22800.0,19500,3300.0,East,Bihar,Patna,Net Banking
ORD104098,2025-03-09,CUST1047,Ananya Chaudhary,External SSD,Storage,1,8500.0,8500.0,6200,2300.0,South,Kerala,Kochi,UPI
ORD104099,2025-09-03,CUST1143,Rohan Reddy,Desk,Furniture,2,12600.0,25200.0,18000,7200.0,East,Odisha,Bhubaneswar,Cash on Delivery
ORD104100,2025-06-02,CUST1507,Arjun Reddy,Tablet,Electronics,4,24000.0,96000.0,78000,18000.0,South,Telangana,Hyderabad,Credit Card
ORD104101,2025-03-09,CUST1898,Arjun Verma,Smartphone,Electronics,1,30400.0,30400.0,27000,3400.0,South,Tamil Nadu,Chennai,Credit Card
ORD104102,2025-03-22,CUST1270,Diya Deshmukh,Monitor,Electronics,4,17100.0,68400.0,54000,14400.0,North,Delhi,New Delhi,Net Banking
ORD104103,2025-04-07,CUST1641,Aarav Mehta,External SSD,Storage,1,8500.0,8500.0,6200,2300.0,North,Haryana,Gurugram,Net Banking
ORD104104,2025-02-24,CUST1114,Meera Kulkarni,Laptop,Electronics,1,65000.0,65000.0,52000,13000.0,North,Rajasthan,Jaipur,UPI
ORD104105,2025-08-02,CUST1061,Priya Nair,Printer,Office Equipment,1,12500.0,12500.0,9800,2700.0,North,Uttar Pradesh,Noida,UPI
ORD104106,2025-09-08,CUST1613,Sahil Verma,Smartphone,Electronics,1,32000.0,32000.0,27000,5000.0,North,Punjab,Ludhiana,Debit Card
ORD104107,2025-11-23,CUST1158,Tanvi Sharma,Smartphone,Electronics,1,32000.0,32000.0,27000,5000.0,North,Uttar Pradesh,Noida,Cash on Delivery
ORD104108,2025-01-31,CUST1607,Sneha Kulkarni,Laptop,Electronics,1,65000.0,65000.0,52000,13000.0,South,Kerala,Kochi,Net Banking
ORD104109,2025-02-05,CUST1866,Ananya Shah,Tablet,Electronics,5,24000.0,120000.0,97500,22500.0,North,Rajasthan,Jaipur,UPI
ORD104110,2025-12-12,CUST1467,Arjun Shah,Webcam,Accessories,5,2800.0,14000.0,8500,5500.0,North,Haryana,Gurugram,Cash on Delivery
ORD104111,2025-07-14,CUST1759,Neha Mehta,Keyboard,Accessories,3,2200.0,6600.0,4200,2400.0,South,Kerala,Kochi,Net Banking
ORD104112,2025-06-14,CUST1079,Riya Sharma,Tablet,Electronics,1,24000.0,24000.0,19500,4500.0,North,Punjab,Ludhiana,Credit Card
ORD104113,2025-02-28,CUST1155,Arjun Patil,Printer,Office Equipment,3,13125.0,39375.0,29400,9975.0,West,Gujarat,Ahmedabad,Debit Card
ORD104114,2025-07-01,CUST1349,Priya Patil,Keyboard,Accessories,2,2090.0,4180.0,2800,1380.0,East,Odisha,Bhubaneswar,Net Banking
ORD104115,2025-10-11,CUST1522,Nisha Verma,Keyboard,Accessories,1,2200.0,2200.0,1400,800.0,North,Rajasthan,Jaipur,Net Banking
ORD104116,2025-07-09,CUST1222,Ishaan Iyer,External SSD,Storage,1,8500.0,8500.0,6200,2300.0,South,Andhra Pradesh,Vijayawada,UPI
ORD104117,2025-09-26,CUST1909,Pooja Mehta,Desk,Furniture,1,12000.0,12000.0,9000,3000.0,North,Rajasthan,Jaipur,Net Banking
ORD104118,2025-10-29,CUST1849,Kavya Iyer,Webcam,Accessories,3,2800.0,8400.0,5100,3300.0,South,Telangana,Hyderabad,UPI
ORD104119,2025-11-16,CUST1470,Pooja Singh,Monitor,Electronics,2,17100.0,34200.0,27000,7200.0,South,Tamil Nadu,Chennai,Debit Card
ORD104120,2025-04-21,CUST1207,Karan Gupta,External SSD,Storage,1,8500.0,8500.0,6200,2300.0,West,Maharashtra,Nashik,Net Banking
ORD104121,2025-08-18,CUST1144,Riya Verma,Printer,Office Equipment,3,12500.0,37500.0,29400,8100.0,West,Gujarat,Ahmedabad,UPI
ORD104122,2025-04-17,CUST1048,Arjun Joshi,Printer,Office Equipment,3,12500.0,37500.0,29400,8100.0,West,Maharashtra,Pune,Cash on Delivery
ORD104123,2025-07-20,CUST1593,Neha Mehta,Desk,Furniture,1,12000.0,12000.0,9000,3000.0,East,Assam,Guwahati,Debit Card
ORD104124,2025-07-20,CUST1757,Arjun Yadav,Printer,Office Equipment,3,12500.0,37500.0,29400,8100.0,North,Haryana,Gurugram,UPI
ORD104125,2025-08-05,CUST1021,Rahul Gupta,Monitor,Electronics,1,17100.0,17100.0,13500,3600.0,North,Punjab,Ludhiana,UPI
ORD104126,2025-12-30,CUST1501,Sahil Yadav,Tablet,Electronics,3,24000.0,72000.0,58500,13500.0,North,Punjab,Ludhiana,Credit Card
ORD104127,2025-07-18,CUST1617,Vikram Patil,Smartphone,Electronics,1,32000.0,32000.0,27000,5000.0,West,Maharashtra,Nashik,Debit Card
ORD104128,2025-03-16,CUST1186,Tanvi Yadav,External SSD,Storage,1,8500.0,8500.0,6200,2300.0,West,Maharashtra,Pune,Debit Card
ORD104129,2025-08-24,CUST1231,Meera Deshmukh,Monitor,Electronics,1,17100.0,17100.0,13500,3600.0,West,Gujarat,Surat,Cash on Delivery
ORD104130,2025-09-05,CUST1289,Pooja Iyer,Smartphone,Electronics,2,32000.0,64000.0,54000,10000.0,North,Punjab,Ludhiana,Credit Card
ORD104131,2025-03-05,CUST1663,Pooja Yadav,Smartphone,Electronics,3,32000.0,96000.0,81000,15000.0,North,Delhi,New Delhi,Net Banking
ORD104132,2025-08-25,CUST1279,Neha Joshi,Laptop,Electronics,1,65000.0,65000.0,52000,13000.0,South,Karnataka,Bengaluru,Net Banking
ORD104133,2025-10-11,CUST1169,Karan Verma,Keyboard,Accessories,2,2200.0,4400.0,2800,1600.0,West,Maharashtra,Pune,Credit Card
ORD104134,2025-03-12,CUST1784,Aditya Yadav,Webcam,Accessories,1,2800.0,2800.0,1700,1100.0,North,Uttar Pradesh,Noida,UPI
ORD104135,2025-05-31,CUST1440,Vikram Verma,Headphones,Accessories,2,3500.0,7000.0,4400,2600.0,West,Gujarat,Ahmedabad,UPI
ORD104136,2025-04-04,CUST1047,Riya Gupta,Monitor,Electronics,2,18000.0,36000.0,27000,9000.0,West,Goa,Panaji,UPI
ORD104137,2025-12-26,CUST1064,Sahil Joshi,Mouse,Accessories,2,1200.0,2400.0,1400,1000.0,South,Telangana,Hyderabad,Net Banking
ORD104138,2025-04-05,CUST1017,Sneha Singh,Headphones,Accessories,1,3500.0,3500.0,2200,1300.0,North,Punjab,Ludhiana,Credit Card
ORD104139,2025-01-08,CUST1926,Karan Mehta,External SSD,Storage,2,8925.0,17850.0,12400,5450.0,East,Odisha,Bhubaneswar,Cash on Delivery
ORD104140,2025-08-23,CUST1793,Vikram Mehta,Mouse,Accessories,1,1200.0,1200.0,700,500.0,East,West Bengal,Kolkata,Credit Card
ORD104141,2025-12-14,CUST1418,Tanvi Iyer,Mouse,Accessories,5,1200.0,6000.0,3500,2500.0,South,Tamil Nadu,Chennai,Credit Card
ORD104142,2025-09-30,CUST1721,Riya Deshmukh,Mouse,Accessories,2,1200.0,2400.0,1400,1000.0,West,Maharashtra,Mumbai,UPI
ORD104143,2025-09-05,CUST1212,Arjun Reddy,Office Chair,Furniture,1,9500.0,9500.0,7000,2500.0,North,Delhi,New Delhi,UPI
ORD104144,2025-02-14,CUST1710,Diya Sharma,Tablet,Electronics,4,24000.0,96000.0,78000,18000.0,North,Delhi,New Delhi,Net Banking
ORD104145,2025-11-23,CUST1408,Kavya Verma,Laptop,Electronics,1,65000.0,65000.0,52000,13000.0,South,Kerala,Kochi,Cash on Delivery
ORD104146,2025-03-08,CUST1527,Sahil Mehta,Headphones,Accessories,2,3500.0,7000.0,4400,2600.0,South,Telangana,Hyderabad,UPI
ORD104147,2025-05-27,CUST1907,Kavya Singh,Desk,Furniture,3,12000.0,36000.0,27000,9000.0,West,Gujarat,Ahmedabad,Debit Card
ORD104148,2025-01-19,CUST1879,Pooja Deshmukh,Printer,Office Equipment,1,12500.0,12500.0,9800,2700.0,South,Andhra Pradesh,Vijayawada,Credit Card
ORD104149,2025-11-02,CUST1965,Rahul Iyer,Office Chair,Furniture,2,9500.0,19000.0,14000,5000.0,West,Maharashtra,Nashik,Debit Card
ORD104150,2025-09-29,CUST1654,Sahil Sharma,Headphones,Accessories,5,3500.0,17500.0,11000,6500.0,South,Karnataka,Bengaluru,UPI
ORD104151,2025-09-13,CUST1149,Kavya Patil,Laptop,Electronics,2,65000.0,130000.0,104000,26000.0,North,Haryana,Gurugram,Cash on Delivery
ORD104152,2025-09-10,CUST1080,Pooja Nair,Smartphone,Electronics,2,32000.0,64000.0,54000,10000.0,South,Karnataka,Bengaluru,UPI
ORD104153,2025-03-21,CUST1698,Meera Iyer,Desk,Furniture,1,12000.0,12000.0,9000,3000.0,North,Haryana,Gurugram,Net Banking
ORD104154,2025-01-12,CUST1871,Tanvi Yadav,Laptop,Electronics,1,65000.0,65000.0,52000,13000.0,West,Maharashtra,Mumbai,Debit Card
ORD104155,2025-05-28,CUST1921,Ishaan Chaudhary,Laptop,Electronics,2,65000.0,130000.0,104000,26000.0,South,Karnataka,Bengaluru,Net Banking
ORD104156,2025-12-10,CUST1905,Priya Joshi,Smartphone,Electronics,2,33600.0,67200.0,54000,13200.0,West,Gujarat,Surat,UPI
ORD104157,2025-12-29,CUST1616,Riya Mehta,Smartphone,Electronics,1,32000.0,32000.0,27000,5000.0,North,Rajasthan,Jaipur,Credit Card
ORD104158,2025-07-09,CUST1019,Sahil Iyer,Smartphone,Electronics,1,32000.0,32000.0,27000,5000.0,North,Uttar Pradesh,Noida,Debit Card
ORD104159,2025-03-06,CUST1550,Ananya Chaudhary,Printer,Office Equipment,2,12500.0,25000.0,19600,5400.0,North,Haryana,Gurugram,Debit Card
ORD104160,2025-01-06,CUST1486,Meera Verma,External SSD,Storage,2,8075.0,16150.0,12400,3750.0,East,Bihar,Patna,UPI
ORD104161,2025-12-06,CUST1278,Sahil Yadav,Mouse,Accessories,3,1200.0,3600.0,2100,1500.0,East,Odisha,Bhubaneswar,Credit Card
ORD104162,2025-05-31,CUST1117,Vikram Nair,Printer,Office Equipment,2,12500.0,25000.0,19600,5400.0,North,Delhi,New Delhi,Debit Card
ORD104163,2025-07-22,CUST1242,Nisha Verma,Printer,Office Equipment,1,13125.0,13125.0,9800,3325.0,West,Maharashtra,Pune,Cash on Delivery
ORD104164,2025-03-01,CUST1738,Kavya Patil,Webcam,Accessories,3,2800.0,8400.0,5100,3300.0,North,Haryana,Gurugram,Cash on Delivery
ORD104165,2025-03-22,CUST1040,Vikram Iyer,Headphones,Accessories,2,3500.0,7000.0,4400,2600.0,West,Gujarat,Ahmedabad,Debit Card
ORD104166,2025-09-15,CUST1389,Vikram Joshi,Laptop,Electronics,2,65000.0,130000.0,104000,26000.0,South,Telangana,Hyderabad,Debit Card
ORD104167,2025-02-07,CUST1631,Tanvi Gupta,Printer,Office Equipment,1,12500.0,12500.0,9800,2700.0,East,Assam,Guwahati,UPI
ORD104168,2025-03-26,CUST1436,Diya Verma,Webcam,Accessories,5,2800.0,14000.0,8500,5500.0,West,Maharashtra,Pune,Credit Card
ORD104169,2025-02-14,CUST1152,Pooja Patil,Desk,Furniture,2,12000.0,24000.0,18000,6000.0,South,Kerala,Kochi,Net Banking
ORD104170,2025-01-08,CUST1015,Rohan Nair,Smartphone,Electronics,1,32000.0,32000.0,27000,5000.0,East,Odisha,Bhubaneswar,Credit Card
ORD104171,2025-04-02,CUST1224,Tanvi Shah,Headphones,Accessories,1,3500.0,3500.0,2200,1300.0,West,Gujarat,Ahmedabad,Debit Card
ORD104172,2025-09-12,CUST1671,Arjun Reddy,Webcam,Accessories,1,2660.0,2660.0,1700,960.0,North,Delhi,New Delhi,Cash on Delivery
ORD104173,2025-12-23,CUST1564,Sahil Chaudhary,Office Chair,Furniture,1,9500.0,9500.0,7000,2500.0,North,Rajasthan,Jaipur,Net Banking
ORD104174,2025-06-24,CUST1011,Sahil Mehta,External SSD,Storage,2,8500.0,17000.0,12400,4600.0,West,Maharashtra,Pune,Cash on Delivery
ORD104175,2025-02-13,CUST1286,Neha Joshi,Keyboard,Accessories,2,2200.0,4400.0,2800,1600.0,North,Haryana,Gurugram,Credit Card
ORD104176,2025-06-29,CUST1838,Karan Iyer,Laptop,Electronics,2,61750.0,123500.0,104000,19500.0,South,Karnataka,Bengaluru,Credit Card
ORD104177,2025-03-13,CUST1234,Nisha Reddy,Mouse,Accessories,1,1200.0,1200.0,700,500.0,West,Goa,Panaji,Debit Card
ORD104178,2025-02-06,CUST1971,Meera Gupta,Smartphone,Electronics,1,32000.0,32000.0,27000,5000.0,West,Gujarat,Surat,Credit Card
ORD104179,2025-05-17,CUST1502,Neha Verma,Webcam,Accessories,4,2800.0,11200.0,6800,4400.0,South,Telangana,Hyderabad,Debit Card
ORD104180,2025-12-10,CUST1363,Ishaan Shah,Mouse,Accessories,1,1200.0,1200.0,700,500.0,North,Punjab,Ludhiana,Net Banking
ORD104181,2025-10-20,CUST1632,Sahil Nair,Tablet,Electronics,1,24000.0,24000.0,19500,4500.0,West,Maharashtra,Pune,Net Banking
ORD104182,2025-09-14,CUST1893,Aarav Joshi,Tablet,Electronics,1,24000.0,24000.0,19500,4500.0,North,Haryana,Gurugram,Net Banking
ORD104183,2025-02-14,CUST1833,Sneha Verma,Tablet,Electronics,3,24000.0,72000.0,58500,13500.0,West,Maharashtra,Mumbai,Debit Card
ORD104184,2025-11-22,CUST1490,Diya Joshi,Keyboard,Accessories,2,2090.0,4180.0,2800,1380.0,West,Gujarat,Surat,Net Banking
ORD104185,2025-07-27,CUST1645,Nisha Patil,Desk,Furniture,4,12000.0,48000.0,36000,12000.0,East,Jharkhand,Ranchi,Net Banking
ORD104186,2025-07-19,CUST1226,Ishaan Gupta,External SSD,Storage,5,8500.0,42500.0,31000,11500.0,East,Bihar,Patna,Cash on Delivery
ORD104187,2025-05-29,CUST1753,Arjun Mehta,Office Chair,Furniture,1,9025.0,9025.0,7000,2025.0,East,Bihar,Patna,Net Banking
ORD104188,2025-02-28,CUST1732,Rahul Mehta,External SSD,Storage,1,8500.0,8500.0,6200,2300.0,South,Kerala,Kochi,UPI
ORD104189,2025-06-24,CUST1403,Priya Joshi,Webcam,Accessories,1,2800.0,2800.0,1700,1100.0,East,Assam,Guwahati,Credit Card
ORD104190,2025-12-17,CUST1003,Aditya Joshi,Webcam,Accessories,2,2800.0,5600.0,3400,2200.0,East,Assam,Guwahati,Debit Card
ORD104191,2025-01-04,CUST1880,Ananya Reddy,Headphones,Accessories,3,3500.0,10500.0,6600,3900.0,West,Maharashtra,Mumbai,Debit Card
ORD104192,2025-01-20,CUST1439,Aditya Yadav,Tablet,Electronics,1,24000.0,24000.0,19500,4500.0,West,Maharashtra,Pune,Debit Card
ORD104193,2025-04-27,CUST1865,Karan Shah,Mouse,Accessories,1,1200.0,1200.0,700,500.0,West,Maharashtra,Pune,Net Banking
ORD104194,2025-01-29,CUST1649,Rahul Deshmukh,External SSD,Storage,3,8500.0,25500.0,18600,6900.0,West,Maharashtra,Pune,UPI
ORD104195,2025-07-03,CUST1405,Rahul Yadav,Tablet,Electronics,1,24000.0,24000.0,19500,4500.0,North,Delhi,New Delhi,Credit Card
ORD104196,2025-07-23,CUST1954,Priya Iyer,Laptop,Electronics,3,61750.0,185250.0,156000,29250.0,East,West Bengal,Kolkata,Debit Card
ORD104197,2025-11-02,CUST1229,Pooja Yadav,Headphones,Accessories,1,3500.0,3500.0,2200,1300.0,East,Odisha,Bhubaneswar,Debit Card
ORD104198,2025-07-23,CUST1999,Rohan Reddy,Smartphone,Electronics,1,32000.0,32000.0,27000,5000.0,East,Odisha,Bhubaneswar,UPI
ORD104199,2025-07-23,CUST1616,Vikram Yadav,Headphones,Accessories,2,3500.0,7000.0,4400,2600.0,North,Rajasthan,Jaipur,UPI
ORD104200,2025-03-18,CUST1132,Rohan Shah,Desk,Furniture,3,12000.0,36000.0,27000,9000.0,West,Gujarat,Surat,Credit Card
ORD104201,2025-06-22,CUST1503,Priya Deshmukh,Tablet,Electronics,2,24000.0,48000.0,39000,9000.0,West,Gujarat,Ahmedabad,Cash on Delivery
ORD104202,2025-12-27,CUST1676,Nisha Chaudhary,Headphones,Accessories,1,3675.0,3675.0,2200,1475.0,North,Rajasthan,Jaipur,Cash on Delivery
ORD104203,2025-04-16,CUST1092,Rohan Reddy,Mouse,Accessories,2,1200.0,2400.0,1400,1000.0,West,Goa,Panaji,Cash on Delivery
ORD104204,2025-09-23,CUST1954,Aarav Mehta,Laptop,Electronics,3,65000.0,195000.0,156000,39000.0,North,Rajasthan,Jaipur,Cash on Delivery
ORD104205,2025-08-12,CUST1306,Rohan Reddy,Laptop,Electronics,2,65000.0,130000.0,104000,26000.0,North,Rajasthan,Jaipur,Debit Card
ORD104206,2025-10-03,CUST1045,Riya Joshi,Headphones,Accessories,1,3500.0,3500.0,2200,1300.0,North,Delhi,New Delhi,Debit Card
ORD104207,2025-10-08,CUST1154,Diya Patil,Monitor,Electronics,4,18000.0,72000.0,54000,18000.0,West,Maharashtra,Pune,Credit Card
ORD104208,2025-12-30,CUST1146,Arjun Sharma,Webcam,Accessories,1,2800.0,2800.0,1700,1100.0,West,Maharashtra,Nashik,Credit Card
ORD104209,2025-01-20,CUST1959,Ananya Deshmukh,External SSD,Storage,1,8500.0,8500.0,6200,2300.0,West,Goa,Panaji,Debit Card
ORD104210,2025-12-20,CUST1852,Karan Kulkarni,Smartphone,Electronics,3,32000.0,96000.0,81000,15000.0,West,Gujarat,Ahmedabad,Cash on Delivery
ORD104211,2025-07-16,CUST1392,Meera Sharma,Mouse,Accessories,1,1200.0,1200.0,700,500.0,East,Jharkhand,Ranchi,UPI
ORD104212,2025-12-27,CUST1185,Rohan Deshmukh,Printer,Office Equipment,2,11875.0,23750.0,19600,4150.0,South,Tamil Nadu,Chennai,Cash on Delivery
ORD104213,2025-06-05,CUST1124,Aarav Mehta,External SSD,Storage,1,8500.0,8500.0,6200,2300.0,North,Haryana,Gurugram,Cash on Delivery
ORD104214,2025-11-26,CUST1678,Aditya Mehta,Smartphone,Electronics,2,32000.0,64000.0,54000,10000.0,West,Goa,Panaji,Cash on Delivery
ORD104215,2025-02-22,CUST1032,Rahul Nair,Mouse,Accessories,1,1200.0,1200.0,700,500.0,South,Andhra Pradesh,Vijayawada,Net Banking
ORD104216,2025-08-16,CUST1554,Aarav Sharma,Desk,Furniture,1,12000.0,12000.0,9000,3000.0,North,Haryana,Gurugram,Cash on Delivery
ORD104217,2025-02-08,CUST1869,Nisha Nair,Office Chair,Furniture,2,9500.0,19000.0,14000,5000.0,West,Maharashtra,Nashik,Net Banking
ORD104218,2025-04-22,CUST1335,Riya Sharma,Monitor,Electronics,1,18000.0,18000.0,13500,4500.0,West,Goa,Panaji,Credit Card
ORD104219,2025-09-06,CUST1550,Aarav Yadav,Office Chair,Furniture,3,9025.0,27075.0,21000,6075.0,West,Maharashtra,Nashik,Cash on Delivery
ORD104220,2025-03-21,CUST1760,Rahul Sharma,Monitor,Electronics,4,18000.0,72000.0,54000,18000.0,North,Uttar Pradesh,Noida,Cash on Delivery
ORD104221,2025-05-12,CUST1272,Riya Joshi,External SSD,Storage,1,8500.0,8500.0,6200,2300.0,South,Telangana,Hyderabad,Debit Card
ORD104222,2025-03-04,CUST1996,Arjun Yadav,Tablet,Electronics,2,24000.0,48000.0,39000,9000.0,South,Andhra Pradesh,Vijayawada,Debit Card
ORD104223,2025-12-16,CUST1010,Diya Joshi,Laptop,Electronics,3,68250.0,204750.0,156000,48750.0,West,Goa,Panaji,Cash on Delivery
ORD104224,2025-03-16,CUST1937,Ananya Patil,Monitor,Electronics,1,18000.0,18000.0,13500,4500.0,West,Gujarat,Ahmedabad,Net Banking
ORD104225,2025-02-20,CUST1338,Sneha Kulkarni,Printer,Office Equipment,5,11875.0,59375.0,49000,10375.0,East,Bihar,Patna,UPI
ORD104226,2025-11-19,CUST1330,Arjun Singh,Office Chair,Furniture,1,9500.0,9500.0,7000,2500.0,East,Assam,Guwahati,UPI
ORD104227,2025-12-24,CUST1322,Priya Iyer,Smartphone,Electronics,3,32000.0,96000.0,81000,15000.0,West,Maharashtra,Nashik,Cash on Delivery
ORD104228,2025-12-16,CUST1778,Aditya Sharma,Smartphone,Electronics,1,32000.0,32000.0,27000,5000.0,West,Maharashtra,Pune,Debit Card
ORD104229,2025-04-12,CUST1864,Arjun Sharma,Office Chair,Furniture,1,9500.0,9500.0,7000,2500.0,East,Bihar,Patna,Debit Card
ORD104230,2025-04-16,CUST1791,Tanvi Reddy,External SSD,Storage,1,8500.0,8500.0,6200,2300.0,West,Gujarat,Surat,Cash on Delivery
ORD104231,2025-07-14,CUST1143,Riya Kulkarni,Office Chair,Furniture,1,9500.0,9500.0,7000,2500.0,South,Tamil Nadu,Chennai,Credit Card
ORD104232,2025-01-10,CUST1258,Meera Mehta,Smartphone,Electronics,2,32000.0,64000.0,54000,10000.0,South,Andhra Pradesh,Vijayawada,Debit Card
ORD104233,2025-09-19,CUST1444,Aarav Sharma,Smartphone,Electronics,2,32000.0,64000.0,54000,10000.0,East,Bihar,Patna,Cash on Delivery
ORD104234,2025-02-27,CUST1354,Meera Nair,Headphones,Accessories,2,3500.0,7000.0,4400,2600.0,South,Andhra Pradesh,Vijayawada,UPI
ORD104235,2025-06-11,CUST1771,Diya Mehta,Laptop,Electronics,2,65000.0,130000.0,104000,26000.0,North,Rajasthan,Jaipur,Credit Card
ORD104236,2025-02-05,CUST1537,Neha Kulkarni,Headphones,Accessories,3,3500.0,10500.0,6600,3900.0,West,Gujarat,Surat,Credit Card
ORD104237,2025-06-28,CUST1881,Pooja Joshi,Printer,Office Equipment,2,12500.0,25000.0,19600,5400.0,South,Tamil Nadu,Chennai,Net Banking
ORD104238,2025-05-18,CUST1544,Tanvi Deshmukh,Tablet,Electronics,2,24000.0,48000.0,39000,9000.0,South,Karnataka,Bengaluru,UPI
ORD104239,2025-07-06,CUST1101,Aditya Yadav,Keyboard,Accessories,1,2200.0,2200.0,1400,800.0,North,Punjab,Ludhiana,UPI
ORD104240,2025-12-09,CUST1679,Aarav Kulkarni,Monitor,Electronics,1,18000.0,18000.0,13500,4500.0,West,Maharashtra,Pune,Credit Card
ORD104241,2025-06-27,CUST1645,Aarav Reddy,Office Chair,Furniture,3,9500.0,28500.0,21000,7500.0,West,Maharashtra,Pune,UPI
ORD104242,2025-07-24,CUST1373,Aditya Reddy,Office Chair,Furniture,1,9500.0,9500.0,7000,2500.0,North,Punjab,Ludhiana,Net Banking
ORD104243,2025-08-28,CUST1890,Tanvi Patil,Webcam,Accessories,2,2800.0,5600.0,3400,2200.0,North,Delhi,New Delhi,UPI
ORD104244,2025-03-09,CUST1293,Rohan Patil,Laptop,Electronics,2,65000.0,130000.0,104000,26000.0,South,Telangana,Hyderabad,Cash on Delivery
ORD104245,2025-03-25,CUST1180,Aarav Nair,Webcam,Accessories,2,2800.0,5600.0,3400,2200.0,North,Punjab,Ludhiana,UPI
ORD104246,2025-06-07,CUST1041,Aarav Iyer,Office Chair,Furniture,1,9500.0,9500.0,7000,2500.0,West,Goa,Panaji,Net Banking
ORD104247,2025-05-04,CUST1994,Ananya Kulkarni,Printer,Office Equipment,1,11875.0,11875.0,9800,2075.0,West,Goa,Panaji,UPI
ORD104248,2025-01-17,CUST1143,Kavya Reddy,Printer,Office Equipment,2,12500.0,25000.0,19600,5400.0,South,Karnataka,Bengaluru,UPI
ORD104249,2025-06-05,CUST1976,Kavya Mehta,Keyboard,Accessories,3,2200.0,6600.0,4200,2400.0,West,Maharashtra,Mumbai,Credit Card
ORD104250,2025-11-25,CUST1178,Aditya Nair,Monitor,Electronics,1,18000.0,18000.0,13500,4500.0,West,Maharashtra,Nashik,Debit Card
ORD104251,2025-04-20,CUST1469,Ananya Singh,Laptop,Electronics,2,65000.0,130000.0,104000,26000.0,West,Gujarat,Ahmedabad,Debit Card
ORD104252,2025-06-23,CUST1824,Arjun Nair,Smartphone,Electronics,1,32000.0,32000.0,27000,5000.0,West,Maharashtra,Mumbai,UPI
ORD104253,2025-05-05,CUST1799,Rahul Joshi,Keyboard,Accessories,3,2200.0,6600.0,4200,2400.0,East,West Bengal,Kolkata,UPI
ORD104254,2025-12-09,CUST1304,Aditya Gupta,Laptop,Electronics,1,65000.0,65000.0,52000,13000.0,South,Karnataka,Bengaluru,Cash on Delivery
ORD104255,2025-07-02,CUST1074,Nisha Nair,Smartphone,Electronics,1,32000.0,32000.0,27000,5000.0,North,Delhi,New Delhi,Credit Card
ORD104256,2025-09-12,CUST1837,Riya Sharma,Monitor,Electronics,1,18000.0,18000.0,13500,4500.0,North,Uttar Pradesh,Noida,UPI
ORD104257,2025-05-26,CUST1588,Ananya Nair,Desk,Furniture,2,11400.0,22800.0,18000,4800.0,East,Odisha,Bhubaneswar,Credit Card
ORD104258,2025-02-14,CUST1969,Vikram Yadav,Webcam,Accessories,3,2800.0,8400.0,5100,3300.0,West,Gujarat,Ahmedabad,Cash on Delivery
ORD104259,2025-06-07,CUST1772,Ishaan Mehta,Monitor,Electronics,1,18000.0,18000.0,13500,4500.0,South,Telangana,Hyderabad,UPI
ORD104260,2025-02-06,CUST1692,Kavya Reddy,Monitor,Electronics,2,18000.0,36000.0,27000,9000.0,North,Uttar Pradesh,Noida,Net Banking
ORD104261,2025-11-01,CUST1442,Sneha Sharma,Laptop,Electronics,4,65000.0,260000.0,208000,52000.0,West,Gujarat,Ahmedabad,Credit Card
ORD104262,2025-05-14,CUST1114,Nisha Singh,Keyboard,Accessories,4,2200.0,8800.0,5600,3200.0,East,Bihar,Patna,UPI
ORD104263,2025-02-02,CUST1326,Karan Singh,Printer,Office Equipment,3,12500.0,37500.0,29400,8100.0,East,Assam,Guwahati,UPI
ORD104264,2025-09-13,CUST1926,Rohan Chaudhary,Smartphone,Electronics,3,32000.0,96000.0,81000,15000.0,South,Andhra Pradesh,Vijayawada,Cash on Delivery
ORD104265,2025-03-04,CUST1115,Kavya Iyer,Tablet,Electronics,1,24000.0,24000.0,19500,4500.0,South,Telangana,Hyderabad,Credit Card
ORD104266,2025-12-22,CUST1509,Rahul Sharma,Monitor,Electronics,2,18000.0,36000.0,27000,9000.0,North,Uttar Pradesh,Noida,Credit Card
ORD104267,2025-05-23,CUST1751,Nisha Patil,Printer,Office Equipment,1,11875.0,11875.0,9800,2075.0,South,Karnataka,Bengaluru,UPI
ORD104268,2025-10-01,CUST1159,Karan Singh,Headphones,Accessories,1,3500.0,3500.0,2200,1300.0,East,Jharkhand,Ranchi,Debit Card
ORD104269,2025-12-18,CUST1722,Ishaan Nair,Printer,Office Equipment,1,12500.0,12500.0,9800,2700.0,East,Assam,Guwahati,Cash on Delivery
ORD104270,2025-06-08,CUST1826,Sneha Kulkarni,Mouse,Accessories,1,1200.0,1200.0,700,500.0,West,Maharashtra,Nashik,Debit Card
ORD104271,2025-03-06,CUST1538,Arjun Iyer,Office Chair,Furniture,2,9500.0,19000.0,14000,5000.0,North,Delhi,New Delhi,Credit Card
ORD104272,2025-09-05,CUST1610,Nisha Reddy,Webcam,Accessories,2,2800.0,5600.0,3400,2200.0,North,Uttar Pradesh,Noida,Net Banking
ORD104273,2025-10-30,CUST1995,Nisha Sharma,Desk,Furniture,1,12000.0,12000.0,9000,3000.0,West,Goa,Panaji,Cash on Delivery
ORD104274,2025-09-23,CUST1985,Tanvi Joshi,Keyboard,Accessories,3,2200.0,6600.0,4200,2400.0,East,West Bengal,Kolkata,Credit Card
ORD104275,2025-04-26,CUST1230,Diya Nair,Keyboard,Accessories,2,2200.0,4400.0,2800,1600.0,West,Maharashtra,Pune,Cash on Delivery
ORD104276,2025-11-16,CUST1672,Pooja Gupta,External SSD,Storage,1,8500.0,8500.0,6200,2300.0,West,Gujarat,Ahmedabad,UPI
ORD104277,2025-04-19,CUST1314,Vikram Kulkarni,Keyboard,Accessories,1,2200.0,2200.0,1400,800.0,West,Maharashtra,Nashik,UPI
ORD104278,2025-04-12,CUST1093,Tanvi Yadav,Monitor,Electronics,2,18900.0,37800.0,27000,10800.0,West,Gujarat,Surat,Credit Card
ORD104279,2025-03-17,CUST1754,Pooja Shah,Office Chair,Furniture,3,9500.0,28500.0,21000,7500.0,East,Jharkhand,Ranchi,Debit Card
ORD104280,2025-07-19,CUST1162,Tanvi Chaudhary,Office Chair,Furniture,1,9500.0,9500.0,7000,2500.0,South,Tamil Nadu,Chennai,Credit Card
ORD104281,2025-08-04,CUST1930,Kavya Chaudhary,Mouse,Accessories,1,1200.0,1200.0,700,500.0,West,Maharashtra,Nashik,Net Banking
ORD104282,2025-03-10,CUST1781,Meera Shah,Smartphone,Electronics,1,30400.0,30400.0,27000,3400.0,West,Gujarat,Ahmedabad,Credit Card
ORD104283,2025-10-19,CUST1829,Riya Chaudhary,Desk,Furniture,2,12600.0,25200.0,18000,7200.0,West,Maharashtra,Pune,Credit Card
ORD104284,2025-11-15,CUST1963,Sneha Iyer,Laptop,Electronics,3,65000.0,195000.0,156000,39000.0,West,Gujarat,Surat,Debit Card
ORD104285,2025-12-09,CUST1239,Nisha Reddy,Headphones,Accessories,1,3500.0,3500.0,2200,1300.0,West,Gujarat,Ahmedabad,Credit Card
ORD104286,2025-10-22,CUST1284,Riya Reddy,Keyboard,Accessories,1,2200.0,2200.0,1400,800.0,West,Maharashtra,Pune,Net Banking
ORD104287,2025-03-24,CUST1998,Priya Chaudhary,Desk,Furniture,2,12000.0,24000.0,18000,6000.0,East,Odisha,Bhubaneswar,Credit Card
ORD104288,2025-10-25,CUST1557,Meera Shah,Desk,Furniture,2,12000.0,24000.0,18000,6000.0,South,Karnataka,Bengaluru,Net Banking
ORD104289,2025-02-12,CUST1381,Arjun Kulkarni,Headphones,Accessories,3,3500.0,10500.0,6600,3900.0,South,Telangana,Hyderabad,Net Banking
ORD104290,2025-08-12,CUST1419,Sneha Patil,Tablet,Electronics,3,24000.0,72000.0,58500,13500.0,East,Bihar,Patna,Net Banking
ORD104291,2025-02-01,CUST1384,Ishaan Nair,Office Chair,Furniture,3,9500.0,28500.0,21000,7500.0,North,Haryana,Gurugram,Credit Card
ORD104292,2025-09-04,CUST1982,Nisha Sharma,Monitor,Electronics,3,18000.0,54000.0,40500,13500.0,South,Karnataka,Bengaluru,Credit Card
ORD104293,2025-10-12,CUST1090,Arjun Kulkarni,Laptop,Electronics,5,68250.0,341250.0,260000,81250.0,South,Telangana,Hyderabad,Debit Card
ORD104294,2025-05-03,CUST1415,Riya Kulkarni,Printer,Office Equipment,1,12500.0,12500.0,9800,2700.0,West,Maharashtra,Nashik,Credit Card
ORD104295,2025-01-04,CUST1538,Sneha Mehta,Webcam,Accessories,3,2800.0,8400.0,5100,3300.0,South,Andhra Pradesh,Vijayawada,Cash on Delivery
ORD104296,2025-04-26,CUST1657,Aarav Mehta,Headphones,Accessories,2,3500.0,7000.0,4400,2600.0,South,Telangana,Hyderabad,Cash on Delivery
ORD104297,2025-05-18,CUST1838,Pooja Mehta,Mouse,Accessories,1,1200.0,1200.0,700,500.0,East,Odisha,Bhubaneswar,Credit Card
ORD104298,2025-07-09,CUST1602,Pooja Chaudhary,Headphones,Accessories,2,3500.0,7000.0,4400,2600.0,West,Gujarat,Ahmedabad,UPI
ORD104299,2025-10-12,CUST1134,Tanvi Yadav,Tablet,Electronics,3,24000.0,72000.0,58500,13500.0,South,Tamil Nadu,Chennai,Debit Card
ORD104300,2025-08-22,CUST1276,Kavya Deshmukh,Monitor,Electronics,3,18000.0,54000.0,40500,13500.0,West,Maharashtra,Pune,Credit Card
ORD104301,2025-08-03,CUST1265,Priya Mehta,Monitor,Electronics,4,18900.0,75600.0,54000,21600.0,South,Kerala,Kochi,UPI
ORD104302,2025-08-04,CUST1363,Aarav Iyer,Office Chair,Furniture,5,9500.0,47500.0,35000,12500.0,West,Maharashtra,Mumbai,Net Banking
ORD104303,2025-09-16,CUST1071,Neha Shah,Desk,Furniture,1,12000.0,12000.0,9000,3000.0,North,Haryana,Gurugram,Cash on Delivery
ORD104304,2025-02-11,CUST1102,Nisha Chaudhary,Printer,Office Equipment,1,12500.0,12500.0,9800,2700.0,West,Maharashtra,Mumbai,Net Banking
ORD104305,2025-04-26,CUST1509,Pooja Joshi,Tablet,Electronics,4,24000.0,96000.0,78000,18000.0,North,Uttar Pradesh,Noida,Cash on Delivery
ORD104306,2025-09-27,CUST1279,Rahul Singh,Monitor,Electronics,2,18000.0,36000.0,27000,9000.0,East,Bihar,Patna,Net Banking
ORD104307,2025-11-14,CUST1937,Meera Singh,Laptop,Electronics,1,65000.0,65000.0,52000,13000.0,North,Delhi,New Delhi,Cash on Delivery
ORD104308,2025-06-19,CUST1587,Priya Nair,Monitor,Electronics,1,18000.0,18000.0,13500,4500.0,East,Odisha,Bhubaneswar,Net Banking
ORD104309,2025-05-16,CUST1118,Diya Verma,Desk,Furniture,2,12600.0,25200.0,18000,7200.0,South,Andhra Pradesh,Vijayawada,Credit Card
ORD104310,2025-10-12,CUST1110,Kavya Reddy,Desk,Furniture,1,12000.0,12000.0,9000,3000.0,West,Maharashtra,Mumbai,Debit Card
ORD104311,2025-08-20,CUST1198,Kavya Patil,Monitor,Electronics,2,18000.0,36000.0,27000,9000.0,West,Maharashtra,Pune,Debit Card
ORD104312,2025-11-13,CUST1340,Arjun Yadav,External SSD,Storage,2,8500.0,17000.0,12400,4600.0,West,Maharashtra,Pune,Credit Card
ORD104313,2025-06-22,CUST1378,Vikram Patil,Office Chair,Furniture,2,9500.0,19000.0,14000,5000.0,North,Haryana,Gurugram,Cash on Delivery
ORD104314,2025-05-13,CUST1598,Sahil Shah,Monitor,Electronics,1,18000.0,18000.0,13500,4500.0,South,Karnataka,Bengaluru,Net Banking
ORD104315,2025-11-14,CUST1428,Meera Nair,Headphones,Accessories,1,3325.0,3325.0,2200,1125.0,West,Maharashtra,Nashik,Cash on Delivery
ORD104316,2025-08-21,CUST1388,Tanvi Verma,Keyboard,Accessories,2,2200.0,4400.0,2800,1600.0,West,Maharashtra,Mumbai,Cash on Delivery
ORD104317,2025-12-10,CUST1841,Meera Nair,Printer,Office Equipment,2,12500.0,25000.0,19600,5400.0,North,Delhi,New Delhi,Cash on Delivery
ORD104318,2025-07-05,CUST1155,Rahul Joshi,Laptop,Electronics,1,65000.0,65000.0,52000,13000.0,West,Maharashtra,Pune,Cash on Delivery
ORD104319,2025-03-12,CUST1771,Vikram Singh,Laptop,Electronics,1,65000.0,65000.0,52000,13000.0,East,Odisha,Bhubaneswar,Net Banking
ORD104320,2025-10-18,CUST1523,Sneha Verma,Printer,Office Equipment,1,12500.0,12500.0,9800,2700.0,West,Goa,Panaji,Cash on Delivery
ORD104321,2025-06-06,CUST1803,Tanvi Sharma,Webcam,Accessories,2,2800.0,5600.0,3400,2200.0,North,Uttar Pradesh,Noida,Net Banking
ORD104322,2025-05-20,CUST1686,Sneha Deshmukh,Printer,Office Equipment,1,12500.0,12500.0,9800,2700.0,East,Odisha,Bhubaneswar,Cash on Delivery
ORD104323,2025-03-03,CUST1581,Meera Verma,Office Chair,Furniture,1,9500.0,9500.0,7000,2500.0,South,Kerala,Kochi,Credit Card
ORD104324,2025-10-25,CUST1102,Priya Mehta,Printer,Office Equipment,1,12500.0,12500.0,9800,2700.0,West,Gujarat,Ahmedabad,Credit Card
ORD104325,2025-01-31,CUST1287,Rahul Chaudhary,Printer,Office Equipment,2,12500.0,25000.0,19600,5400.0,South,Kerala,Kochi,UPI
ORD104326,2025-01-30,CUST1774,Arjun Yadav,Headphones,Accessories,1,3500.0,3500.0,2200,1300.0,South,Kerala,Kochi,Net Banking
ORD104327,2025-11-11,CUST1918,Rohan Mehta,Smartphone,Electronics,1,32000.0,32000.0,27000,5000.0,North,Haryana,Gurugram,Credit Card
ORD104328,2025-12-16,CUST1789,Karan Gupta,Office Chair,Furniture,1,9500.0,9500.0,7000,2500.0,West,Maharashtra,Nashik,Debit Card
ORD104329,2025-12-04,CUST1925,Neha Iyer,Mouse,Accessories,2,1200.0,2400.0,1400,1000.0,West,Goa,Panaji,Net Banking
ORD104330,2025-04-15,CUST1969,Rohan Mehta,Laptop,Electronics,2,65000.0,130000.0,104000,26000.0,North,Punjab,Ludhiana,Cash on Delivery
ORD104331,2025-02-13,CUST1529,Nisha Chaudhary,Mouse,Accessories,3,1200.0,3600.0,2100,1500.0,South,Karnataka,Bengaluru,UPI
ORD104332,2025-12-06,CUST1543,Vikram Gupta,Headphones,Accessories,2,3500.0,7000.0,4400,2600.0,East,Odisha,Bhubaneswar,Debit Card
ORD104333,2025-11-14,CUST1397,Rohan Reddy,Office Chair,Furniture,2,9500.0,19000.0,14000,5000.0,West,Gujarat,Ahmedabad,Debit Card
ORD104334,2025-12-22,CUST1251,Karan Shah,External SSD,Storage,2,8500.0,17000.0,12400,4600.0,West,Maharashtra,Pune,Credit Card
ORD104335,2025-06-07,CUST1246,Sahil Deshmukh,Mouse,Accessories,2,1200.0,2400.0,1400,1000.0,South,Karnataka,Bengaluru,Cash on Delivery
ORD104336,2025-11-10,CUST1036,Arjun Kulkarni,Mouse,Accessories,1,1140.0,1140.0,700,440.0,West,Gujarat,Ahmedabad,Net Banking
ORD104337,2025-10-10,CUST1057,Kavya Reddy,Smartphone,Electronics,2,33600.0,67200.0,54000,13200.0,East,Assam,Guwahati,Cash on Delivery
ORD104338,2025-12-22,CUST1802,Sneha Deshmukh,Office Chair,Furniture,3,9500.0,28500.0,21000,7500.0,South,Kerala,Kochi,UPI
ORD104339,2025-10-14,CUST1164,Riya Gupta,Tablet,Electronics,1,24000.0,24000.0,19500,4500.0,North,Uttar Pradesh,Noida,Cash on Delivery
ORD104340,2025-02-08,CUST1373,Pooja Iyer,Laptop,Electronics,1,65000.0,65000.0,52000,13000.0,South,Karnataka,Bengaluru,UPI
ORD104341,2025-08-25,CUST1947,Ananya Nair,Laptop,Electronics,1,61750.0,61750.0,52000,9750.0,West,Goa,Panaji,Debit Card
ORD104342,2025-11-29,CUST1523,Pooja Mehta,Office Chair,Furniture,2,9500.0,19000.0,14000,5000.0,North,Delhi,New Delhi,UPI
ORD104343,2025-08-01,CUST1990,Priya Gupta,External SSD,Storage,1,8075.0,8075.0,6200,1875.0,South,Andhra Pradesh,Vijayawada,Debit Card
ORD104344,2025-08-07,CUST1418,Aarav Joshi,Mouse,Accessories,5,1140.0,5700.0,3500,2200.0,North,Haryana,Gurugram,Cash on Delivery
ORD104345,2025-10-17,CUST1027,Ananya Verma,Webcam,Accessories,3,2940.0,8820.0,5100,3720.0,South,Telangana,Hyderabad,Net Banking
ORD104346,2025-01-11,CUST1910,Sneha Chaudhary,Laptop,Electronics,1,68250.0,68250.0,52000,16250.0,South,Kerala,Kochi,Cash on Delivery
ORD104347,2025-01-29,CUST1870,Aarav Reddy,Monitor,Electronics,1,17100.0,17100.0,13500,3600.0,South,Kerala,Kochi,Debit Card
ORD104348,2025-08-09,CUST1072,Sneha Kulkarni,Laptop,Electronics,1,65000.0,65000.0,52000,13000.0,North,Punjab,Ludhiana,UPI
ORD104349,2025-04-14,CUST1688,Ananya Patil,Smartphone,Electronics,1,30400.0,30400.0,27000,3400.0,North,Delhi,New Delhi,UPI
ORD104350,2025-02-16,CUST1866,Vikram Kulkarni,Printer,Office Equipment,4,12500.0,50000.0,39200,10800.0,South,Telangana,Hyderabad,Debit Card
ORD104351,2025-06-21,CUST1045,Ananya Joshi,Mouse,Accessories,1,1200.0,1200.0,700,500.0,South,Kerala,Kochi,Credit Card
ORD104352,2025-10-29,CUST1722,Priya Joshi,Smartphone,Electronics,1,32000.0,32000.0,27000,5000.0,West,Maharashtra,Pune,Net Banking
ORD104353,2025-05-25,CUST1924,Sneha Mehta,Desk,Furniture,1,12000.0,12000.0,9000,3000.0,West,Goa,Panaji,Net Banking
ORD104354,2025-12-30,CUST1990,Aditya Nair,External SSD,Storage,2,8500.0,17000.0,12400,4600.0,East,Jharkhand,Ranchi,UPI
ORD104355,2025-05-31,CUST1553,Aditya Deshmukh,Headphones,Accessories,3,3500.0,10500.0,6600,3900.0,West,Gujarat,Ahmedabad,Net Banking
ORD104356,2025-05-03,CUST1482,Aditya Reddy,Smartphone,Electronics,4,32000.0,128000.0,108000,20000.0,South,Telangana,Hyderabad,Credit Card
ORD104357,2025-02-04,CUST1304,Ananya Shah,Headphones,Accessories,2,3500.0,7000.0,4400,2600.0,South,Kerala,Kochi,Debit Card
ORD104358,2025-01-03,CUST1795,Ananya Chaudhary,External SSD,Storage,1,8925.0,8925.0,6200,2725.0,South,Tamil Nadu,Chennai,UPI
ORD104359,2025-11-23,CUST1972,Rahul Nair,Office Chair,Furniture,3,9025.0,27075.0,21000,6075.0,South,Kerala,Kochi,Credit Card
ORD104360,2025-10-01,CUST1558,Tanvi Joshi,Webcam,Accessories,2,2940.0,5880.0,3400,2480.0,South,Andhra Pradesh,Vijayawada,Credit Card
ORD104361,2025-09-03,CUST1899,Meera Sharma,Keyboard,Accessories,1,2310.0,2310.0,1400,910.0,North,Delhi,New Delhi,UPI
ORD104362,2025-04-25,CUST1428,Meera Nair,Monitor,Electronics,1,18000.0,18000.0,13500,4500.0,South,Karnataka,Bengaluru,Debit Card
ORD104363,2025-10-07,CUST1921,Diya Joshi,Desk,Furniture,5,12000.0,60000.0,45000,15000.0,North,Punjab,Ludhiana,UPI
ORD104364,2025-01-08,CUST1992,Ishaan Patil,Monitor,Electronics,1,18000.0,18000.0,13500,4500.0,South,Andhra Pradesh,Vijayawada,Cash on Delivery
ORD104365,2025-01-16,CUST1646,Arjun Nair,Webcam,Accessories,1,2800.0,2800.0,1700,1100.0,West,Goa,Panaji,Debit Card
ORD104366,2025-08-31,CUST1573,Aditya Gupta,Headphones,Accessories,4,3500.0,14000.0,8800,5200.0,West,Goa,Panaji,Debit Card
ORD104367,2025-05-08,CUST1479,Sahil Nair,Laptop,Electronics,1,65000.0,65000.0,52000,13000.0,South,Andhra Pradesh,Vijayawada,Cash on Delivery
ORD104368,2025-05-31,CUST1944,Sahil Yadav,Laptop,Electronics,1,65000.0,65000.0,52000,13000.0,West,Gujarat,Surat,Net Banking
ORD104369,2025-04-08,CUST1695,Ishaan Iyer,Laptop,Electronics,2,65000.0,130000.0,104000,26000.0,West,Gujarat,Surat,Net Banking
ORD104370,2025-04-23,CUST1110,Meera Shah,Mouse,Accessories,1,1200.0,1200.0,700,500.0,South,Telangana,Hyderabad,Cash on Delivery
ORD104371,2025-04-11,CUST1652,Aarav Kulkarni,Tablet,Electronics,2,24000.0,48000.0,39000,9000.0,West,Maharashtra,Pune,UPI
ORD104372,2025-07-14,CUST1256,Meera Joshi,Printer,Office Equipment,3,12500.0,37500.0,29400,8100.0,East,Bihar,Patna,Net Banking
ORD104373,2025-03-26,CUST1106,Diya Verma,Tablet,Electronics,1,24000.0,24000.0,19500,4500.0,West,Goa,Panaji,Credit Card
ORD104374,2025-12-09,CUST1972,Ananya Nair,Headphones,Accessories,1,3325.0,3325.0,2200,1125.0,West,Maharashtra,Nashik,Net Banking
ORD104375,2025-10-04,CUST1343,Ananya Chaudhary,Laptop,Electronics,2,68250.0,136500.0,104000,32500.0,South,Karnataka,Bengaluru,Debit Card
ORD104376,2025-10-22,CUST1643,Pooja Patil,Tablet,Electronics,2,25200.0,50400.0,39000,11400.0,West,Gujarat,Surat,Net Banking
ORD104377,2025-06-10,CUST1129,Neha Deshmukh,Desk,Furniture,2,12600.0,25200.0,18000,7200.0,South,Telangana,Hyderabad,UPI
ORD104378,2025-08-06,CUST1268,Arjun Gupta,Laptop,Electronics,1,68250.0,68250.0,52000,16250.0,East,Assam,Guwahati,Cash on Delivery
ORD104379,2025-02-16,CUST1667,Sahil Joshi,Mouse,Accessories,1,1200.0,1200.0,700,500.0,East,West Bengal,Kolkata,Credit Card
ORD104380,2025-12-30,CUST1386,Rohan Patil,Headphones,Accessories,2,3675.0,7350.0,4400,2950.0,West,Maharashtra,Nashik,Credit Card
ORD104381,2025-06-08,CUST1527,Ishaan Shah,Monitor,Electronics,2,18000.0,36000.0,27000,9000.0,East,Bihar,Patna,Net Banking
ORD104382,2025-02-27,CUST1330,Arjun Iyer,Webcam,Accessories,2,2800.0,5600.0,3400,2200.0,West,Gujarat,Surat,Debit Card
ORD104383,2025-11-27,CUST1130,Riya Patil,Smartphone,Electronics,1,32000.0,32000.0,27000,5000.0,West,Goa,Panaji,Debit Card
ORD104384,2025-10-28,CUST1373,Ananya Gupta,Printer,Office Equipment,1,12500.0,12500.0,9800,2700.0,South,Karnataka,Bengaluru,UPI
ORD104385,2025-04-27,CUST1093,Meera Verma,Mouse,Accessories,2,1260.0,2520.0,1400,1120.0,South,Telangana,Hyderabad,Credit Card
ORD104386,2025-11-28,CUST1654,Sahil Yadav,Tablet,Electronics,1,24000.0,24000.0,19500,4500.0,South,Karnataka,Bengaluru,UPI
ORD104387,2025-11-17,CUST1242,Rahul Mehta,Smartphone,Electronics,4,32000.0,128000.0,108000,20000.0,West,Maharashtra,Pune,Net Banking
ORD104388,2025-01-01,CUST1617,Aditya Shah,Mouse,Accessories,2,1200.0,2400.0,1400,1000.0,West,Gujarat,Surat,Credit Card
ORD104389,2025-09-22,CUST1507,Vikram Patil,Laptop,Electronics,2,61750.0,123500.0,104000,19500.0,South,Telangana,Hyderabad,Net Banking
ORD104390,2025-02-28,CUST1035,Meera Gupta,Mouse,Accessories,1,1200.0,1200.0,700,500.0,South,Kerala,Kochi,UPI
ORD104391,2025-10-09,CUST1030,Rahul Singh,Monitor,Electronics,3,18000.0,54000.0,40500,13500.0,North,Delhi,New Delhi,Debit Card
ORD104392,2025-09-06,CUST1234,Pooja Sharma,Laptop,Electronics,1,65000.0,65000.0,52000,13000.0,North,Uttar Pradesh,Noida,Net Banking
ORD104393,2025-12-27,CUST1849,Meera Verma,Printer,Office Equipment,1,11875.0,11875.0,9800,2075.0,South,Tamil Nadu,Chennai,Net Banking
ORD104394,2025-04-01,CUST1677,Sneha Verma,Smartphone,Electronics,2,33600.0,67200.0,54000,13200.0,South,Tamil Nadu,Chennai,Credit Card
ORD104395,2025-06-20,CUST1624,Arjun Gupta,Mouse,Accessories,3,1140.0,3420.0,2100,1320.0,South,Tamil Nadu,Chennai,Cash on Delivery
ORD104396,2025-08-24,CUST1296,Tanvi Gupta,Office Chair,Furniture,1,9025.0,9025.0,7000,2025.0,West,Gujarat,Surat,Cash on Delivery
ORD104397,2025-04-15,CUST1894,Arjun Shah,Printer,Office Equipment,2,12500.0,25000.0,19600,5400.0,South,Telangana,Hyderabad,UPI
ORD104398,2025-05-21,CUST1458,Aarav Yadav,External SSD,Storage,1,8500.0,8500.0,6200,2300.0,North,Punjab,Ludhiana,Net Banking
ORD104399,2025-01-04,CUST1629,Tanvi Verma,Desk,Furniture,1,12000.0,12000.0,9000,3000.0,North,Rajasthan,Jaipur,UPI
ORD104400,2025-02-17,CUST1261,Karan Singh,Webcam,Accessories,2,2800.0,5600.0,3400,2200.0,West,Goa,Panaji,Net Banking
ORD104401,2025-10-16,CUST1615,Nisha Gupta,Office Chair,Furniture,1,9500.0,9500.0,7000,2500.0,East,Bihar,Patna,UPI
ORD104402,2025-08-06,CUST1853,Arjun Nair,Tablet,Electronics,1,25200.0,25200.0,19500,5700.0,West,Maharashtra,Mumbai,Debit Card
ORD104403,2025-02-10,CUST1861,Priya Shah,Headphones,Accessories,1,3500.0,3500.0,2200,1300.0,South,Tamil Nadu,Chennai,Cash on Delivery
ORD104404,2025-08-31,CUST1144,Ishaan Mehta,Printer,Office Equipment,2,12500.0,25000.0,19600,5400.0,North,Delhi,New Delhi,Debit Card
ORD104405,2025-03-27,CUST1609,Riya Yadav,Office Chair,Furniture,3,9975.0,29925.0,21000,8925.0,East,Jharkhand,Ranchi,Cash on Delivery
ORD104406,2025-12-11,CUST1878,Kavya Verma,Printer,Office Equipment,2,12500.0,25000.0,19600,5400.0,South,Karnataka,Bengaluru,Debit Card
ORD104407,2025-01-10,CUST1468,Riya Sharma,Desk,Furniture,3,12000.0,36000.0,27000,9000.0,South,Telangana,Hyderabad,Cash on Delivery
ORD104408,2025-01-02,CUST1586,Priya Chaudhary,Keyboard,Accessories,3,2200.0,6600.0,4200,2400.0,South,Andhra Pradesh,Vijayawada,Debit Card
ORD104409,2025-08-20,CUST1121,Arjun Kulkarni,Mouse,Accessories,1,1200.0,1200.0,700,500.0,South,Tamil Nadu,Chennai,Cash on Delivery
ORD104410,2025-06-19,CUST1716,Ishaan Singh,Monitor,Electronics,2,18000.0,36000.0,27000,9000.0,North,Haryana,Gurugram,Cash on Delivery
ORD104411,2025-09-02,CUST1717,Sahil Joshi,Office Chair,Furniture,1,9500.0,9500.0,7000,2500.0,West,Maharashtra,Nashik,UPI
ORD104412,2025-06-30,CUST1804,Rohan Mehta,Laptop,Electronics,2,65000.0,130000.0,104000,26000.0,West,Maharashtra,Pune,Net Banking
ORD104413,2025-12-14,CUST1614,Ananya Patil,External SSD,Storage,1,8925.0,8925.0,6200,2725.0,West,Gujarat,Ahmedabad,UPI
ORD104414,2025-02-03,CUST1021,Nisha Deshmukh,External SSD,Storage,1,8500.0,8500.0,6200,2300.0,North,Rajasthan,Jaipur,UPI
ORD104415,2025-07-10,CUST1307,Rohan Chaudhary,Printer,Office Equipment,2,12500.0,25000.0,19600,5400.0,North,Haryana,Gurugram,Credit Card
ORD104416,2025-09-16,CUST1868,Tanvi Yadav,External SSD,Storage,3,8500.0,25500.0,18600,6900.0,North,Punjab,Ludhiana,Net Banking
ORD104417,2025-05-17,CUST1077,Rahul Patil,Printer,Office Equipment,3,12500.0,37500.0,29400,8100.0,South,Karnataka,Bengaluru,Credit Card
ORD104418,2025-01-01,CUST1090,Vikram Reddy,Tablet,Electronics,1,22800.0,22800.0,19500,3300.0,West,Maharashtra,Nashik,Debit Card
ORD104419,2025-03-22,CUST1077,Kavya Reddy,Monitor,Electronics,2,18000.0,36000.0,27000,9000.0,West,Maharashtra,Pune,Cash on Delivery
ORD104420,2025-06-23,CUST1803,Diya Gupta,Office Chair,Furniture,1,9500.0,9500.0,7000,2500.0,South,Andhra Pradesh,Vijayawada,Cash on Delivery
ORD104421,2025-01-07,CUST1135,Aditya Iyer,Tablet,Electronics,1,24000.0,24000.0,19500,4500.0,West,Gujarat,Ahmedabad,Net Banking
ORD104422,2025-01-30,CUST1142,Sneha Kulkarni,External SSD,Storage,1,8075.0,8075.0,6200,1875.0,North,Uttar Pradesh,Noida,Debit Card
ORD104423,2025-07-26,CUST1112,Ananya Yadav,Monitor,Electronics,1,18000.0,18000.0,13500,4500.0,North,Punjab,Ludhiana,UPI
ORD104424,2025-11-07,CUST1568,Meera Singh,Monitor,Electronics,2,18000.0,36000.0,27000,9000.0,South,Tamil Nadu,Chennai,Credit Card
ORD104425,2025-03-25,CUST1985,Neha Nair,Monitor,Electronics,1,18000.0,18000.0,13500,4500.0,South,Tamil Nadu,Chennai,Debit Card
ORD104426,2025-12-08,CUST1024,Pooja Singh,Headphones,Accessories,2,3500.0,7000.0,4400,2600.0,East,Jharkhand,Ranchi,Debit Card
ORD104427,2025-02-04,CUST1103,Riya Mehta,External SSD,Storage,2,8500.0,17000.0,12400,4600.0,East,Assam,Guwahati,Net Banking
ORD104428,2025-06-14,CUST1840,Meera Kulkarni,Monitor,Electronics,2,18000.0,36000.0,27000,9000.0,East,Jharkhand,Ranchi,UPI
ORD104429,2025-02-19,CUST1208,Arjun Kulkarni,Mouse,Accessories,2,1200.0,2400.0,1400,1000.0,South,Andhra Pradesh,Vijayawada,Net Banking
ORD104430,2025-03-26,CUST1047,Kavya Shah,External SSD,Storage,1,8500.0,8500.0,6200,2300.0,West,Maharashtra,Mumbai,Debit Card
ORD104431,2025-04-02,CUST1693,Aarav Mehta,Smartphone,Electronics,2,32000.0,64000.0,54000,10000.0,East,Jharkhand,Ranchi,Credit Card
ORD104432,2025-08-08,CUST1536,Nisha Reddy,Monitor,Electronics,2,18000.0,36000.0,27000,9000.0,East,Assam,Guwahati,Debit Card
ORD104433,2025-11-10,CUST1110,Riya Patil,Headphones,Accessories,1,3500.0,3500.0,2200,1300.0,South,Telangana,Hyderabad,Net Banking
ORD104434,2025-11-29,CUST1829,Pooja Nair,Desk,Furniture,1,12000.0,12000.0,9000,3000.0,West,Maharashtra,Mumbai,Credit Card
ORD104435,2025-03-18,CUST1215,Priya Kulkarni,Mouse,Accessories,1,1200.0,1200.0,700,500.0,North,Haryana,Gurugram,Credit Card
ORD104436,2025-03-07,CUST1343,Sahil Verma,Webcam,Accessories,2,2800.0,5600.0,3400,2200.0,South,Andhra Pradesh,Vijayawada,Credit Card
ORD104437,2025-11-12,CUST1630,Meera Deshmukh,External SSD,Storage,2,8500.0,17000.0,12400,4600.0,East,Odisha,Bhubaneswar,Cash on Delivery
ORD104438,2025-05-16,CUST1327,Ananya Sharma,Headphones,Accessories,3,3500.0,10500.0,6600,3900.0,East,Assam,Guwahati,Debit Card
ORD104439,2025-09-22,CUST1490,Karan Nair,Monitor,Electronics,1,18000.0,18000.0,13500,4500.0,North,Uttar Pradesh,Noida,Net Banking
ORD104440,2025-08-30,CUST1471,Sahil Singh,Webcam,Accessories,5,2660.0,13300.0,8500,4800.0,North,Punjab,Ludhiana,Cash on Delivery
ORD104441,2025-05-19,CUST1212,Riya Joshi,Headphones,Accessories,1,3675.0,3675.0,2200,1475.0,West,Maharashtra,Mumbai,Cash on Delivery
ORD104442,2025-06-16,CUST1932,Ishaan Singh,Desk,Furniture,1,12000.0,12000.0,9000,3000.0,South,Karnataka,Bengaluru,Cash on Delivery
ORD104443,2025-11-13,CUST1999,Kavya Yadav,Webcam,Accessories,1,2660.0,2660.0,1700,960.0,West,Maharashtra,Mumbai,Debit Card
ORD104444,2025-09-15,CUST1451,Priya Kulkarni,Webcam,Accessories,4,2800.0,11200.0,6800,4400.0,East,Odisha,Bhubaneswar,Net Banking
ORD104445,2025-04-15,CUST1754,Nisha Iyer,Tablet,Electronics,1,24000.0,24000.0,19500,4500.0,South,Telangana,Hyderabad,Credit Card
ORD104446,2025-04-15,CUST1240,Ananya Singh,Headphones,Accessories,2,3500.0,7000.0,4400,2600.0,West,Gujarat,Ahmedabad,UPI
ORD104447,2025-01-29,CUST1717,Priya Patil,Office Chair,Furniture,1,9500.0,9500.0,7000,2500.0,East,Odisha,Bhubaneswar,Debit Card
ORD104448,2025-03-26,CUST1780,Tanvi Deshmukh,Desk,Furniture,1,12000.0,12000.0,9000,3000.0,West,Maharashtra,Mumbai,Credit Card
ORD104449,2025-07-16,CUST1776,Sneha Iyer,Desk,Furniture,2,12000.0,24000.0,18000,6000.0,South,Karnataka,Bengaluru,Net Banking
ORD104450,2025-11-02,CUST1653,Riya Deshmukh,Mouse,Accessories,1,1200.0,1200.0,700,500.0,East,Jharkhand,Ranchi,Cash on Delivery
ORD104451,2025-03-17,CUST1149,Karan Mehta,Mouse,Accessories,2,1200.0,2400.0,1400,1000.0,West,Maharashtra,Pune,Net Banking
ORD104452,2025-05-04,CUST1590,Rahul Chaudhary,Mouse,Accessories,1,1200.0,1200.0,700,500.0,South,Tamil Nadu,Chennai,Net Banking
ORD104453,2025-07-17,CUST1938,Diya Shah,Tablet,Electronics,1,24000.0,24000.0,19500,4500.0,West,Gujarat,Surat,UPI
ORD104454,2025-08-20,CUST1038,Priya Deshmukh,Tablet,Electronics,1,24000.0,24000.0,19500,4500.0,South,Karnataka,Bengaluru,Debit Card
ORD104455,2025-05-06,CUST1807,Ishaan Iyer,Tablet,Electronics,2,22800.0,45600.0,39000,6600.0,West,Maharashtra,Pune,Cash on Delivery
ORD104456,2025-03-26,CUST1860,Vikram Iyer,Keyboard,Accessories,2,2310.0,4620.0,2800,1820.0,East,Jharkhand,Ranchi,Net Banking
ORD104457,2025-09-15,CUST1165,Aarav Nair,Office Chair,Furniture,2,9500.0,19000.0,14000,5000.0,East,Jharkhand,Ranchi,Cash on Delivery
ORD104458,2025-03-19,CUST1570,Karan Mehta,Desk,Furniture,1,11400.0,11400.0,9000,2400.0,North,Rajasthan,Jaipur,Debit Card
ORD104459,2025-11-08,CUST1568,Arjun Joshi,External SSD,Storage,3,8925.0,26775.0,18600,8175.0,East,Odisha,Bhubaneswar,Net Banking
ORD104460,2025-09-14,CUST1596,Tanvi Patil,Mouse,Accessories,2,1200.0,2400.0,1400,1000.0,South,Andhra Pradesh,Vijayawada,UPI
ORD104461,2025-03-15,CUST1813,Ishaan Joshi,Desk,Furniture,1,12000.0,12000.0,9000,3000.0,South,Andhra Pradesh,Vijayawada,Net Banking
ORD104462,2025-11-12,CUST1469,Vikram Singh,Mouse,Accessories,1,1200.0,1200.0,700,500.0,South,Karnataka,Bengaluru,Net Banking
ORD104463,2025-05-24,CUST1563,Neha Sharma,External SSD,Storage,2,8500.0,17000.0,12400,4600.0,North,Haryana,Gurugram,Debit Card
ORD104464,2025-05-10,CUST1729,Diya Reddy,Mouse,Accessories,2,1200.0,2400.0,1400,1000.0,West,Gujarat,Surat,Net Banking
ORD104465,2025-06-13,CUST1340,Ishaan Nair,Keyboard,Accessories,1,2090.0,2090.0,1400,690.0,East,Assam,Guwahati,Net Banking
ORD104466,2025-10-13,CUST1332,Riya Kulkarni,Smartphone,Electronics,2,32000.0,64000.0,54000,10000.0,North,Rajasthan,Jaipur,Debit Card
ORD104467,2025-05-20,CUST1894,Sahil Patil,Headphones,Accessories,1,3500.0,3500.0,2200,1300.0,North,Punjab,Ludhiana,Net Banking
ORD104468,2025-11-11,CUST1884,Arjun Iyer,Webcam,Accessories,1,2800.0,2800.0,1700,1100.0,West,Maharashtra,Pune,Credit Card
ORD104469,2025-07-21,CUST1042,Sahil Gupta,Office Chair,Furniture,2,9500.0,19000.0,14000,5000.0,South,Telangana,Hyderabad,Debit Card
ORD104470,2025-12-19,CUST1680,Kavya Nair,Keyboard,Accessories,1,2200.0,2200.0,1400,800.0,South,Telangana,Hyderabad,Debit Card
ORD104471,2025-08-12,CUST1710,Vikram Mehta,External SSD,Storage,2,8500.0,17000.0,12400,4600.0,West,Maharashtra,Mumbai,Net Banking
ORD104472,2025-06-27,CUST1756,Karan Iyer,Webcam,Accessories,2,2800.0,5600.0,3400,2200.0,West,Maharashtra,Nashik,Net Banking
ORD104473,2025-03-08,CUST1852,Meera Shah,Keyboard,Accessories,1,2200.0,2200.0,1400,800.0,West,Goa,Panaji,Cash on Delivery
ORD104474,2025-10-26,CUST2000,Priya Reddy,Keyboard,Accessories,4,2090.0,8360.0,5600,2760.0,West,Maharashtra,Nashik,Debit Card
ORD104475,2025-10-07,CUST1334,Neha Verma,Monitor,Electronics,2,18000.0,36000.0,27000,9000.0,South,Karnataka,Bengaluru,Credit Card
ORD104476,2025-01-31,CUST1197,Arjun Nair,Keyboard,Accessories,1,2310.0,2310.0,1400,910.0,North,Delhi,New Delhi,Net Banking
ORD104477,2025-03-26,CUST1493,Sahil Yadav,Laptop,Electronics,2,65000.0,130000.0,104000,26000.0,West,Maharashtra,Mumbai,UPI
ORD104478,2025-01-16,CUST1021,Karan Verma,Mouse,Accessories,1,1200.0,1200.0,700,500.0,East,Assam,Guwahati,Debit Card
ORD104479,2025-04-03,CUST1827,Meera Deshmukh,Keyboard,Accessories,3,2200.0,6600.0,4200,2400.0,North,Rajasthan,Jaipur,Net Banking
ORD104480,2025-02-14,CUST1777,Nisha Singh,Keyboard,Accessories,1,2200.0,2200.0,1400,800.0,West,Goa,Panaji,Cash on Delivery
ORD104481,2025-11-07,CUST1863,Ananya Joshi,Keyboard,Accessories,1,2200.0,2200.0,1400,800.0,West,Maharashtra,Nashik,UPI
ORD104482,2025-05-30,CUST1541,Ananya Iyer,Keyboard,Accessories,2,2090.0,4180.0,2800,1380.0,West,Maharashtra,Mumbai,Cash on Delivery
ORD104483,2025-02-06,CUST1404,Arjun Singh,Webcam,Accessories,1,2800.0,2800.0,1700,1100.0,East,West Bengal,Kolkata,Credit Card
ORD104484,2025-02-16,CUST1354,Riya Iyer,Webcam,Accessories,2,2800.0,5600.0,3400,2200.0,North,Rajasthan,Jaipur,UPI
ORD104485,2025-12-14,CUST1367,Neha Nair,External SSD,Storage,1,8925.0,8925.0,6200,2725.0,West,Gujarat,Ahmedabad,Credit Card
ORD104486,2025-04-26,CUST1115,Aarav Shah,Laptop,Electronics,3,65000.0,195000.0,156000,39000.0,North,Rajasthan,Jaipur,Cash on Delivery
ORD104487,2025-04-14,CUST1144,Meera Chaudhary,Monitor,Electronics,3,18000.0,54000.0,40500,13500.0,West,Gujarat,Ahmedabad,Credit Card
ORD104488,2025-06-24,CUST1749,Pooja Verma,Headphones,Accessories,1,3500.0,3500.0,2200,1300.0,South,Telangana,Hyderabad,Debit Card
ORD104489,2025-05-20,CUST1377,Kavya Chaudhary,Laptop,Electronics,3,65000.0,195000.0,156000,39000.0,South,Telangana,Hyderabad,Credit Card
ORD104490,2025-08-25,CUST1347,Sneha Verma,Smartphone,Electronics,2,32000.0,64000.0,54000,10000.0,East,West Bengal,Kolkata,UPI
ORD104491,2025-06-28,CUST1965,Diya Shah,Headphones,Accessories,1,3500.0,3500.0,2200,1300.0,South,Karnataka,Bengaluru,Cash on Delivery
ORD104492,2025-09-03,CUST1995,Tanvi Iyer,Smartphone,Electronics,3,32000.0,96000.0,81000,15000.0,South,Tamil Nadu,Chennai,Credit Card
ORD104493,2025-02-20,CUST1364,Riya Yadav,Office Chair,Furniture,1,9500.0,9500.0,7000,2500.0,West,Gujarat,Ahmedabad,Credit Card
ORD104494,2025-03-14,CUST1990,Sahil Patil,Smartphone,Electronics,4,32000.0,128000.0,108000,20000.0,North,Punjab,Ludhiana,Credit Card
ORD104495,2025-12-02,CUST1759,Rahul Yadav,Desk,Furniture,1,12000.0,12000.0,9000,3000.0,East,West Bengal,Kolkata,Credit Card
ORD104496,2025-11-18,CUST1115,Aarav Shah,Keyboard,Accessories,5,2200.0,11000.0,7000,4000.0,East,Assam,Guwahati,Cash on Delivery
ORD104497,2025-10-22,CUST1491,Sneha Joshi,Monitor,Electronics,1,18000.0,18000.0,13500,4500.0,North,Rajasthan,Jaipur,Credit Card
ORD104498,2025-02-26,CUST1076,Ananya Gupta,Keyboard,Accessories,1,2200.0,2200.0,1400,800.0,South,Tamil Nadu,Chennai,Net Banking
ORD104499,2025-07-01,CUST1676,Neha Deshmukh,Monitor,Electronics,1,17100.0,17100.0,13500,3600.0,East,West Bengal,Kolkata,Credit Card
ORD104500,2025-11-19,CUST1043,Pooja Kulkarni,Monitor,Electronics,1,18000.0,18000.0,13500,4500.0,East,West Bengal,Kolkata,Debit Card
ORD104501,2025-02-20,CUST1616,Ishaan Shah,Laptop,Electronics,3,65000.0,195000.0,156000,39000.0,North,Rajasthan,Jaipur,Debit Card
ORD104502,2025-12-25,CUST1532,Priya Yadav,Webcam,Accessories,1,2800.0,2800.0,1700,1100.0,West,Maharashtra,Mumbai,Net Banking
ORD104503,2025-12-05,CUST1646,Diya Deshmukh,Tablet,Electronics,5,24000.0,120000.0,97500,22500.0,West,Maharashtra,Mumbai,Net Banking
ORD104504,2025-04-04,CUST1631,Aarav Nair,Laptop,Electronics,1,65000.0,65000.0,52000,13000.0,West,Goa,Panaji,Net Banking
ORD104505,2025-12-18,CUST1670,Aditya Singh,Webcam,Accessories,1,2800.0,2800.0,1700,1100.0,East,West Bengal,Kolkata,Cash on Delivery
ORD104506,2025-11-27,CUST1951,Kavya Yadav,Monitor,Electronics,1,18000.0,18000.0,13500,4500.0,West,Goa,Panaji,Cash on Delivery
ORD104507,2025-08-07,CUST1528,Tanvi Shah,Office Chair,Furniture,2,9500.0,19000.0,14000,5000.0,South,Karnataka,Bengaluru,Credit Card
ORD104508,2025-03-09,CUST1924,Vikram Kulkarni,Keyboard,Accessories,2,2200.0,4400.0,2800,1600.0,East,Bihar,Patna,Debit Card
ORD104509,2025-01-03,CUST1410,Karan Joshi,Webcam,Accessories,1,2800.0,2800.0,1700,1100.0,South,Kerala,Kochi,Debit Card
ORD104510,2025-06-17,CUST1235,Nisha Shah,Webcam,Accessories,1,2800.0,2800.0,1700,1100.0,South,Tamil Nadu,Chennai,Net Banking
ORD104511,2025-07-12,CUST1824,Sneha Chaudhary,Monitor,Electronics,1,18000.0,18000.0,13500,4500.0,West,Maharashtra,Mumbai,Net Banking
ORD104512,2025-04-08,CUST1697,Diya Chaudhary,Laptop,Electronics,1,65000.0,65000.0,52000,13000.0,South,Telangana,Hyderabad,Debit Card
ORD104513,2025-11-15,CUST1944,Aditya Shah,Smartphone,Electronics,1,33600.0,33600.0,27000,6600.0,North,Haryana,Gurugram,Net Banking
ORD104514,2025-07-25,CUST1791,Aarav Patil,Headphones,Accessories,2,3325.0,6650.0,4400,2250.0,South,Telangana,Hyderabad,Credit Card
ORD104515,2025-08-01,CUST1070,Sneha Singh,Printer,Office Equipment,2,12500.0,25000.0,19600,5400.0,West,Gujarat,Ahmedabad,Credit Card
ORD104516,2025-01-30,CUST1154,Vikram Mehta,Tablet,Electronics,2,22800.0,45600.0,39000,6600.0,South,Karnataka,Bengaluru,Debit Card
ORD104517,2025-02-05,CUST1618,Rahul Chaudhary,Keyboard,Accessories,1,2200.0,2200.0,1400,800.0,West,Maharashtra,Nashik,Net Banking
ORD104518,2025-08-19,CUST1366,Nisha Mehta,Tablet,Electronics,4,25200.0,100800.0,78000,22800.0,West,Gujarat,Surat,Cash on Delivery
ORD104519,2025-09-30,CUST1184,Karan Chaudhary,Webcam,Accessories,1,2940.0,2940.0,1700,1240.0,South,Telangana,Hyderabad,UPI
ORD104520,2025-06-24,CUST1590,Kavya Deshmukh,Webcam,Accessories,2,2800.0,5600.0,3400,2200.0,East,Bihar,Patna,Net Banking
ORD104521,2025-03-05,CUST1201,Diya Shah,Printer,Office Equipment,2,12500.0,25000.0,19600,5400.0,East,West Bengal,Kolkata,Net Banking
ORD104522,2025-10-29,CUST1548,Kavya Chaudhary,Smartphone,Electronics,5,30400.0,152000.0,135000,17000.0,North,Punjab,Ludhiana,Debit Card
ORD104523,2025-09-05,CUST1050,Ananya Nair,Laptop,Electronics,4,68250.0,273000.0,208000,65000.0,South,Andhra Pradesh,Vijayawada,UPI
ORD104524,2025-01-07,CUST1081,Ananya Nair,Printer,Office Equipment,1,12500.0,12500.0,9800,2700.0,West,Maharashtra,Mumbai,Credit Card
ORD104525,2025-11-16,CUST1009,Karan Verma,Keyboard,Accessories,2,2200.0,4400.0,2800,1600.0,West,Maharashtra,Mumbai,UPI
ORD104526,2025-12-18,CUST1295,Aditya Yadav,Webcam,Accessories,1,2800.0,2800.0,1700,1100.0,West,Goa,Panaji,UPI
ORD104527,2025-11-14,CUST1156,Neha Gupta,External SSD,Storage,1,8925.0,8925.0,6200,2725.0,East,Assam,Guwahati,Credit Card
ORD104528,2025-03-18,CUST1715,Sneha Sharma,Keyboard,Accessories,4,2200.0,8800.0,5600,3200.0,South,Andhra Pradesh,Vijayawada,Credit Card
ORD104529,2025-12-28,CUST1731,Pooja Iyer,Monitor,Electronics,2,18000.0,36000.0,27000,9000.0,South,Andhra Pradesh,Vijayawada,Credit Card
ORD104530,2025-07-24,CUST1768,Aarav Gupta,Tablet,Electronics,4,24000.0,96000.0,78000,18000.0,South,Tamil Nadu,Chennai,UPI
ORD104531,2025-12-11,CUST1704,Sahil Mehta,Laptop,Electronics,1,65000.0,65000.0,52000,13000.0,North,Rajasthan,Jaipur,Debit Card
ORD104532,2025-09-20,CUST1233,Ishaan Sharma,Desk,Furniture,3,11400.0,34200.0,27000,7200.0,West,Maharashtra,Mumbai,Net Banking
ORD104533,2025-05-18,CUST1849,Tanvi Nair,Keyboard,Accessories,2,2200.0,4400.0,2800,1600.0,South,Karnataka,Bengaluru,Debit Card
ORD104534,2025-08-09,CUST1906,Kavya Deshmukh,Mouse,Accessories,1,1200.0,1200.0,700,500.0,East,Bihar,Patna,Net Banking
ORD104535,2025-07-07,CUST1332,Aditya Singh,External SSD,Storage,1,8500.0,8500.0,6200,2300.0,East,West Bengal,Kolkata,UPI
ORD104536,2025-02-25,CUST1498,Aarav Deshmukh,Printer,Office Equipment,3,13125.0,39375.0,29400,9975.0,South,Andhra Pradesh,Vijayawada,Cash on Delivery
ORD104537,2025-01-23,CUST1881,Priya Iyer,Smartphone,Electronics,1,32000.0,32000.0,27000,5000.0,West,Goa,Panaji,UPI
ORD104538,2025-06-01,CUST1358,Karan Deshmukh,Office Chair,Furniture,2,9500.0,19000.0,14000,5000.0,East,Bihar,Patna,Cash on Delivery
ORD104539,2025-04-10,CUST1162,Rohan Joshi,Printer,Office Equipment,2,12500.0,25000.0,19600,5400.0,West,Goa,Panaji,UPI
ORD104540,2025-02-19,CUST1988,Nisha Patil,Printer,Office Equipment,1,12500.0,12500.0,9800,2700.0,West,Gujarat,Ahmedabad,Debit Card
ORD104541,2025-04-08,CUST1561,Priya Reddy,Tablet,Electronics,1,24000.0,24000.0,19500,4500.0,East,Odisha,Bhubaneswar,Cash on Delivery
ORD104542,2025-01-04,CUST1194,Kavya Sharma,Webcam,Accessories,3,2800.0,8400.0,5100,3300.0,West,Goa,Panaji,Net Banking
ORD104543,2025-08-16,CUST1858,Vikram Joshi,Laptop,Electronics,2,65000.0,130000.0,104000,26000.0,West,Maharashtra,Pune,Debit Card
ORD104544,2025-11-30,CUST1754,Pooja Verma,Webcam,Accessories,1,2800.0,2800.0,1700,1100.0,South,Karnataka,Bengaluru,Credit Card
ORD104545,2025-03-23,CUST1346,Pooja Yadav,Webcam,Accessories,3,2800.0,8400.0,5100,3300.0,South,Telangana,Hyderabad,Cash on Delivery
ORD104546,2025-12-30,CUST1307,Rohan Kulkarni,Tablet,Electronics,2,25200.0,50400.0,39000,11400.0,South,Karnataka,Bengaluru,Credit Card
ORD104547,2025-10-18,CUST1792,Aditya Iyer,Webcam,Accessories,1,2800.0,2800.0,1700,1100.0,West,Goa,Panaji,UPI
ORD104548,2025-05-05,CUST1310,Riya Sharma,Tablet,Electronics,2,25200.0,50400.0,39000,11400.0,North,Haryana,Gurugram,Cash on Delivery
ORD104549,2025-02-21,CUST1810,Aditya Kulkarni,Webcam,Accessories,1,2660.0,2660.0,1700,960.0,West,Gujarat,Ahmedabad,Debit Card
ORD104550,2025-12-31,CUST1069,Nisha Singh,Printer,Office Equipment,1,12500.0,12500.0,9800,2700.0,East,West Bengal,Kolkata,Net Banking
ORD104551,2025-04-19,CUST1486,Sneha Deshmukh,Printer,Office Equipment,1,12500.0,12500.0,9800,2700.0,North,Delhi,New Delhi,Debit Card
ORD104552,2025-07-17,CUST1985,Rahul Reddy,Office Chair,Furniture,2,9500.0,19000.0,14000,5000.0,West,Goa,Panaji,UPI
ORD104553,2025-06-07,CUST1767,Kavya Iyer,External SSD,Storage,1,8500.0,8500.0,6200,2300.0,West,Maharashtra,Pune,Credit Card
ORD104554,2025-03-30,CUST1270,Arjun Shah,Mouse,Accessories,2,1200.0,2400.0,1400,1000.0,North,Punjab,Ludhiana,Cash on Delivery
ORD104555,2025-07-15,CUST1374,Karan Mehta,Keyboard,Accessories,3,2200.0,6600.0,4200,2400.0,North,Uttar Pradesh,Noida,UPI
ORD104556,2025-05-25,CUST1987,Ananya Yadav,Monitor,Electronics,3,18000.0,54000.0,40500,13500.0,West,Maharashtra,Pune,Credit Card
ORD104557,2025-11-29,CUST1697,Kavya Singh,Desk,Furniture,1,12000.0,12000.0,9000,3000.0,North,Rajasthan,Jaipur,Cash on Delivery
ORD104558,2025-12-11,CUST1658,Tanvi Deshmukh,Mouse,Accessories,1,1200.0,1200.0,700,500.0,North,Punjab,Ludhiana,Cash on Delivery
ORD104559,2025-03-03,CUST1439,Sahil Verma,Headphones,Accessories,2,3500.0,7000.0,4400,2600.0,South,Tamil Nadu,Chennai,Credit Card
ORD104560,2025-01-27,CUST1831,Rohan Deshmukh,Desk,Furniture,1,12000.0,12000.0,9000,3000.0,North,Rajasthan,Jaipur,Debit Card
ORD104561,2025-03-22,CUST1538,Sneha Chaudhary,Monitor,Electronics,1,18000.0,18000.0,13500,4500.0,South,Kerala,Kochi,Cash on Delivery
ORD104562,2025-08-06,CUST1891,Kavya Iyer,Desk,Furniture,2,12000.0,24000.0,18000,6000.0,West,Maharashtra,Mumbai,Credit Card
ORD104563,2025-01-02,CUST1017,Arjun Shah,Laptop,Electronics,1,65000.0,65000.0,52000,13000.0,East,Odisha,Bhubaneswar,UPI
ORD104564,2025-04-01,CUST1347,Rahul Joshi,External SSD,Storage,1,8500.0,8500.0,6200,2300.0,West,Maharashtra,Nashik,Debit Card
ORD104565,2025-09-16,CUST1210,Priya Deshmukh,Office Chair,Furniture,1,9500.0,9500.0,7000,2500.0,West,Maharashtra,Nashik,Credit Card
ORD104566,2025-09-10,CUST1075,Neha Mehta,Printer,Office Equipment,1,12500.0,12500.0,9800,2700.0,West,Maharashtra,Pune,UPI
ORD104567,2025-04-02,CUST1257,Riya Nair,Headphones,Accessories,2,3500.0,7000.0,4400,2600.0,South,Andhra Pradesh,Vijayawada,UPI
ORD104568,2025-03-10,CUST1201,Priya Sharma,Keyboard,Accessories,1,2200.0,2200.0,1400,800.0,South,Karnataka,Bengaluru,Cash on Delivery
ORD104569,2025-10-18,CUST1855,Sneha Nair,Webcam,Accessories,3,2800.0,8400.0,5100,3300.0,South,Karnataka,Bengaluru,Net Banking
ORD104570,2025-05-30,CUST1744,Diya Sharma,Monitor,Electronics,1,18000.0,18000.0,13500,4500.0,East,West Bengal,Kolkata,Credit Card
ORD104571,2025-12-08,CUST1539,Rohan Iyer,Office Chair,Furniture,2,9500.0,19000.0,14000,5000.0,North,Haryana,Gurugram,Credit Card
ORD104572,2025-03-01,CUST1113,Diya Mehta,Webcam,Accessories,1,2660.0,2660.0,1700,960.0,East,Bihar,Patna,Credit Card
ORD104573,2025-07-14,CUST1685,Kavya Verma,Headphones,Accessories,1,3500.0,3500.0,2200,1300.0,East,Bihar,Patna,Debit Card
ORD104574,2025-01-22,CUST1666,Karan Singh,Mouse,Accessories,3,1200.0,3600.0,2100,1500.0,West,Maharashtra,Nashik,UPI
ORD104575,2025-08-18,CUST1795,Arjun Shah,Desk,Furniture,1,12000.0,12000.0,9000,3000.0,North,Haryana,Gurugram,Credit Card
ORD104576,2025-08-22,CUST1262,Sneha Nair,Office Chair,Furniture,4,9500.0,38000.0,28000,10000.0,West,Gujarat,Surat,Cash on Delivery
ORD104577,2025-01-22,CUST1834,Ishaan Shah,Headphones,Accessories,1,3500.0,3500.0,2200,1300.0,North,Haryana,Gurugram,Net Banking
ORD104578,2025-05-30,CUST1107,Riya Yadav,Laptop,Electronics,1,65000.0,65000.0,52000,13000.0,West,Gujarat,Ahmedabad,Credit Card
ORD104579,2025-10-25,CUST1457,Riya Sharma,Webcam,Accessories,4,2660.0,10640.0,6800,3840.0,North,Rajasthan,Jaipur,Cash on Delivery
ORD104580,2025-01-30,CUST1014,Meera Yadav,Monitor,Electronics,1,18900.0,18900.0,13500,5400.0,South,Telangana,Hyderabad,Debit Card
ORD104581,2025-07-18,CUST1298,Rahul Patil,External SSD,Storage,1,8500.0,8500.0,6200,2300.0,North,Uttar Pradesh,Noida,Net Banking
ORD104582,2025-05-20,CUST1765,Kavya Sharma,Desk,Furniture,1,11400.0,11400.0,9000,2400.0,North,Haryana,Gurugram,Cash on Delivery
ORD104583,2025-03-15,CUST1282,Aarav Nair,Headphones,Accessories,3,3500.0,10500.0,6600,3900.0,West,Maharashtra,Mumbai,UPI
ORD104584,2025-02-11,CUST1604,Aditya Patil,Laptop,Electronics,1,65000.0,65000.0,52000,13000.0,East,West Bengal,Kolkata,UPI
ORD104585,2025-05-01,CUST1440,Pooja Verma,Smartphone,Electronics,1,32000.0,32000.0,27000,5000.0,South,Tamil Nadu,Chennai,Credit Card
ORD104586,2025-04-06,CUST1543,Neha Patil,Mouse,Accessories,1,1200.0,1200.0,700,500.0,North,Haryana,Gurugram,Credit Card
ORD104587,2025-08-05,CUST1563,Rahul Shah,Tablet,Electronics,1,24000.0,24000.0,19500,4500.0,West,Maharashtra,Nashik,Debit Card
ORD104588,2025-08-24,CUST1575,Aarav Chaudhary,Keyboard,Accessories,1,2200.0,2200.0,1400,800.0,West,Maharashtra,Nashik,Net Banking
ORD104589,2025-02-25,CUST1965,Riya Iyer,Webcam,Accessories,1,2800.0,2800.0,1700,1100.0,East,Assam,Guwahati,Debit Card
ORD104590,2025-05-05,CUST1792,Aarav Nair,Smartphone,Electronics,1,32000.0,32000.0,27000,5000.0,South,Andhra Pradesh,Vijayawada,Cash on Delivery
ORD104591,2025-10-18,CUST1043,Neha Kulkarni,Headphones,Accessories,2,3675.0,7350.0,4400,2950.0,West,Gujarat,Ahmedabad,Cash on Delivery
ORD104592,2025-11-15,CUST1113,Arjun Joshi,Office Chair,Furniture,1,9500.0,9500.0,7000,2500.0,North,Rajasthan,Jaipur,Credit Card
ORD104593,2025-11-03,CUST1478,Ananya Sharma,External SSD,Storage,1,8500.0,8500.0,6200,2300.0,North,Delhi,New Delhi,Debit Card
ORD104594,2025-09-11,CUST1305,Aarav Iyer,Printer,Office Equipment,1,12500.0,12500.0,9800,2700.0,West,Maharashtra,Mumbai,Cash on Delivery
ORD104595,2025-08-07,CUST1664,Arjun Reddy,Office Chair,Furniture,3,9500.0,28500.0,21000,7500.0,North,Uttar Pradesh,Noida,Net Banking
ORD104596,2025-04-17,CUST1495,Karan Chaudhary,External SSD,Storage,1,8500.0,8500.0,6200,2300.0,West,Maharashtra,Nashik,Credit Card
ORD104597,2025-12-29,CUST1672,Aditya Iyer,External SSD,Storage,2,8500.0,17000.0,12400,4600.0,South,Karnataka,Bengaluru,UPI
ORD104598,2025-08-06,CUST1517,Meera Yadav,Keyboard,Accessories,1,2200.0,2200.0,1400,800.0,West,Goa,Panaji,Credit Card
ORD104599,2025-03-20,CUST1486,Ishaan Nair,Tablet,Electronics,1,24000.0,24000.0,19500,4500.0,West,Maharashtra,Pune,Credit Card
ORD104600,2025-03-22,CUST1560,Meera Deshmukh,Desk,Furniture,1,12000.0,12000.0,9000,3000.0,West,Maharashtra,Mumbai,UPI
ORD104601,2025-05-07,CUST1249,Diya Shah,Desk,Furniture,5,12000.0,60000.0,45000,15000.0,South,Andhra Pradesh,Vijayawada,Cash on Delivery
ORD104602,2025-01-25,CUST1727,Karan Iyer,Office Chair,Furniture,2,9500.0,19000.0,14000,5000.0,North,Punjab,Ludhiana,Net Banking
ORD104603,2025-05-20,CUST1583,Karan Verma,Mouse,Accessories,2,1200.0,2400.0,1400,1000.0,North,Punjab,Ludhiana,UPI
ORD104604,2025-10-13,CUST1319,Ananya Gupta,Desk,Furniture,1,12000.0,12000.0,9000,3000.0,South,Kerala,Kochi,UPI
ORD104605,2025-01-18,CUST1387,Aditya Deshmukh,Mouse,Accessories,3,1200.0,3600.0,2100,1500.0,South,Andhra Pradesh,Vijayawada,Debit Card
ORD104606,2025-11-25,CUST1954,Ananya Shah,External SSD,Storage,1,8075.0,8075.0,6200,1875.0,West,Gujarat,Ahmedabad,Net Banking
ORD104607,2025-11-14,CUST1418,Kavya Sharma,Monitor,Electronics,5,18000.0,90000.0,67500,22500.0,West,Gujarat,Ahmedabad,Cash on Delivery
ORD104608,2025-03-14,CUST1904,Sneha Joshi,Desk,Furniture,3,12600.0,37800.0,27000,10800.0,West,Gujarat,Ahmedabad,Credit Card
ORD104609,2025-11-08,CUST1106,Aarav Verma,Laptop,Electronics,2,65000.0,130000.0,104000,26000.0,South,Tamil Nadu,Chennai,Credit Card
ORD104610,2025-03-01,CUST1453,Aditya Patil,Monitor,Electronics,3,17100.0,51300.0,40500,10800.0,South,Andhra Pradesh,Vijayawada,UPI
ORD104611,2025-04-15,CUST1021,Vikram Reddy,Keyboard,Accessories,1,2310.0,2310.0,1400,910.0,East,West Bengal,Kolkata,Credit Card
ORD104612,2025-12-12,CUST1266,Ishaan Mehta,Printer,Office Equipment,1,12500.0,12500.0,9800,2700.0,West,Gujarat,Surat,Credit Card
ORD104613,2025-03-29,CUST1118,Meera Yadav,Keyboard,Accessories,1,2200.0,2200.0,1400,800.0,South,Tamil Nadu,Chennai,UPI
ORD104614,2025-01-05,CUST1254,Aarav Verma,Printer,Office Equipment,2,12500.0,25000.0,19600,5400.0,West,Maharashtra,Nashik,Net Banking
ORD104615,2025-05-25,CUST1563,Tanvi Gupta,Tablet,Electronics,4,24000.0,96000.0,78000,18000.0,West,Gujarat,Ahmedabad,Credit Card
ORD104616,2025-12-23,CUST1272,Riya Mehta,Tablet,Electronics,2,24000.0,48000.0,39000,9000.0,South,Kerala,Kochi,UPI
ORD104617,2025-07-09,CUST1407,Ananya Deshmukh,External SSD,Storage,1,8500.0,8500.0,6200,2300.0,South,Tamil Nadu,Chennai,Net Banking
ORD104618,2025-07-29,CUST1231,Arjun Patil,Tablet,Electronics,3,24000.0,72000.0,58500,13500.0,West,Goa,Panaji,Credit Card
ORD104619,2025-02-12,CUST1479,Neha Shah,Printer,Office Equipment,1,12500.0,12500.0,9800,2700.0,North,Punjab,Ludhiana,Debit Card
ORD104620,2025-03-06,CUST1657,Sneha Patil,Keyboard,Accessories,2,2200.0,4400.0,2800,1600.0,South,Karnataka,Bengaluru,Credit Card
ORD104621,2025-08-26,CUST1091,Pooja Gupta,Mouse,Accessories,2,1260.0,2520.0,1400,1120.0,West,Gujarat,Ahmedabad,Debit Card
ORD104622,2025-08-13,CUST1201,Diya Nair,Keyboard,Accessories,1,2310.0,2310.0,1400,910.0,East,Bihar,Patna,Debit Card
ORD104623,2025-05-13,CUST1252,Arjun Singh,Smartphone,Electronics,3,33600.0,100800.0,81000,19800.0,East,West Bengal,Kolkata,Debit Card
ORD104624,2025-03-04,CUST1654,Ishaan Chaudhary,Monitor,Electronics,1,17100.0,17100.0,13500,3600.0,East,West Bengal,Kolkata,Cash on Delivery
ORD104625,2025-01-14,CUST1520,Meera Sharma,Desk,Furniture,2,12000.0,24000.0,18000,6000.0,North,Haryana,Gurugram,UPI
ORD104626,2025-07-09,CUST1568,Tanvi Iyer,Printer,Office Equipment,4,13125.0,52500.0,39200,13300.0,North,Delhi,New Delhi,Net Banking
ORD104627,2025-03-26,CUST1757,Meera Yadav,Desk,Furniture,1,12000.0,12000.0,9000,3000.0,North,Uttar Pradesh,Noida,Cash on Delivery
ORD104628,2025-03-29,CUST1808,Aditya Singh,Office Chair,Furniture,2,9500.0,19000.0,14000,5000.0,North,Uttar Pradesh,Noida,Credit Card
ORD104629,2025-05-12,CUST2000,Vikram Chaudhary,Headphones,Accessories,1,3500.0,3500.0,2200,1300.0,East,Bihar,Patna,Cash on Delivery
ORD104630,2025-03-09,CUST1331,Arjun Reddy,Office Chair,Furniture,3,9500.0,28500.0,21000,7500.0,West,Maharashtra,Nashik,Credit Card
ORD104631,2025-04-18,CUST1106,Kavya Nair,Keyboard,Accessories,1,2200.0,2200.0,1400,800.0,East,West Bengal,Kolkata,Credit Card
ORD104632,2025-01-25,CUST1635,Tanvi Patil,Desk,Furniture,1,12000.0,12000.0,9000,3000.0,South,Kerala,Kochi,Debit Card
ORD104633,2025-09-01,CUST1391,Riya Nair,Office Chair,Furniture,1,9025.0,9025.0,7000,2025.0,West,Maharashtra,Mumbai,Credit Card
ORD104634,2025-12-16,CUST1286,Pooja Reddy,Desk,Furniture,2,12000.0,24000.0,18000,6000.0,North,Punjab,Ludhiana,Cash on Delivery
ORD104635,2025-05-14,CUST1026,Rohan Patil,Monitor,Electronics,4,18000.0,72000.0,54000,18000.0,South,Telangana,Hyderabad,Cash on Delivery
ORD104636,2025-08-06,CUST1095,Arjun Nair,Keyboard,Accessories,3,2200.0,6600.0,4200,2400.0,North,Haryana,Gurugram,Debit Card
ORD104637,2025-08-15,CUST1007,Neha Verma,Mouse,Accessories,2,1200.0,2400.0,1400,1000.0,West,Maharashtra,Pune,Credit Card
ORD104638,2025-10-17,CUST1288,Meera Nair,External SSD,Storage,1,8075.0,8075.0,6200,1875.0,West,Maharashtra,Nashik,Credit Card
ORD104639,2025-07-11,CUST1825,Pooja Nair,Smartphone,Electronics,2,32000.0,64000.0,54000,10000.0,North,Rajasthan,Jaipur,Credit Card
ORD104640,2025-06-21,CUST1234,Nisha Nair,Printer,Office Equipment,1,12500.0,12500.0,9800,2700.0,West,Maharashtra,Mumbai,Debit Card
ORD104641,2025-07-07,CUST1976,Meera Patil,Keyboard,Accessories,2,2200.0,4400.0,2800,1600.0,South,Kerala,Kochi,Debit Card
ORD104642,2025-01-24,CUST1180,Ananya Reddy,Desk,Furniture,2,12000.0,24000.0,18000,6000.0,South,Andhra Pradesh,Vijayawada,Debit Card
ORD104643,2025-02-05,CUST1973,Aditya Deshmukh,Smartphone,Electronics,5,32000.0,160000.0,135000,25000.0,West,Goa,Panaji,Credit Card
ORD104644,2025-12-12,CUST1384,Sahil Kulkarni,Keyboard,Accessories,4,2200.0,8800.0,5600,3200.0,West,Maharashtra,Nashik,Net Banking
ORD104645,2025-12-20,CUST1144,Karan Chaudhary,Smartphone,Electronics,1,32000.0,32000.0,27000,5000.0,West,Maharashtra,Mumbai,Debit Card
ORD104646,2025-12-19,CUST1166,Nisha Chaudhary,Tablet,Electronics,1,24000.0,24000.0,19500,4500.0,North,Haryana,Gurugram,UPI
ORD104647,2025-03-24,CUST1562,Rahul Patil,External SSD,Storage,2,8500.0,17000.0,12400,4600.0,West,Goa,Panaji,Net Banking
ORD104648,2025-04-16,CUST1763,Priya Gupta,Desk,Furniture,1,12000.0,12000.0,9000,3000.0,South,Andhra Pradesh,Vijayawada,UPI
ORD104649,2025-04-01,CUST1482,Pooja Sharma,Smartphone,Electronics,1,32000.0,32000.0,27000,5000.0,South,Kerala,Kochi,Cash on Delivery
ORD104650,2025-02-27,CUST1547,Ananya Shah,Monitor,Electronics,3,18000.0,54000.0,40500,13500.0,South,Kerala,Kochi,Cash on Delivery
ORD104651,2025-06-01,CUST1564,Ishaan Joshi,Mouse,Accessories,2,1140.0,2280.0,1400,880.0,East,Bihar,Patna,Credit Card
ORD104652,2025-01-28,CUST1305,Ananya Singh,Printer,Office Equipment,1,12500.0,12500.0,9800,2700.0,North,Delhi,New Delhi,Debit Card
ORD104653,2025-04-06,CUST1816,Vikram Chaudhary,Smartphone,Electronics,1,32000.0,32000.0,27000,5000.0,West,Goa,Panaji,Cash on Delivery
ORD104654,2025-11-17,CUST1449,Kavya Nair,External SSD,Storage,1,8500.0,8500.0,6200,2300.0,West,Goa,Panaji,UPI
ORD104655,2025-09-14,CUST1290,Sahil Gupta,Webcam,Accessories,1,2800.0,2800.0,1700,1100.0,West,Goa,Panaji,Cash on Delivery
ORD104656,2025-01-24,CUST1373,Sahil Iyer,Tablet,Electronics,3,24000.0,72000.0,58500,13500.0,West,Maharashtra,Mumbai,Debit Card
ORD104657,2025-01-04,CUST1385,Riya Joshi,Headphones,Accessories,4,3325.0,13300.0,8800,4500.0,East,Assam,Guwahati,Debit Card
ORD104658,2025-01-05,CUST1847,Vikram Mehta,Monitor,Electronics,1,18000.0,18000.0,13500,4500.0,North,Rajasthan,Jaipur,UPI
ORD104659,2025-06-10,CUST1406,Riya Nair,Webcam,Accessories,2,2800.0,5600.0,3400,2200.0,East,Assam,Guwahati,UPI
ORD104660,2025-03-30,CUST1345,Ishaan Gupta,Tablet,Electronics,2,25200.0,50400.0,39000,11400.0,North,Rajasthan,Jaipur,Cash on Delivery
ORD104661,2025-02-05,CUST1681,Arjun Gupta,Office Chair,Furniture,4,9500.0,38000.0,28000,10000.0,North,Uttar Pradesh,Noida,Cash on Delivery
ORD104662,2025-01-03,CUST1250,Diya Nair,Webcam,Accessories,1,2800.0,2800.0,1700,1100.0,North,Rajasthan,Jaipur,Debit Card
ORD104663,2025-01-23,CUST1707,Arjun Reddy,Laptop,Electronics,2,65000.0,130000.0,104000,26000.0,West,Gujarat,Surat,UPI
ORD104664,2025-10-19,CUST1046,Ananya Kulkarni,Printer,Office Equipment,1,11875.0,11875.0,9800,2075.0,West,Gujarat,Surat,Cash on Delivery
ORD104665,2025-07-29,CUST1206,Vikram Verma,Office Chair,Furniture,3,9500.0,28500.0,21000,7500.0,South,Telangana,Hyderabad,Debit Card
ORD104666,2025-05-04,CUST1806,Karan Sharma,Keyboard,Accessories,1,2200.0,2200.0,1400,800.0,West,Maharashtra,Nashik,Cash on Delivery
ORD104667,2025-06-18,CUST1460,Sneha Kulkarni,External SSD,Storage,2,8500.0,17000.0,12400,4600.0,West,Gujarat,Ahmedabad,UPI
ORD104668,2025-04-08,CUST1753,Kavya Sharma,Smartphone,Electronics,2,33600.0,67200.0,54000,13200.0,West,Gujarat,Surat,Credit Card
ORD104669,2025-05-20,CUST1947,Arjun Verma,Monitor,Electronics,2,18000.0,36000.0,27000,9000.0,South,Karnataka,Bengaluru,Net Banking
ORD104670,2025-07-04,CUST1257,Sneha Yadav,Tablet,Electronics,1,24000.0,24000.0,19500,4500.0,North,Rajasthan,Jaipur,Net Banking
ORD104671,2025-06-19,CUST1406,Sahil Iyer,Desk,Furniture,1,11400.0,11400.0,9000,2400.0,West,Goa,Panaji,Credit Card
ORD104672,2025-09-05,CUST1139,Diya Kulkarni,Mouse,Accessories,2,1200.0,2400.0,1400,1000.0,West,Maharashtra,Nashik,Cash on Delivery
ORD104673,2025-12-05,CUST1230,Ananya Patil,Smartphone,Electronics,1,32000.0,32000.0,27000,5000.0,East,Assam,Guwahati,Net Banking
ORD104674,2025-04-05,CUST1505,Tanvi Chaudhary,Keyboard,Accessories,1,2200.0,2200.0,1400,800.0,North,Rajasthan,Jaipur,Cash on Delivery
ORD104675,2025-12-11,CUST1738,Rahul Yadav,External SSD,Storage,3,8075.0,24225.0,18600,5625.0,West,Maharashtra,Pune,Cash on Delivery
ORD104676,2025-11-08,CUST1560,Nisha Singh,Office Chair,Furniture,3,9500.0,28500.0,21000,7500.0,North,Uttar Pradesh,Noida,Net Banking
ORD104677,2025-08-22,CUST1698,Kavya Joshi,Mouse,Accessories,2,1200.0,2400.0,1400,1000.0,South,Andhra Pradesh,Vijayawada,Cash on Delivery
ORD104678,2025-05-23,CUST1675,Diya Chaudhary,Smartphone,Electronics,2,32000.0,64000.0,54000,10000.0,North,Uttar Pradesh,Noida,Credit Card
ORD104679,2025-05-28,CUST1813,Aditya Reddy,Headphones,Accessories,1,3675.0,3675.0,2200,1475.0,North,Punjab,Ludhiana,Debit Card
ORD104680,2025-07-27,CUST1482,Arjun Joshi,Smartphone,Electronics,4,32000.0,128000.0,108000,20000.0,West,Goa,Panaji,Debit Card
ORD104681,2025-06-18,CUST1057,Aarav Yadav,Office Chair,Furniture,1,9500.0,9500.0,7000,2500.0,North,Punjab,Ludhiana,Net Banking
ORD104682,2025-12-14,CUST1758,Ananya Chaudhary,Mouse,Accessories,3,1200.0,3600.0,2100,1500.0,North,Punjab,Ludhiana,Credit Card
ORD104683,2025-03-25,CUST1796,Aditya Patil,Laptop,Electronics,1,68250.0,68250.0,52000,16250.0,South,Karnataka,Bengaluru,Credit Card
ORD104684,2025-02-26,CUST1361,Kavya Gupta,Desk,Furniture,2,12000.0,24000.0,18000,6000.0,West,Maharashtra,Nashik,Debit Card
ORD104685,2025-09-05,CUST1270,Meera Reddy,Office Chair,Furniture,1,9500.0,9500.0,7000,2500.0,East,West Bengal,Kolkata,Credit Card
ORD104686,2025-05-03,CUST1850,Nisha Reddy,Keyboard,Accessories,2,2200.0,4400.0,2800,1600.0,North,Rajasthan,Jaipur,Credit Card
ORD104687,2025-05-23,CUST1991,Rohan Patil,Mouse,Accessories,1,1200.0,1200.0,700,500.0,South,Andhra Pradesh,Vijayawada,Debit Card
ORD104688,2025-07-06,CUST1898,Riya Sharma,Tablet,Electronics,3,24000.0,72000.0,58500,13500.0,East,Jharkhand,Ranchi,UPI
ORD104689,2025-05-12,CUST1891,Sneha Gupta,Keyboard,Accessories,4,2200.0,8800.0,5600,3200.0,East,Assam,Guwahati,Net Banking
ORD104690,2025-05-20,CUST1106,Kavya Sharma,Webcam,Accessories,3,2660.0,7980.0,5100,2880.0,West,Gujarat,Surat,UPI
ORD104691,2025-11-21,CUST1977,Neha Yadav,Smartphone,Electronics,1,32000.0,32000.0,27000,5000.0,West,Goa,Panaji,Debit Card
ORD104692,2025-04-18,CUST1154,Vikram Patil,Printer,Office Equipment,2,13125.0,26250.0,19600,6650.0,South,Tamil Nadu,Chennai,Net Banking
ORD104693,2025-07-09,CUST1154,Riya Deshmukh,External SSD,Storage,2,8500.0,17000.0,12400,4600.0,West,Maharashtra,Nashik,Credit Card
ORD104694,2025-05-08,CUST1824,Ananya Iyer,Headphones,Accessories,4,3500.0,14000.0,8800,5200.0,West,Gujarat,Surat,Credit Card
ORD104695,2025-01-08,CUST1456,Arjun Shah,Headphones,Accessories,1,3500.0,3500.0,2200,1300.0,East,West Bengal,Kolkata,Net Banking
ORD104696,2025-03-22,CUST1167,Diya Nair,Webcam,Accessories,1,2800.0,2800.0,1700,1100.0,East,Bihar,Patna,Cash on Delivery
ORD104697,2025-11-24,CUST1083,Ananya Joshi,Smartphone,Electronics,2,32000.0,64000.0,54000,10000.0,South,Kerala,Kochi,Cash on Delivery
ORD104698,2025-09-28,CUST1464,Neha Iyer,Desk,Furniture,1,12000.0,12000.0,9000,3000.0,West,Goa,Panaji,Cash on Delivery
ORD104699,2025-01-27,CUST1726,Meera Joshi,Laptop,Electronics,1,68250.0,68250.0,52000,16250.0,West,Gujarat,Ahmedabad,Debit Card
ORD104700,2025-08-31,CUST1470,Sahil Chaudhary,Monitor,Electronics,4,18000.0,72000.0,54000,18000.0,East,Odisha,Bhubaneswar,UPI
ORD104701,2025-01-08,CUST1209,Nisha Verma,Keyboard,Accessories,2,2090.0,4180.0,2800,1380.0,East,Odisha,Bhubaneswar,Credit Card
ORD104702,2025-05-10,CUST1235,Riya Kulkarni,Smartphone,Electronics,2,32000.0,64000.0,54000,10000.0,North,Punjab,Ludhiana,Net Banking
ORD104703,2025-01-02,CUST1701,Karan Yadav,Printer,Office Equipment,4,12500.0,50000.0,39200,10800.0,West,Maharashtra,Mumbai,UPI
ORD104704,2025-12-31,CUST1824,Aditya Yadav,Mouse,Accessories,2,1260.0,2520.0,1400,1120.0,West,Maharashtra,Pune,Debit Card
ORD104705,2025-11-02,CUST1824,Neha Sharma,Monitor,Electronics,3,17100.0,51300.0,40500,10800.0,West,Maharashtra,Pune,Net Banking
ORD104706,2025-06-30,CUST1349,Diya Deshmukh,Keyboard,Accessories,1,2200.0,2200.0,1400,800.0,West,Goa,Panaji,Cash on Delivery
ORD104707,2025-07-06,CUST1768,Tanvi Reddy,External SSD,Storage,3,8500.0,25500.0,18600,6900.0,South,Tamil Nadu,Chennai,Debit Card
ORD104708,2025-02-17,CUST1120,Sahil Chaudhary,Tablet,Electronics,2,24000.0,48000.0,39000,9000.0,West,Maharashtra,Mumbai,Cash on Delivery
ORD104709,2025-01-28,CUST1853,Neha Iyer,Printer,Office Equipment,1,12500.0,12500.0,9800,2700.0,West,Gujarat,Ahmedabad,Cash on Delivery
ORD104710,2025-11-20,CUST1246,Neha Singh,Desk,Furniture,1,12000.0,12000.0,9000,3000.0,West,Gujarat,Surat,Net Banking
ORD104711,2025-12-04,CUST1650,Karan Sharma,Desk,Furniture,1,12000.0,12000.0,9000,3000.0,North,Haryana,Gurugram,UPI
ORD104712,2025-05-11,CUST1112,Arjun Chaudhary,Tablet,Electronics,1,24000.0,24000.0,19500,4500.0,North,Uttar Pradesh,Noida,Net Banking
ORD104713,2025-05-16,CUST1748,Priya Chaudhary,Webcam,Accessories,2,2800.0,5600.0,3400,2200.0,South,Kerala,Kochi,UPI
ORD104714,2025-07-05,CUST1180,Ananya Singh,Printer,Office Equipment,1,11875.0,11875.0,9800,2075.0,South,Karnataka,Bengaluru,Net Banking
ORD104715,2025-05-23,CUST1912,Ishaan Verma,Monitor,Electronics,1,18000.0,18000.0,13500,4500.0,West,Gujarat,Surat,UPI
ORD104716,2025-12-05,CUST1350,Kavya Sharma,Tablet,Electronics,1,24000.0,24000.0,19500,4500.0,West,Gujarat,Surat,Net Banking
ORD104717,2025-08-13,CUST1102,Riya Chaudhary,Laptop,Electronics,2,65000.0,130000.0,104000,26000.0,South,Tamil Nadu,Chennai,Debit Card
ORD104718,2025-05-19,CUST1972,Karan Joshi,Keyboard,Accessories,1,2200.0,2200.0,1400,800.0,West,Maharashtra,Mumbai,Credit Card
ORD104719,2025-07-15,CUST1584,Priya Yadav,Monitor,Electronics,2,18000.0,36000.0,27000,9000.0,West,Goa,Panaji,UPI
ORD104720,2025-09-27,CUST1081,Rohan Gupta,Desk,Furniture,1,12600.0,12600.0,9000,3600.0,North,Uttar Pradesh,Noida,Cash on Delivery
ORD104721,2025-01-23,CUST1768,Aditya Sharma,Office Chair,Furniture,2,9500.0,19000.0,14000,5000.0,South,Kerala,Kochi,UPI
ORD104722,2025-05-23,CUST1862,Kavya Verma,External SSD,Storage,3,8500.0,25500.0,18600,6900.0,South,Telangana,Hyderabad,UPI
ORD104723,2025-02-24,CUST1904,Rohan Kulkarni,Headphones,Accessories,3,3500.0,10500.0,6600,3900.0,North,Rajasthan,Jaipur,Net Banking
ORD104724,2025-06-09,CUST1500,Rohan Verma,Office Chair,Furniture,1,9500.0,9500.0,7000,2500.0,East,Odisha,Bhubaneswar,Debit Card
ORD104725,2025-06-15,CUST1436,Nisha Joshi,Office Chair,Furniture,1,9500.0,9500.0,7000,2500.0,West,Maharashtra,Pune,Credit Card
ORD104726,2025-04-12,CUST1226,Nisha Yadav,Mouse,Accessories,1,1140.0,1140.0,700,440.0,West,Goa,Panaji,Debit Card
ORD104727,2025-07-05,CUST1104,Nisha Patil,Tablet,Electronics,1,24000.0,24000.0,19500,4500.0,West,Maharashtra,Mumbai,Cash on Delivery
ORD104728,2025-05-09,CUST1295,Sahil Deshmukh,Mouse,Accessories,4,1200.0,4800.0,2800,2000.0,West,Maharashtra,Nashik,Net Banking
ORD104729,2025-02-04,CUST1832,Tanvi Yadav,Keyboard,Accessories,2,2200.0,4400.0,2800,1600.0,West,Goa,Panaji,Cash on Delivery
ORD104730,2025-07-09,CUST1694,Vikram Reddy,Webcam,Accessories,1,2940.0,2940.0,1700,1240.0,North,Punjab,Ludhiana,Debit Card
ORD104731,2025-09-30,CUST1884,Rahul Deshmukh,Desk,Furniture,2,12000.0,24000.0,18000,6000.0,East,Assam,Guwahati,Debit Card
ORD104732,2025-04-22,CUST1877,Nisha Deshmukh,External SSD,Storage,2,8925.0,17850.0,12400,5450.0,North,Uttar Pradesh,Noida,Cash on Delivery
ORD104733,2025-09-02,CUST1596,Sahil Shah,Mouse,Accessories,1,1200.0,1200.0,700,500.0,West,Maharashtra,Nashik,Net Banking
ORD104734,2025-03-19,CUST1926,Nisha Deshmukh,Mouse,Accessories,1,1200.0,1200.0,700,500.0,South,Telangana,Hyderabad,Cash on Delivery
ORD104735,2025-03-22,CUST1169,Priya Iyer,Printer,Office Equipment,4,12500.0,50000.0,39200,10800.0,North,Punjab,Ludhiana,Credit Card
ORD104736,2025-08-01,CUST1984,Arjun Joshi,Keyboard,Accessories,1,2200.0,2200.0,1400,800.0,East,Assam,Guwahati,Credit Card
ORD104737,2025-05-13,CUST1608,Neha Yadav,Office Chair,Furniture,1,9500.0,9500.0,7000,2500.0,South,Karnataka,Bengaluru,Debit Card
ORD104738,2025-06-16,CUST1591,Riya Nair,Desk,Furniture,3,12000.0,36000.0,27000,9000.0,West,Maharashtra,Nashik,Credit Card
ORD104739,2025-04-16,CUST1190,Ishaan Shah,Tablet,Electronics,2,24000.0,48000.0,39000,9000.0,South,Tamil Nadu,Chennai,Credit Card
ORD104740,2025-12-11,CUST1830,Rohan Yadav,Webcam,Accessories,4,2800.0,11200.0,6800,4400.0,North,Uttar Pradesh,Noida,Debit Card
ORD104741,2025-02-15,CUST1197,Aditya Patil,Webcam,Accessories,3,2800.0,8400.0,5100,3300.0,North,Delhi,New Delhi,Cash on Delivery
ORD104742,2025-10-29,CUST1578,Karan Joshi,External SSD,Storage,1,8500.0,8500.0,6200,2300.0,East,Odisha,Bhubaneswar,UPI
ORD104743,2025-10-19,CUST1096,Rahul Mehta,Smartphone,Electronics,1,32000.0,32000.0,27000,5000.0,South,Kerala,Kochi,UPI
ORD104744,2025-05-30,CUST1578,Sneha Verma,Desk,Furniture,1,12000.0,12000.0,9000,3000.0,East,Bihar,Patna,Net Banking
ORD104745,2025-01-16,CUST1270,Karan Verma,External SSD,Storage,2,8500.0,17000.0,12400,4600.0,South,Tamil Nadu,Chennai,UPI
ORD104746,2025-04-17,CUST1485,Neha Shah,External SSD,Storage,1,8075.0,8075.0,6200,1875.0,East,Jharkhand,Ranchi,Cash on Delivery
ORD104747,2025-01-05,CUST1220,Vikram Yadav,Headphones,Accessories,2,3325.0,6650.0,4400,2250.0,West,Maharashtra,Mumbai,Net Banking
ORD104748,2025-06-24,CUST1399,Aarav Gupta,Headphones,Accessories,2,3325.0,6650.0,4400,2250.0,West,Gujarat,Surat,UPI
ORD104749,2025-12-01,CUST1379,Ananya Yadav,Smartphone,Electronics,1,32000.0,32000.0,27000,5000.0,West,Gujarat,Surat,Net Banking
ORD104750,2025-11-17,CUST1607,Pooja Nair,Printer,Office Equipment,5,12500.0,62500.0,49000,13500.0,East,Jharkhand,Ranchi,Net Banking
ORD104751,2025-04-14,CUST1226,Sneha Kulkarni,Desk,Furniture,1,12000.0,12000.0,9000,3000.0,South,Tamil Nadu,Chennai,Debit Card
ORD104752,2025-01-11,CUST1849,Riya Patil,Monitor,Electronics,3,18000.0,54000.0,40500,13500.0,West,Gujarat,Surat,Net Banking
ORD104753,2025-10-20,CUST1514,Aditya Singh,Laptop,Electronics,2,68250.0,136500.0,104000,32500.0,North,Haryana,Gurugram,Net Banking
ORD104754,2025-03-18,CUST1461,Sahil Shah,Desk,Furniture,2,12000.0,24000.0,18000,6000.0,North,Delhi,New Delhi,UPI
ORD104755,2025-09-06,CUST1920,Priya Sharma,Headphones,Accessories,4,3500.0,14000.0,8800,5200.0,West,Gujarat,Surat,Cash on Delivery
ORD104756,2025-09-08,CUST1167,Meera Verma,Printer,Office Equipment,1,12500.0,12500.0,9800,2700.0,East,West Bengal,Kolkata,Credit Card
ORD104757,2025-02-13,CUST1426,Aarav Deshmukh,Printer,Office Equipment,1,12500.0,12500.0,9800,2700.0,North,Uttar Pradesh,Noida,Debit Card
ORD104758,2025-01-28,CUST1362,Nisha Chaudhary,Laptop,Electronics,1,65000.0,65000.0,52000,13000.0,South,Telangana,Hyderabad,Debit Card
ORD104759,2025-12-18,CUST1416,Karan Mehta,Tablet,Electronics,3,24000.0,72000.0,58500,13500.0,West,Maharashtra,Mumbai,Debit Card
ORD104760,2025-01-17,CUST1384,Meera Sharma,Laptop,Electronics,3,65000.0,195000.0,156000,39000.0,South,Tamil Nadu,Chennai,Credit Card
ORD104761,2025-09-01,CUST1483,Neha Mehta,Monitor,Electronics,1,18000.0,18000.0,13500,4500.0,West,Gujarat,Ahmedabad,Cash on Delivery
ORD104762,2025-03-19,CUST1694,Vikram Joshi,Headphones,Accessories,3,3675.0,11025.0,6600,4425.0,West,Gujarat,Surat,UPI
ORD104763,2025-04-12,CUST1947,Aarav Shah,Keyboard,Accessories,2,2090.0,4180.0,2800,1380.0,West,Maharashtra,Mumbai,Debit Card
ORD104764,2025-07-21,CUST1413,Sneha Yadav,External SSD,Storage,2,8500.0,17000.0,12400,4600.0,South,Andhra Pradesh,Vijayawada,Debit Card
ORD104765,2025-10-06,CUST1591,Ishaan Yadav,Desk,Furniture,3,12000.0,36000.0,27000,9000.0,West,Gujarat,Ahmedabad,Debit Card
ORD104766,2025-10-20,CUST1610,Neha Sharma,Webcam,Accessories,4,2800.0,11200.0,6800,4400.0,West,Gujarat,Ahmedabad,Cash on Delivery
ORD104767,2025-04-09,CUST1854,Meera Joshi,External SSD,Storage,2,8075.0,16150.0,12400,3750.0,South,Telangana,Hyderabad,Cash on Delivery
ORD104768,2025-12-28,CUST1538,Rahul Deshmukh,Printer,Office Equipment,2,11875.0,23750.0,19600,4150.0,East,Bihar,Patna,Credit Card
ORD104769,2025-03-26,CUST1334,Ananya Deshmukh,Tablet,Electronics,2,24000.0,48000.0,39000,9000.0,South,Telangana,Hyderabad,Credit Card
ORD104770,2025-05-31,CUST1329,Aditya Reddy,Mouse,Accessories,1,1140.0,1140.0,700,440.0,West,Gujarat,Surat,Net Banking
ORD104771,2025-04-23,CUST1045,Aditya Gupta,Keyboard,Accessories,1,2200.0,2200.0,1400,800.0,East,Jharkhand,Ranchi,UPI
ORD104772,2025-12-23,CUST1115,Riya Reddy,Keyboard,Accessories,2,2200.0,4400.0,2800,1600.0,East,Assam,Guwahati,Credit Card
ORD104773,2025-03-03,CUST1119,Rahul Yadav,Keyboard,Accessories,2,2200.0,4400.0,2800,1600.0,North,Haryana,Gurugram,Debit Card
ORD104774,2025-06-05,CUST1384,Sahil Yadav,Monitor,Electronics,3,18000.0,54000.0,40500,13500.0,West,Gujarat,Surat,Cash on Delivery
ORD104775,2025-09-08,CUST1804,Diya Joshi,Smartphone,Electronics,2,32000.0,64000.0,54000,10000.0,East,Jharkhand,Ranchi,Net Banking
ORD104776,2025-12-09,CUST1280,Ananya Mehta,Desk,Furniture,4,12000.0,48000.0,36000,12000.0,South,Telangana,Hyderabad,Debit Card
ORD104777,2025-07-04,CUST1913,Sahil Kulkarni,Mouse,Accessories,1,1200.0,1200.0,700,500.0,North,Uttar Pradesh,Noida,Net Banking
ORD104778,2025-05-10,CUST1171,Aditya Reddy,Tablet,Electronics,1,22800.0,22800.0,19500,3300.0,South,Telangana,Hyderabad,Net Banking
ORD104779,2025-09-05,CUST1875,Priya Shah,Webcam,Accessories,3,2660.0,7980.0,5100,2880.0,West,Gujarat,Surat,Cash on Delivery
ORD104780,2025-07-04,CUST1496,Meera Mehta,Headphones,Accessories,2,3500.0,7000.0,4400,2600.0,South,Tamil Nadu,Chennai,UPI
ORD104781,2025-11-11,CUST1290,Aditya Sharma,Monitor,Electronics,1,18000.0,18000.0,13500,4500.0,South,Kerala,Kochi,UPI
ORD104782,2025-09-24,CUST1365,Ishaan Nair,Smartphone,Electronics,1,32000.0,32000.0,27000,5000.0,North,Rajasthan,Jaipur,Debit Card
ORD104783,2025-06-12,CUST1703,Vikram Deshmukh,Headphones,Accessories,3,3500.0,10500.0,6600,3900.0,West,Maharashtra,Mumbai,Debit Card
ORD104784,2025-01-29,CUST1434,Sahil Mehta,Printer,Office Equipment,2,12500.0,25000.0,19600,5400.0,North,Uttar Pradesh,Noida,UPI
ORD104785,2025-04-30,CUST1277,Kavya Joshi,Office Chair,Furniture,1,9975.0,9975.0,7000,2975.0,South,Kerala,Kochi,UPI
ORD104786,2025-05-14,CUST1867,Rahul Reddy,Desk,Furniture,2,12000.0,24000.0,18000,6000.0,South,Kerala,Kochi,Cash on Delivery
ORD104787,2025-11-13,CUST1420,Pooja Joshi,Tablet,Electronics,4,24000.0,96000.0,78000,18000.0,North,Haryana,Gurugram,Debit Card
ORD104788,2025-10-09,CUST1978,Vikram Chaudhary,Webcam,Accessories,4,2800.0,11200.0,6800,4400.0,East,Odisha,Bhubaneswar,Net Banking
ORD104789,2025-04-21,CUST1110,Riya Patil,Tablet,Electronics,4,24000.0,96000.0,78000,18000.0,South,Kerala,Kochi,Net Banking
ORD104790,2025-11-09,CUST1794,Ananya Nair,Laptop,Electronics,4,61750.0,247000.0,208000,39000.0,West,Goa,Panaji,Net Banking
ORD104791,2025-03-20,CUST1884,Vikram Yadav,Headphones,Accessories,1,3500.0,3500.0,2200,1300.0,West,Gujarat,Ahmedabad,UPI
ORD104792,2025-03-11,CUST1510,Neha Sharma,Desk,Furniture,3,12000.0,36000.0,27000,9000.0,North,Rajasthan,Jaipur,Credit Card
ORD104793,2025-03-17,CUST1141,Ananya Deshmukh,Webcam,Accessories,1,2660.0,2660.0,1700,960.0,South,Andhra Pradesh,Vijayawada,Credit Card
ORD104794,2025-05-09,CUST1140,Neha Mehta,Monitor,Electronics,1,18000.0,18000.0,13500,4500.0,North,Delhi,New Delhi,Net Banking
ORD104795,2025-02-25,CUST1822,Arjun Nair,Headphones,Accessories,1,3500.0,3500.0,2200,1300.0,East,Assam,Guwahati,Credit Card
ORD104796,2025-04-25,CUST1190,Rohan Gupta,Headphones,Accessories,2,3325.0,6650.0,4400,2250.0,North,Uttar Pradesh,Noida,Debit Card
ORD104797,2025-08-19,CUST1511,Aditya Sharma,Webcam,Accessories,3,2800.0,8400.0,5100,3300.0,West,Gujarat,Surat,Net Banking
ORD104798,2025-12-02,CUST1433,Aditya Deshmukh,Monitor,Electronics,3,18000.0,54000.0,40500,13500.0,South,Tamil Nadu,Chennai,Debit Card
ORD104799,2025-12-02,CUST1838,Neha Deshmukh,Headphones,Accessories,1,3500.0,3500.0,2200,1300.0,South,Karnataka,Bengaluru,UPI
ORD104800,2025-06-17,CUST1264,Riya Kulkarni,Mouse,Accessories,1,1200.0,1200.0,700,500.0,East,Odisha,Bhubaneswar,UPI
ORD104801,2025-03-09,CUST1479,Ishaan Kulkarni,Mouse,Accessories,3,1200.0,3600.0,2100,1500.0,North,Punjab,Ludhiana,Cash on Delivery
ORD104802,2025-05-27,CUST1694,Ananya Sharma,Tablet,Electronics,3,24000.0,72000.0,58500,13500.0,South,Karnataka,Bengaluru,Debit Card
ORD104803,2025-12-01,CUST1383,Riya Kulkarni,Smartphone,Electronics,4,30400.0,121600.0,108000,13600.0,West,Gujarat,Surat,Credit Card
ORD104804,2025-08-07,CUST1006,Rahul Chaudhary,Webcam,Accessories,1,2800.0,2800.0,1700,1100.0,West,Gujarat,Surat,Net Banking
ORD104805,2025-04-19,CUST1686,Aarav Sharma,Laptop,Electronics,1,61750.0,61750.0,52000,9750.0,West,Maharashtra,Pune,Net Banking
ORD104806,2025-12-02,CUST1136,Vikram Singh,Desk,Furniture,1,12000.0,12000.0,9000,3000.0,South,Tamil Nadu,Chennai,Cash on Delivery
ORD104807,2025-07-31,CUST1196,Rahul Reddy,Desk,Furniture,1,12000.0,12000.0,9000,3000.0,West,Goa,Panaji,UPI
ORD104808,2025-03-22,CUST1676,Sneha Chaudhary,Smartphone,Electronics,2,32000.0,64000.0,54000,10000.0,West,Gujarat,Ahmedabad,Cash on Delivery
ORD104809,2025-03-24,CUST1608,Priya Gupta,Office Chair,Furniture,1,9500.0,9500.0,7000,2500.0,North,Punjab,Ludhiana,Net Banking
ORD104810,2025-07-23,CUST1480,Ananya Kulkarni,Office Chair,Furniture,2,9500.0,19000.0,14000,5000.0,East,Assam,Guwahati,Net Banking
ORD104811,2025-06-23,CUST1816,Arjun Iyer,Laptop,Electronics,1,65000.0,65000.0,52000,13000.0,West,Maharashtra,Nashik,Credit Card
ORD104812,2025-11-03,CUST1455,Rohan Mehta,External SSD,Storage,2,8925.0,17850.0,12400,5450.0,West,Maharashtra,Nashik,Credit Card
ORD104813,2025-06-14,CUST1097,Arjun Singh,Desk,Furniture,2,12000.0,24000.0,18000,6000.0,East,Odisha,Bhubaneswar,Credit Card
ORD104814,2025-10-29,CUST1098,Diya Joshi,Smartphone,Electronics,3,32000.0,96000.0,81000,15000.0,South,Kerala,Kochi,Cash on Delivery
ORD104815,2025-07-24,CUST1283,Rohan Deshmukh,Tablet,Electronics,2,24000.0,48000.0,39000,9000.0,South,Kerala,Kochi,Credit Card
ORD104816,2025-11-20,CUST1200,Aditya Joshi,Mouse,Accessories,3,1200.0,3600.0,2100,1500.0,North,Rajasthan,Jaipur,Debit Card
ORD104817,2025-07-20,CUST1336,Diya Chaudhary,Monitor,Electronics,4,18900.0,75600.0,54000,21600.0,West,Maharashtra,Nashik,Cash on Delivery
ORD104818,2025-06-19,CUST1353,Rahul Shah,Printer,Office Equipment,3,12500.0,37500.0,29400,8100.0,South,Telangana,Hyderabad,Debit Card
ORD104819,2025-07-17,CUST1124,Nisha Iyer,Desk,Furniture,2,12000.0,24000.0,18000,6000.0,West,Gujarat,Ahmedabad,Debit Card
ORD104820,2025-11-20,CUST1195,Tanvi Patil,Webcam,Accessories,2,2800.0,5600.0,3400,2200.0,South,Tamil Nadu,Chennai,Cash on Delivery
ORD104821,2025-11-01,CUST1965,Priya Kulkarni,Laptop,Electronics,3,65000.0,195000.0,156000,39000.0,North,Haryana,Gurugram,Credit Card
ORD104822,2025-01-05,CUST1013,Nisha Reddy,External SSD,Storage,2,8500.0,17000.0,12400,4600.0,West,Maharashtra,Mumbai,Cash on Delivery
ORD104823,2025-06-11,CUST1337,Ishaan Singh,Smartphone,Electronics,1,32000.0,32000.0,27000,5000.0,North,Rajasthan,Jaipur,Net Banking
ORD104824,2025-06-05,CUST1610,Pooja Chaudhary,Office Chair,Furniture,5,9500.0,47500.0,35000,12500.0,West,Gujarat,Surat,Credit Card
ORD104825,2025-09-25,CUST1264,Tanvi Gupta,Mouse,Accessories,1,1260.0,1260.0,700,560.0,West,Gujarat,Surat,UPI
ORD104826,2025-01-01,CUST1707,Diya Verma,Tablet,Electronics,1,24000.0,24000.0,19500,4500.0,West,Goa,Panaji,UPI
ORD104827,2025-02-07,CUST1269,Ananya Verma,Headphones,Accessories,3,3500.0,10500.0,6600,3900.0,East,West Bengal,Kolkata,Credit Card
ORD104828,2025-10-30,CUST1571,Nisha Iyer,Printer,Office Equipment,1,12500.0,12500.0,9800,2700.0,West,Gujarat,Ahmedabad,Net Banking
ORD104829,2025-02-13,CUST1833,Rahul Deshmukh,Printer,Office Equipment,5,11875.0,59375.0,49000,10375.0,North,Punjab,Ludhiana,Cash on Delivery
ORD104830,2025-07-22,CUST1403,Sahil Iyer,Headphones,Accessories,1,3500.0,3500.0,2200,1300.0,East,Assam,Guwahati,Credit Card
ORD104831,2025-08-19,CUST1176,Nisha Singh,External SSD,Storage,2,8075.0,16150.0,12400,3750.0,East,Jharkhand,Ranchi,Net Banking
ORD104832,2025-10-12,CUST1418,Rohan Verma,Office Chair,Furniture,3,9500.0,28500.0,21000,7500.0,West,Maharashtra,Nashik,Net Banking
ORD104833,2025-06-11,CUST1876,Priya Mehta,External SSD,Storage,2,8500.0,17000.0,12400,4600.0,West,Maharashtra,Mumbai,UPI
ORD104834,2025-09-14,CUST1800,Sahil Verma,Office Chair,Furniture,3,9500.0,28500.0,21000,7500.0,South,Telangana,Hyderabad,Credit Card
ORD104835,2025-02-12,CUST1304,Karan Mehta,Desk,Furniture,4,11400.0,45600.0,36000,9600.0,North,Delhi,New Delhi,Net Banking
ORD104836,2025-06-24,CUST1083,Aditya Mehta,Laptop,Electronics,2,65000.0,130000.0,104000,26000.0,West,Goa,Panaji,Debit Card
ORD104837,2025-03-22,CUST1115,Rohan Mehta,Smartphone,Electronics,1,32000.0,32000.0,27000,5000.0,East,Jharkhand,Ranchi,UPI
ORD104838,2025-09-30,CUST1502,Karan Nair,Webcam,Accessories,3,2800.0,8400.0,5100,3300.0,East,Jharkhand,Ranchi,Credit Card
ORD104839,2025-05-06,CUST1818,Pooja Gupta,Printer,Office Equipment,2,12500.0,25000.0,19600,5400.0,West,Maharashtra,Nashik,Debit Card
ORD104840,2025-01-26,CUST1469,Ananya Iyer,Smartphone,Electronics,1,32000.0,32000.0,27000,5000.0,South,Tamil Nadu,Chennai,UPI
ORD104841,2025-06-16,CUST1579,Priya Sharma,Keyboard,Accessories,3,2200.0,6600.0,4200,2400.0,North,Haryana,Gurugram,Debit Card
ORD104842,2025-08-28,CUST1111,Ishaan Patil,Webcam,Accessories,2,2940.0,5880.0,3400,2480.0,South,Karnataka,Bengaluru,Cash on Delivery
ORD104843,2025-08-15,CUST1251,Vikram Gupta,Monitor,Electronics,1,18000.0,18000.0,13500,4500.0,East,Assam,Guwahati,Credit Card
ORD104844,2025-11-23,CUST1562,Pooja Iyer,Laptop,Electronics,2,61750.0,123500.0,104000,19500.0,North,Punjab,Ludhiana,Cash on Delivery
ORD104845,2025-03-07,CUST1577,Ananya Joshi,Keyboard,Accessories,3,2310.0,6930.0,4200,2730.0,South,Andhra Pradesh,Vijayawada,UPI
ORD104846,2025-05-26,CUST1082,Diya Kulkarni,Office Chair,Furniture,5,9025.0,45125.0,35000,10125.0,West,Maharashtra,Nashik,Net Banking
ORD104847,2025-06-23,CUST1369,Aditya Reddy,Mouse,Accessories,2,1200.0,2400.0,1400,1000.0,South,Kerala,Kochi,UPI
ORD104848,2025-02-08,CUST1595,Rohan Nair,Office Chair,Furniture,2,9500.0,19000.0,14000,5000.0,North,Delhi,New Delhi,UPI
ORD104849,2025-05-29,CUST1986,Nisha Sharma,Laptop,Electronics,3,65000.0,195000.0,156000,39000.0,North,Rajasthan,Jaipur,Debit Card
ORD104850,2025-07-29,CUST1736,Arjun Nair,Printer,Office Equipment,1,13125.0,13125.0,9800,3325.0,East,West Bengal,Kolkata,Net Banking
ORD104851,2025-03-29,CUST1247,Karan Deshmukh,External SSD,Storage,4,8075.0,32300.0,24800,7500.0,East,Assam,Guwahati,Credit Card
ORD104852,2025-05-07,CUST1785,Kavya Sharma,Webcam,Accessories,1,2800.0,2800.0,1700,1100.0,North,Haryana,Gurugram,Credit Card
ORD104853,2025-05-02,CUST1972,Rohan Deshmukh,Laptop,Electronics,2,65000.0,130000.0,104000,26000.0,North,Haryana,Gurugram,Cash on Delivery
ORD104854,2025-05-12,CUST1961,Vikram Patil,Laptop,Electronics,1,65000.0,65000.0,52000,13000.0,North,Uttar Pradesh,Noida,UPI
ORD104855,2025-09-25,CUST1552,Neha Iyer,Monitor,Electronics,2,17100.0,34200.0,27000,7200.0,West,Goa,Panaji,UPI
ORD104856,2025-04-08,CUST1782,Ananya Yadav,Desk,Furniture,1,12000.0,12000.0,9000,3000.0,East,Assam,Guwahati,Credit Card
ORD104857,2025-02-09,CUST1809,Riya Sharma,Smartphone,Electronics,1,32000.0,32000.0,27000,5000.0,North,Haryana,Gurugram,Net Banking
ORD104858,2025-10-15,CUST1446,Diya Nair,Desk,Furniture,1,12000.0,12000.0,9000,3000.0,West,Gujarat,Surat,UPI
ORD104859,2025-12-18,CUST1277,Kavya Mehta,Office Chair,Furniture,1,9500.0,9500.0,7000,2500.0,West,Maharashtra,Mumbai,Credit Card
ORD104860,2025-10-02,CUST1179,Arjun Iyer,Tablet,Electronics,4,24000.0,96000.0,78000,18000.0,North,Uttar Pradesh,Noida,Cash on Delivery
ORD104861,2025-03-15,CUST1175,Rahul Reddy,External SSD,Storage,2,8075.0,16150.0,12400,3750.0,West,Goa,Panaji,Cash on Delivery
ORD104862,2025-07-31,CUST1371,Priya Nair,Monitor,Electronics,1,18000.0,18000.0,13500,4500.0,South,Tamil Nadu,Chennai,Net Banking
ORD104863,2025-09-13,CUST1147,Rahul Gupta,Printer,Office Equipment,2,12500.0,25000.0,19600,5400.0,North,Rajasthan,Jaipur,Net Banking
ORD104864,2025-09-26,CUST1351,Diya Singh,Smartphone,Electronics,2,32000.0,64000.0,54000,10000.0,East,Bihar,Patna,Debit Card
ORD104865,2025-01-23,CUST1124,Ananya Mehta,Keyboard,Accessories,2,2200.0,4400.0,2800,1600.0,South,Tamil Nadu,Chennai,UPI
ORD104866,2025-10-21,CUST1711,Nisha Gupta,Printer,Office Equipment,1,12500.0,12500.0,9800,2700.0,West,Maharashtra,Pune,Net Banking
ORD104867,2025-11-16,CUST1744,Vikram Gupta,Printer,Office Equipment,1,12500.0,12500.0,9800,2700.0,South,Telangana,Hyderabad,Credit Card
ORD104868,2025-06-25,CUST1581,Aarav Yadav,Desk,Furniture,4,12000.0,48000.0,36000,12000.0,West,Gujarat,Surat,Credit Card
ORD104869,2025-11-26,CUST1771,Sneha Kulkarni,Monitor,Electronics,1,18000.0,18000.0,13500,4500.0,South,Tamil Nadu,Chennai,Net Banking
ORD104870,2025-08-19,CUST1448,Aditya Patil,Smartphone,Electronics,2,32000.0,64000.0,54000,10000.0,North,Delhi,New Delhi,Net Banking
ORD104871,2025-09-29,CUST1104,Meera Chaudhary,Tablet,Electronics,1,24000.0,24000.0,19500,4500.0,West,Gujarat,Surat,Credit Card
ORD104872,2025-08-18,CUST1737,Aditya Singh,Printer,Office Equipment,1,12500.0,12500.0,9800,2700.0,West,Goa,Panaji,Credit Card
ORD104873,2025-12-08,CUST1917,Rohan Sharma,Keyboard,Accessories,3,2200.0,6600.0,4200,2400.0,East,Odisha,Bhubaneswar,Credit Card
ORD104874,2025-07-10,CUST1596,Karan Shah,Smartphone,Electronics,2,32000.0,64000.0,54000,10000.0,West,Maharashtra,Mumbai,Net Banking
ORD104875,2025-02-20,CUST1818,Priya Iyer,Laptop,Electronics,4,65000.0,260000.0,208000,52000.0,East,Jharkhand,Ranchi,UPI
ORD104876,2025-02-14,CUST1540,Tanvi Sharma,Headphones,Accessories,1,3500.0,3500.0,2200,1300.0,South,Karnataka,Bengaluru,UPI
ORD104877,2025-02-08,CUST1515,Riya Nair,Tablet,Electronics,1,24000.0,24000.0,19500,4500.0,West,Goa,Panaji,Cash on Delivery
ORD104878,2025-08-24,CUST1152,Aarav Verma,Printer,Office Equipment,1,11875.0,11875.0,9800,2075.0,South,Andhra Pradesh,Vijayawada,Credit Card
ORD104879,2025-03-25,CUST1337,Rohan Nair,Tablet,Electronics,3,24000.0,72000.0,58500,13500.0,North,Rajasthan,Jaipur,Net Banking
ORD104880,2025-07-02,CUST1031,Aditya Chaudhary,Printer,Office Equipment,1,12500.0,12500.0,9800,2700.0,South,Karnataka,Bengaluru,Debit Card
ORD104881,2025-09-14,CUST1814,Ananya Patil,Laptop,Electronics,3,65000.0,195000.0,156000,39000.0,West,Gujarat,Surat,Credit Card
ORD104882,2025-04-23,CUST1146,Aarav Verma,Monitor,Electronics,1,18000.0,18000.0,13500,4500.0,North,Rajasthan,Jaipur,UPI
ORD104883,2025-07-21,CUST1002,Ishaan Chaudhary,Headphones,Accessories,1,3500.0,3500.0,2200,1300.0,East,Jharkhand,Ranchi,Credit Card
ORD104884,2025-05-16,CUST1102,Aditya Reddy,Printer,Office Equipment,4,12500.0,50000.0,39200,10800.0,South,Telangana,Hyderabad,Debit Card
ORD104885,2025-01-20,CUST1768,Riya Joshi,Desk,Furniture,1,11400.0,11400.0,9000,2400.0,West,Gujarat,Surat,Net Banking
ORD104886,2025-06-01,CUST1967,Arjun Kulkarni,Headphones,Accessories,1,3500.0,3500.0,2200,1300.0,West,Gujarat,Ahmedabad,Net Banking
ORD104887,2025-02-22,CUST1009,Nisha Nair,Desk,Furniture,3,12000.0,36000.0,27000,9000.0,North,Uttar Pradesh,Noida,Net Banking
ORD104888,2025-09-04,CUST1140,Aditya Chaudhary,Keyboard,Accessories,1,2310.0,2310.0,1400,910.0,North,Rajasthan,Jaipur,Cash on Delivery
ORD104889,2025-06-26,CUST1132,Arjun Singh,Tablet,Electronics,2,24000.0,48000.0,39000,9000.0,South,Kerala,Kochi,Net Banking
ORD104890,2025-11-24,CUST1427,Aditya Patil,Monitor,Electronics,1,18000.0,18000.0,13500,4500.0,East,West Bengal,Kolkata,Credit Card
ORD104891,2025-05-18,CUST1403,Ishaan Gupta,Webcam,Accessories,2,2800.0,5600.0,3400,2200.0,East,West Bengal,Kolkata,Cash on Delivery
ORD104892,2025-05-08,CUST1358,Tanvi Verma,External SSD,Storage,1,8925.0,8925.0,6200,2725.0,West,Maharashtra,Mumbai,UPI
ORD104893,2025-01-26,CUST1152,Ananya Mehta,Laptop,Electronics,3,68250.0,204750.0,156000,48750.0,North,Haryana,Gurugram,Credit Card
ORD104894,2025-03-29,CUST1983,Rohan Verma,Desk,Furniture,2,12000.0,24000.0,18000,6000.0,East,Jharkhand,Ranchi,UPI
ORD104895,2025-03-14,CUST1020,Rohan Verma,Webcam,Accessories,3,2800.0,8400.0,5100,3300.0,West,Maharashtra,Mumbai,Debit Card
ORD104896,2025-08-23,CUST1112,Vikram Kulkarni,Office Chair,Furniture,1,9025.0,9025.0,7000,2025.0,South,Telangana,Hyderabad,Debit Card
ORD104897,2025-09-21,CUST1695,Kavya Gupta,Smartphone,Electronics,2,32000.0,64000.0,54000,10000.0,South,Telangana,Hyderabad,Debit Card
ORD104898,2025-05-27,CUST1644,Sahil Singh,Webcam,Accessories,1,2660.0,2660.0,1700,960.0,East,Odisha,Bhubaneswar,Cash on Delivery
ORD104899,2025-10-19,CUST1538,Aarav Gupta,Smartphone,Electronics,3,32000.0,96000.0,81000,15000.0,West,Maharashtra,Pune,Debit Card
ORD104900,2025-11-06,CUST1598,Kavya Patil,Printer,Office Equipment,1,11875.0,11875.0,9800,2075.0,South,Andhra Pradesh,Vijayawada,Debit Card
ORD104901,2025-09-19,CUST1603,Aditya Gupta,Mouse,Accessories,1,1200.0,1200.0,700,500.0,West,Goa,Panaji,Credit Card
ORD104902,2025-02-05,CUST1151,Ishaan Reddy,Desk,Furniture,3,12000.0,36000.0,27000,9000.0,North,Haryana,Gurugram,UPI
ORD104903,2025-03-29,CUST1149,Pooja Mehta,Laptop,Electronics,2,68250.0,136500.0,104000,32500.0,West,Maharashtra,Mumbai,Net Banking
ORD104904,2025-04-26,CUST1611,Vikram Verma,Laptop,Electronics,1,65000.0,65000.0,52000,13000.0,North,Delhi,New Delhi,Net Banking
ORD104905,2025-10-03,CUST1415,Aarav Kulkarni,External SSD,Storage,3,8925.0,26775.0,18600,8175.0,West,Maharashtra,Mumbai,Cash on Delivery
ORD104906,2025-12-06,CUST1159,Kavya Gupta,Laptop,Electronics,2,65000.0,130000.0,104000,26000.0,South,Tamil Nadu,Chennai,UPI
ORD104907,2025-11-04,CUST1702,Ananya Kulkarni,Laptop,Electronics,2,68250.0,136500.0,104000,32500.0,South,Andhra Pradesh,Vijayawada,Debit Card
ORD104908,2025-09-01,CUST1797,Sneha Nair,Monitor,Electronics,2,18000.0,36000.0,27000,9000.0,South,Kerala,Kochi,UPI
ORD104909,2025-10-04,CUST1786,Ananya Deshmukh,Tablet,Electronics,5,24000.0,120000.0,97500,22500.0,West,Goa,Panaji,Debit Card
ORD104910,2025-02-22,CUST1426,Rahul Verma,Headphones,Accessories,2,3500.0,7000.0,4400,2600.0,West,Goa,Panaji,Credit Card
ORD104911,2025-01-13,CUST1662,Karan Yadav,Office Chair,Furniture,1,9975.0,9975.0,7000,2975.0,North,Uttar Pradesh,Noida,UPI
ORD104912,2025-08-13,CUST1456,Arjun Deshmukh,Laptop,Electronics,2,65000.0,130000.0,104000,26000.0,West,Maharashtra,Nashik,UPI
ORD104913,2025-05-12,CUST1641,Ananya Yadav,Headphones,Accessories,1,3500.0,3500.0,2200,1300.0,South,Karnataka,Bengaluru,UPI
ORD104914,2025-03-14,CUST1544,Arjun Gupta,Headphones,Accessories,3,3500.0,10500.0,6600,3900.0,West,Maharashtra,Mumbai,Credit Card
ORD104915,2025-03-30,CUST1485,Vikram Mehta,Office Chair,Furniture,1,9500.0,9500.0,7000,2500.0,South,Andhra Pradesh,Vijayawada,Cash on Delivery
ORD104916,2025-09-14,CUST1835,Rohan Iyer,Headphones,Accessories,2,3500.0,7000.0,4400,2600.0,South,Karnataka,Bengaluru,Net Banking
ORD104917,2025-05-27,CUST1701,Ananya Reddy,Printer,Office Equipment,1,12500.0,12500.0,9800,2700.0,South,Telangana,Hyderabad,Net Banking
ORD104918,2025-02-20,CUST1590,Karan Mehta,Office Chair,Furniture,1,9500.0,9500.0,7000,2500.0,East,Odisha,Bhubaneswar,Net Banking
ORD104919,2025-05-19,CUST1116,Rahul Reddy,Mouse,Accessories,1,1200.0,1200.0,700,500.0,South,Tamil Nadu,Chennai,Debit Card
ORD104920,2025-10-27,CUST1675,Tanvi Singh,Tablet,Electronics,1,24000.0,24000.0,19500,4500.0,West,Maharashtra,Pune,Net Banking
ORD104921,2025-01-05,CUST1671,Sneha Singh,Printer,Office Equipment,1,12500.0,12500.0,9800,2700.0,West,Maharashtra,Mumbai,Debit Card
ORD104922,2025-06-17,CUST1769,Riya Patil,Tablet,Electronics,3,25200.0,75600.0,58500,17100.0,East,West Bengal,Kolkata,Credit Card
ORD104923,2025-04-29,CUST1535,Tanvi Shah,Keyboard,Accessories,4,2200.0,8800.0,5600,3200.0,North,Haryana,Gurugram,Credit Card
ORD104924,2025-09-27,CUST1537,Sneha Iyer,Headphones,Accessories,1,3500.0,3500.0,2200,1300.0,South,Andhra Pradesh,Vijayawada,UPI
ORD104925,2025-02-14,CUST1795,Karan Sharma,Printer,Office Equipment,4,12500.0,50000.0,39200,10800.0,East,West Bengal,Kolkata,Net Banking
ORD104926,2025-10-16,CUST1935,Priya Singh,Tablet,Electronics,2,24000.0,48000.0,39000,9000.0,North,Delhi,New Delhi,Cash on Delivery
ORD104927,2025-12-16,CUST1929,Ananya Mehta,Office Chair,Furniture,4,9975.0,39900.0,28000,11900.0,West,Maharashtra,Nashik,Cash on Delivery
ORD104928,2025-11-14,CUST1178,Sneha Shah,Keyboard,Accessories,1,2200.0,2200.0,1400,800.0,West,Gujarat,Ahmedabad,Credit Card
ORD104929,2025-11-21,CUST1017,Aarav Shah,Headphones,Accessories,2,3500.0,7000.0,4400,2600.0,West,Goa,Panaji,Net Banking
ORD104930,2025-01-10,CUST1546,Tanvi Nair,Mouse,Accessories,2,1200.0,2400.0,1400,1000.0,South,Kerala,Kochi,Net Banking
ORD104931,2025-07-31,CUST1082,Tanvi Singh,Tablet,Electronics,1,24000.0,24000.0,19500,4500.0,West,Gujarat,Surat,Net Banking
ORD104932,2025-12-11,CUST1985,Sahil Verma,Tablet,Electronics,3,22800.0,68400.0,58500,9900.0,West,Gujarat,Ahmedabad,Net Banking
ORD104933,2025-07-13,CUST1800,Rohan Gupta,Keyboard,Accessories,4,2090.0,8360.0,5600,2760.0,North,Uttar Pradesh,Noida,Net Banking
ORD104934,2025-02-01,CUST1083,Ishaan Reddy,Desk,Furniture,2,12000.0,24000.0,18000,6000.0,South,Andhra Pradesh,Vijayawada,UPI
ORD104935,2025-12-10,CUST1548,Ishaan Nair,Printer,Office Equipment,1,12500.0,12500.0,9800,2700.0,West,Maharashtra,Pune,UPI
ORD104936,2025-11-04,CUST1450,Priya Shah,External SSD,Storage,1,8075.0,8075.0,6200,1875.0,North,Rajasthan,Jaipur,UPI
ORD104937,2025-02-01,CUST1931,Diya Gupta,Headphones,Accessories,1,3500.0,3500.0,2200,1300.0,West,Gujarat,Surat,Debit Card
ORD104938,2025-05-29,CUST1294,Priya Nair,Laptop,Electronics,2,61750.0,123500.0,104000,19500.0,South,Telangana,Hyderabad,Cash on Delivery
ORD104939,2025-07-15,CUST1789,Sahil Chaudhary,Tablet,Electronics,3,24000.0,72000.0,58500,13500.0,South,Andhra Pradesh,Vijayawada,Cash on Delivery
ORD104940,2025-05-04,CUST1555,Rohan Patil,Monitor,Electronics,1,18000.0,18000.0,13500,4500.0,West,Gujarat,Surat,Net Banking
ORD104941,2025-04-09,CUST1472,Vikram Verma,Keyboard,Accessories,1,2200.0,2200.0,1400,800.0,North,Uttar Pradesh,Noida,Credit Card
ORD104942,2025-11-24,CUST1400,Arjun Patil,Printer,Office Equipment,1,12500.0,12500.0,9800,2700.0,West,Maharashtra,Nashik,Credit Card
ORD104943,2025-11-06,CUST1988,Ananya Kulkarni,Laptop,Electronics,2,65000.0,130000.0,104000,26000.0,East,West Bengal,Kolkata,Credit Card
ORD104944,2025-10-07,CUST1420,Rahul Singh,External SSD,Storage,2,8500.0,17000.0,12400,4600.0,North,Uttar Pradesh,Noida,UPI
ORD104945,2025-08-19,CUST1086,Ishaan Shah,Headphones,Accessories,4,3325.0,13300.0,8800,4500.0,West,Maharashtra,Nashik,Debit Card
ORD104946,2025-11-05,CUST1160,Aarav Joshi,Webcam,Accessories,2,2940.0,5880.0,3400,2480.0,North,Punjab,Ludhiana,UPI
ORD104947,2025-08-24,CUST1786,Tanvi Joshi,Printer,Office Equipment,1,12500.0,12500.0,9800,2700.0,South,Tamil Nadu,Chennai,Debit Card
ORD104948,2025-09-06,CUST1279,Aditya Nair,External SSD,Storage,1,8500.0,8500.0,6200,2300.0,West,Goa,Panaji,UPI
ORD104949,2025-05-29,CUST1117,Priya Nair,Mouse,Accessories,2,1200.0,2400.0,1400,1000.0,East,Bihar,Patna,Cash on Delivery
ORD104950,2025-01-01,CUST1977,Karan Yadav,External SSD,Storage,2,8500.0,17000.0,12400,4600.0,South,Tamil Nadu,Chennai,Debit Card
ORD104951,2025-05-20,CUST1244,Arjun Gupta,Printer,Office Equipment,2,12500.0,25000.0,19600,5400.0,North,Haryana,Gurugram,UPI
ORD104952,2025-01-13,CUST1523,Tanvi Verma,Headphones,Accessories,5,3500.0,17500.0,11000,6500.0,West,Gujarat,Ahmedabad,UPI
ORD104953,2025-07-09,CUST1927,Kavya Shah,Monitor,Electronics,1,18000.0,18000.0,13500,4500.0,South,Kerala,Kochi,Net Banking
ORD104954,2025-03-11,CUST1170,Karan Nair,Printer,Office Equipment,4,13125.0,52500.0,39200,13300.0,West,Maharashtra,Pune,Credit Card
ORD104955,2025-06-22,CUST1476,Aditya Verma,External SSD,Storage,1,8500.0,8500.0,6200,2300.0,West,Gujarat,Ahmedabad,Net Banking
ORD104956,2025-01-27,CUST1280,Aarav Nair,Printer,Office Equipment,1,12500.0,12500.0,9800,2700.0,West,Gujarat,Surat,UPI
ORD104957,2025-10-12,CUST1748,Diya Nair,Tablet,Electronics,1,24000.0,24000.0,19500,4500.0,North,Uttar Pradesh,Noida,Cash on Delivery
ORD104958,2025-07-28,CUST1931,Priya Patil,Desk,Furniture,2,12000.0,24000.0,18000,6000.0,North,Haryana,Gurugram,Credit Card
ORD104959,2025-12-19,CUST1400,Kavya Verma,Office Chair,Furniture,2,9025.0,18050.0,14000,4050.0,West,Maharashtra,Pune,Net Banking
ORD104960,2025-03-10,CUST1675,Riya Mehta,Office Chair,Furniture,4,9500.0,38000.0,28000,10000.0,North,Punjab,Ludhiana,Net Banking
ORD104961,2025-01-14,CUST1478,Sahil Gupta,Laptop,Electronics,1,61750.0,61750.0,52000,9750.0,West,Gujarat,Ahmedabad,Credit Card
ORD104962,2025-01-12,CUST1542,Karan Shah,Smartphone,Electronics,2,32000.0,64000.0,54000,10000.0,West,Maharashtra,Mumbai,Cash on Delivery
ORD104963,2025-06-07,CUST1175,Neha Reddy,Desk,Furniture,2,12600.0,25200.0,18000,7200.0,South,Karnataka,Bengaluru,Credit Card
ORD104964,2025-05-29,CUST1333,Sneha Patil,Laptop,Electronics,2,68250.0,136500.0,104000,32500.0,South,Karnataka,Bengaluru,Cash on Delivery
ORD104965,2025-03-18,CUST1729,Priya Iyer,External SSD,Storage,2,8075.0,16150.0,12400,3750.0,East,Odisha,Bhubaneswar,Debit Card
ORD104966,2025-10-04,CUST1489,Karan Gupta,Tablet,Electronics,1,24000.0,24000.0,19500,4500.0,North,Rajasthan,Jaipur,Net Banking
ORD104967,2025-06-13,CUST1500,Karan Iyer,Desk,Furniture,1,12000.0,12000.0,9000,3000.0,North,Delhi,New Delhi,UPI
ORD104968,2025-08-21,CUST1756,Rahul Deshmukh,Headphones,Accessories,2,3500.0,7000.0,4400,2600.0,South,Karnataka,Bengaluru,Cash on Delivery
ORD104969,2025-04-29,CUST1884,Diya Chaudhary,Laptop,Electronics,1,68250.0,68250.0,52000,16250.0,South,Karnataka,Bengaluru,Debit Card
ORD104970,2025-01-03,CUST1860,Kavya Deshmukh,Keyboard,Accessories,1,2310.0,2310.0,1400,910.0,North,Haryana,Gurugram,Cash on Delivery
ORD104971,2025-09-09,CUST1664,Arjun Nair,Laptop,Electronics,2,68250.0,136500.0,104000,32500.0,South,Kerala,Kochi,Credit Card
ORD104972,2025-06-20,CUST1407,Sneha Joshi,Monitor,Electronics,2,18000.0,36000.0,27000,9000.0,West,Maharashtra,Nashik,Net Banking
ORD104973,2025-04-15,CUST1681,Arjun Gupta,Monitor,Electronics,5,18000.0,90000.0,67500,22500.0,South,Andhra Pradesh,Vijayawada,Debit Card
ORD104974,2025-08-25,CUST1979,Karan Sharma,Office Chair,Furniture,1,9500.0,9500.0,7000,2500.0,West,Maharashtra,Pune,Debit Card
ORD104975,2025-10-15,CUST1492,Neha Singh,Office Chair,Furniture,1,9500.0,9500.0,7000,2500.0,South,Kerala,Kochi,UPI
ORD104976,2025-12-04,CUST1120,Sneha Mehta,External SSD,Storage,4,8925.0,35700.0,24800,10900.0,South,Telangana,Hyderabad,Credit Card
ORD104977,2025-02-23,CUST1904,Rohan Kulkarni,Tablet,Electronics,1,24000.0,24000.0,19500,4500.0,South,Telangana,Hyderabad,UPI
ORD104978,2025-09-21,CUST1334,Diya Nair,Smartphone,Electronics,2,32000.0,64000.0,54000,10000.0,South,Karnataka,Bengaluru,Net Banking
ORD104979,2025-02-11,CUST1323,Tanvi Reddy,Monitor,Electronics,2,18000.0,36000.0,27000,9000.0,West,Goa,Panaji,UPI
ORD104980,2025-11-05,CUST1713,Ananya Gupta,Headphones,Accessories,1,3675.0,3675.0,2200,1475.0,West,Gujarat,Ahmedabad,Net Banking
ORD104981,2025-09-05,CUST1319,Meera Sharma,Laptop,Electronics,2,65000.0,130000.0,104000,26000.0,North,Rajasthan,Jaipur,Credit Card
ORD104982,2025-05-10,CUST1292,Nisha Mehta,Printer,Office Equipment,1,12500.0,12500.0,9800,2700.0,West,Goa,Panaji,Net Banking
ORD104983,2025-12-04,CUST1068,Ananya Yadav,Printer,Office Equipment,3,12500.0,37500.0,29400,8100.0,South,Andhra Pradesh,Vijayawada,Debit Card
ORD104984,2025-05-03,CUST1324,Nisha Nair,External SSD,Storage,3,8500.0,25500.0,18600,6900.0,North,Delhi,New Delhi,UPI
ORD104985,2025-05-05,CUST1483,Diya Verma,Laptop,Electronics,1,65000.0,65000.0,52000,13000.0,North,Delhi,New Delhi,Debit Card
ORD104986,2025-11-19,CUST1291,Nisha Nair,External SSD,Storage,2,8500.0,17000.0,12400,4600.0,North,Delhi,New Delhi,Credit Card
ORD104987,2025-09-16,CUST1172,Rahul Shah,Printer,Office Equipment,4,12500.0,50000.0,39200,10800.0,South,Karnataka,Bengaluru,Cash on Delivery
ORD104988,2025-12-08,CUST1697,Sahil Yadav,Tablet,Electronics,1,24000.0,24000.0,19500,4500.0,North,Rajasthan,Jaipur,Net Banking
ORD104989,2025-11-09,CUST1337,Neha Nair,Headphones,Accessories,1,3500.0,3500.0,2200,1300.0,North,Haryana,Gurugram,Credit Card
ORD104990,2025-01-22,CUST1728,Rohan Gupta,Laptop,Electronics,3,61750.0,185250.0,156000,29250.0,North,Rajasthan,Jaipur,Net Banking
ORD104991,2025-12-08,CUST1319,Riya Verma,Headphones,Accessories,2,3500.0,7000.0,4400,2600.0,South,Telangana,Hyderabad,Debit Card
ORD104992,2025-01-17,CUST1977,Sahil Mehta,Monitor,Electronics,3,18000.0,54000.0,40500,13500.0,North,Delhi,New Delhi,Credit Card
ORD104993,2025-04-07,CUST1114,Pooja Gupta,Office Chair,Furniture,4,9500.0,38000.0,28000,10000.0,West,Maharashtra,Nashik,Credit Card
ORD104994,2025-08-23,CUST1879,Ananya Singh,Monitor,Electronics,1,18000.0,18000.0,13500,4500.0,West,Maharashtra,Mumbai,UPI
ORD104995,2025-08-21,CUST1705,Aarav Chaudhary,Office Chair,Furniture,1,9975.0,9975.0,7000,2975.0,West,Goa,Panaji,Debit Card
ORD104996,2025-03-21,CUST1503,Rohan Gupta,External SSD,Storage,3,8075.0,24225.0,18600,5625.0,North,Haryana,Gurugram,Net Banking
ORD104997,2025-04-07,CUST1346,Aditya Kulkarni,Desk,Furniture,1,12000.0,12000.0,9000,3000.0,West,Gujarat,Ahmedabad,Cash on Delivery
ORD104998,2025-03-31,CUST1135,Aditya Kulkarni,Smartphone,Electronics,3,32000.0,96000.0,81000,15000.0,North,Uttar Pradesh,Noida,Net Banking
ORD104999,2025-07-15,CUST1017,Riya Reddy,Laptop,Electronics,1,65000.0,65000.0,52000,13000.0,South,Karnataka,Bengaluru,Credit Card
ORD105000,2025-05-22,CUST1610,Karan Nair,Keyboard,Accessories,2,2200.0,4400.0,2800,1600.0,North,Delhi,New Delhi,Debit Card
